customer_id,customer_name,gender,age,city,state,signup_date,customer_segment,marketing_opt_in
100001,Ajay Gupta,Female,29,Bengaluru,Karnataka,09-05-2024,Regular,Yes
100002,Ajay Das,Male,34,Trichy,Tamil Nadu,21-08-2022,Premium,Yes
100003,Meena Reddy,Male,59,Coimbatore,Tamil Nadu,29-08-2023,Premium,Yes
100004,Divya Menon,Male,22,Pune,Maharashtra,20-09-2025,Premium,Yes
100005,Priya Sharma,Male,23,Pune,Maharashtra,31-10-2024,Premium,Yes
100006,Ananya Menon,Female,32,Salem,Tamil Nadu,07-08-2026,Regular,Yes
100007,Pooja Das,Male,46,Bengaluru,Karnataka,11-08-2025,Regular,Yes
100008,Ravi Sharma,Female,56,Madurai,Tamil Nadu,05-09-2023,VIP,Yes
100009,Vikram Sharma,Female,45,Hyderabad,Telangana,27-07-2025,Regular,No
100010,Swathi Menon,Male,41,Bengaluru,Karnataka,11-01-2026,Premium,No
100011,Divya Patel,Male,59,Kolkata,West Bengal,08-12-2024,Regular,Yes
100012,Vikram Pillai,Female,26,Tirunelveli,Tamil Nadu,20-07-2025,Premium,Yes
100013,Meena Menon,Female,61,Madurai,Tamil Nadu,05-05-2024,Premium,Yes
100014,Suresh Krishnan,Male,33,Trichy,Tamil Nadu,30-03-2026,Regular,No
100015,Ravi Reddy,Female,31,Madurai,Tamil Nadu,08-02-2023,Premium,No
100016,Harini Krishnan,Female,63,Trichy,Tamil Nadu,23-12-2023,Regular,Yes
100017,Swathi Joshi,Female,49,Kolkata,West Bengal,08-03-2023,Regular,No
100018,Karthik Sharma,Male,38,Bengaluru,Karnataka,22-06-2022,Premium,No
100019,Keerthi Patel,Female,33,Salem,Tamil Nadu,13-11-2024,Regular,No
100020,Suresh Reddy,Female,39,Pune,Maharashtra,21-07-2022,Regular,No
100021,Ananya Singh,Male,55,Kolkata,West Bengal,20-01-2023,Premium,Yes
100022,Ananya Menon,Other,25,Delhi,Delhi,21-07-2025,VIP,No
100023,Keerthi Nair,Female,26,Hyderabad,Telangana,14-02-2023,Regular,No
100024,Rahul Rao,Male,32,Tirunelveli,Tamil Nadu,07-01-2026,Premium,No
100025,Sneha Patel,Female,41,Trichy,Tamil Nadu,25-03-2022,Regular,No
100026,Suresh Sharma,Female,57,Coimbatore,Tamil Nadu,16-02-2024,Regular,No
100027,Ananya Reddy,Female,28,Delhi,Delhi,25-04-2022,Premium,No
100028,Dinesh Pillai,Female,55,Trichy,Tamil Nadu,12-04-2022,Regular,Yes
100029,Arun Das,Male,61,Kolkata,West Bengal,06-09-2025,Premium,Yes
100030,Ajay Singh,Male,38,Pune,Maharashtra,24-04-2022,Premium,Yes
100031,Meena Gupta,Male,64,Pune,Maharashtra,25-02-2026,VIP,No
100032,Ananya Kumar,Female,60,Hyderabad,Telangana,14-10-2024,Premium,Yes
100033,Ananya Reddy,Male,56,Bengaluru,Karnataka,31-03-2024,Regular,Yes
100034,Ananya Reddy,Female,36,Kolkata,West Bengal,11-04-2026,Premium,No
100035,Rahul Joshi,Male,32,Salem,Tamil Nadu,22-10-2023,Regular,Yes
100036,Rahul Krishnan,Male,59,Chennai,Tamil Nadu,11-11-2023,Regular,Yes
100037,Naveen Das,Female,39,Salem,Tamil Nadu,28-11-2023,Regular,No
100038,Santhosh Kumar,Female,19,Trichy,Tamil Nadu,11-01-2025,Premium,Yes
100039,Vikram Iyer,Male,52,Mumbai,Maharashtra,11-12-2025,Regular,Yes
100040,Keerthi Das,Male,34,Coimbatore,Tamil Nadu,10-07-2024,Regular,No
100041,Harini Singh,Male,62,Bengaluru,Karnataka,23-04-2023,Regular,No
100042,Karthik Pillai,Male,59,Trichy,Tamil Nadu,21-02-2026,Regular,Yes
100043,Pooja Menon,Male,23,Madurai,Tamil Nadu,15-10-2024,Premium,Yes
100044,Suresh Nair,Female,61,Delhi,Delhi,16-11-2025,Regular,Yes
100045,Ananya Menon,Male,63,Chennai,Tamil Nadu,05-01-2024,Premium,No
100046,Karthik Joshi,Male,54,Tirunelveli,Tamil Nadu,05-12-2022,Premium,Yes
100047,Sneha Nair,Male,31,Pune,Maharashtra,25-05-2026,Regular,Yes
100048,Vikram Das,Male,50,Salem,Tamil Nadu,25-02-2025,Regular,No
100049,Pooja Pillai,Other,59,Madurai,Tamil Nadu,08-06-2023,Regular,No
100050,Swathi Reddy,Male,57,Trichy,Tamil Nadu,11-12-2025,Regular,Yes
100051,Karthik Pillai,Male,38,Trichy,Tamil Nadu,16-01-2022,Regular,Yes
100052,Meena Sharma,Female,51,Hyderabad,Telangana,01-05-2026,Regular,No
100053,Dinesh Krishnan,Female,36,Delhi,Delhi,10-09-2024,Premium,Yes
100054,Arun Menon,Female,30,Pune,Maharashtra,29-09-2024,Regular,No
100055,Ajay Das,Female,50,Pune,Maharashtra,23-01-2022,Regular,Yes
100056,Harini Nair,Female,40,Chennai,Tamil Nadu,27-10-2022,Regular,Yes
100057,Meena Das,Female,28,Kolkata,West Bengal,10-05-2025,Premium,Yes
100058,Sneha Iyer,Other,49,Bengaluru,Karnataka,06-08-2024,Regular,Yes
100059,Dinesh Reddy,Male,33,Madurai,Tamil Nadu,06-08-2022,Premium,No
100060,Ravi Reddy,Female,46,Madurai,Tamil Nadu,05-02-2025,Regular,No
100061,Karthik Das,Female,35,Tirunelveli,Tamil Nadu,22-06-2025,VIP,No
100062,Dinesh Nair,Female,60,Madurai,Tamil Nadu,09-04-2023,Regular,No
100063,Rahul Reddy,Male,58,Delhi,Delhi,17-03-2025,Regular,Yes
100064,Sneha Pillai,Female,40,Tirunelveli,Tamil Nadu,13-07-2026,Regular,No
100065,Vikram Singh,Male,52,Delhi,Delhi,31-03-2024,Regular,No
100066,Priya Nair,Female,26,Mumbai,Maharashtra,25-01-2023,Premium,Yes
100067,Santhosh Singh,Male,65,Salem,Tamil Nadu,24-06-2026,Regular,No
100068,Pooja Iyer,Female,28,Delhi,Delhi,30-03-2026,Regular,No
100069,Rahul Menon,Female,59,Chennai,Tamil Nadu,16-02-2024,Regular,
100070,Priya Nair,Male,58,Pune,Maharashtra,24-12-2023,Regular,Yes
100071,Vikram Kumar,Male,26,Trichy,Tamil Nadu,18-11-2025,Premium,Yes
100072,Ravi Joshi,Male,18,Hyderabad,Telangana,01-01-2022,Regular,No
100073,Priya Gupta,Female,53,Pune,Maharashtra,15-06-2023,Premium,No
100074,Ravi Menon,Female,59,Bengaluru,Karnataka,12-07-2024,Premium,No
100075,Priya Pillai,Female,52,Madurai,Tamil Nadu,16-01-2025,Regular,No
100076,Arun Pillai,Male,20,Pune,Maharashtra,04-12-2024,Regular,Yes
100077,Pooja Patel,Female,48,Mumbai,Maharashtra,22-09-2023,Regular,No
100078,Arun Das,Female,36,Hyderabad,Telangana,17-01-2026,Regular,Yes
100079,Priya Das,Male,61,Kolkata,West Bengal,09-01-2025,Premium,No
100080,Swathi Reddy,Male,56,Madurai,Tamil Nadu,07-07-2024,Regular,Yes
100081,Karthik Reddy,Male,56,Tirunelveli,Tamil Nadu,15-05-2026,Regular,Yes
100082,Karthik Sharma,Male,37,Pune,Maharashtra,10-06-2022,Premium,Yes
100083,Karthik Krishnan,Male,33,Bengaluru,Karnataka,21-04-2025,Regular,Yes
100084,Vikram Menon,Male,57,Trichy,Tamil Nadu,25-04-2026,Premium,Yes
100085,Dinesh Menon,Male,23,Coimbatore,Tamil Nadu,30-01-2025,Premium,Yes
100086,Ravi Patel,Male,22,Madurai,Tamil Nadu,19-08-2024,Regular,No
100087,Santhosh Iyer,Male,20,Bengaluru,Karnataka,12-09-2023,Regular,No
100088,Meena Nair,Female,42,Mumbai,Maharashtra,07-04-2023,Regular,Yes
100089,Naveen Rao,Female,21,Trichy,Tamil Nadu,17-07-2024,VIP,Yes
100090,Swathi Pillai,Male,45,Trichy,Tamil Nadu,09-03-2026,Regular,Yes
100091,Ananya Pillai,Female,26,Pune,Maharashtra,25-02-2024,Premium,No
100092,Sneha Pillai,Female,60,Trichy,Tamil Nadu,25-07-2022,VIP,Yes
100093,Sneha Gupta,Male,38,Salem,Tamil Nadu,02-04-2024,Regular,No
100094,Ananya Joshi,Male,22,Delhi,Delhi,15-06-2022,Premium,Yes
100095,Rahul Nair,Male,51,Salem,Tamil Nadu,11-05-2026,Regular,Yes
100096,Santhosh Kumar,Female,34,Mumbai,Maharashtra,28-06-2024,Regular,No
100097,Divya Sharma,Male,30,Hyderabad,Telangana,30-12-2022,VIP,Yes
100098,Vikram Singh,Male,49,Madurai,Tamil Nadu,28-11-2024,Regular,Yes
100099,Ajay Reddy,Female,63,Coimbatore,Tamil Nadu,03-07-2024,Premium,No
100100,Sneha Iyer,Female,65,Bengaluru,Karnataka,18-05-2024,Premium,Yes
100101,Santhosh Joshi,Male,38,Trichy,Tamil Nadu,03-10-2024,Regular,Yes
100102,Karthik Iyer,Female,58,Hyderabad,Telangana,29-04-2026,Regular,Yes
100103,Priya Joshi,Male,28,Trichy,Tamil Nadu,26-12-2025,Regular,No
100104,Naveen Menon,Female,58,Chennai,Tamil Nadu,23-03-2023,Regular,No
100105,Divya Das,Female,63,Trichy,Tamil Nadu,12-02-2023,Premium,Yes
100106,Priya Krishnan,Female,42,Trichy,Tamil Nadu,11-08-2026,Regular,Yes
100107,Keerthi Patel,Male,43,Trichy,Tamil Nadu,01-01-2025,VIP,Yes
100108,Naveen Krishnan,Male,45,Coimbatore,Tamil Nadu,02-02-2022,Regular,Yes
100109,Suresh Iyer,Female,21,Pune,Maharashtra,19-06-2024,Regular,No
100110,Arun Joshi,Male,59,Madurai,Tamil Nadu,21-07-2022,Regular,Yes
100111,Divya Patel,Other,53,Mumbai,Maharashtra,20-02-2022,Regular,No
100112,Pooja Reddy,Male,59,Trichy,Tamil Nadu,12-11-2022,Regular,No
100113,Ananya Krishnan,Female,23,Kolkata,West Bengal,09-03-2023,Regular,Yes
100114,Keerthi Krishnan,Male,56,Pune,Maharashtra,16-05-2022,Regular,No
100115,Arun Nair,Male,35,Kolkata,West Bengal,21-11-2025,Regular,No
100116,Meena Das,Female,57,Kolkata,West Bengal,15-01-2024,Regular,Yes
100117,Sneha Iyer,Male,65,Chennai,Tamil Nadu,27-07-2024,Regular,Yes
100118,Swathi Krishnan,Female,60,Bengaluru,Karnataka,11-01-2026,Regular,No
100119,Dinesh Reddy,Female,61,Hyderabad,Telangana,24-11-2025,Regular,No
100120,Lakshmi Reddy,Female,23,Bengaluru,Karnataka,27-10-2025,Premium,No
100121,Pooja Iyer,Female,33,Pune,Maharashtra,30-11-2022,Regular,Yes
100122,Santhosh Patel,Female,32,Madurai,Tamil Nadu,20-06-2025,Regular,No
100123,Dinesh Patel,Female,42,Coimbatore,Tamil Nadu,20-08-2026,Regular,No
100124,Swathi Nair,Male,64,Pune,Maharashtra,13-01-2022,Regular,Yes
100125,Priya Iyer,Female,50,Salem,Tamil Nadu,15-01-2026,VIP,Yes
100126,Pooja Iyer,Female,44,Kolkata,West Bengal,11-01-2026,Premium,Yes
100127,Divya Rao,Male,56,Chennai,Tamil Nadu,01-12-2025,Premium,No
100128,Divya Sharma,Female,26,Trichy,Tamil Nadu,06-11-2023,Regular,Yes
100129,Ajay Krishnan,Male,49,Kolkata,West Bengal,05-12-2022,Regular,No
100130,Naveen Joshi,Female,42,Coimbatore,Tamil Nadu,28-05-2025,Regular,Yes
100131,Rahul Singh,Male,27,Kolkata,West Bengal,25-11-2024,Premium,No
100132,Karthik Pillai,Female,48,Kolkata,West Bengal,20-05-2025,Regular,Yes
100133,Ravi Sharma,Male,58,Bengaluru,Karnataka,12-03-2023,Regular,No
100134,Pooja Kumar,Female,57,Kolkata,West Bengal,29-10-2022,Regular,Yes
100135,Divya Menon,Male,58,Trichy,Tamil Nadu,13-03-2026,Premium,No
100136,Ravi Menon,Female,56,Mumbai,Maharashtra,26-05-2024,Regular,No
100137,Keerthi Gupta,Female,40,Coimbatore,Tamil Nadu,18-12-2025,Regular,Yes
100138,Keerthi Kumar,Female,20,Chennai,Tamil Nadu,24-04-2026,Premium,Yes
100139,Priya Menon,Male,64,Delhi,Delhi,20-02-2024,Regular,Yes
100140,Arun Singh,Male,39,Pune,Maharashtra,24-03-2023,VIP,Yes
100141,Arun Patel,Male,48,Tirunelveli,Tamil Nadu,03-03-2026,Regular,No
100142,Keerthi Iyer,Female,18,Hyderabad,Telangana,30-04-2025,VIP,Yes
100143,Meena Joshi,Male,60,Mumbai,Maharashtra,06-02-2025,Premium,No
100144,Priya Kumar,Female,60,Delhi,Delhi,17-06-2026,Regular,Yes
100145,Divya Gupta,Male,62,Tirunelveli,Tamil Nadu,23-02-2023,Premium,No
100146,Suresh Das,Female,26,Salem,Tamil Nadu,06-09-2023,Regular,Yes
100147,Arun Menon,Male,58,Chennai,Tamil Nadu,08-03-2022,Regular,No
100148,Priya Krishnan,Male,47,Hyderabad,Telangana,21-10-2023,Regular,Yes
100149,Rahul Pillai,Male,25,Trichy,Tamil Nadu,30-01-2024,Regular,No
100150,Divya Iyer,Male,45,Chennai,Tamil Nadu,09-02-2024,Regular,No
100151,Vikram Kumar,Male,40,Salem,Tamil Nadu,14-09-2022,Regular,Yes
100152,Sneha Das,Male,48,Mumbai,Maharashtra,07-10-2025,VIP,No
100153,Vikram Patel,Female,22,Tirunelveli,Tamil Nadu,11-04-2024,Premium,Yes
100154,Dinesh Sharma,Female,45,Mumbai,Maharashtra,17-01-2024,Regular,Yes
100155,Ananya Iyer,Male,50,Pune,Maharashtra,08-01-2026,Regular,Yes
100156,Meena Patel,Female,52,Coimbatore,Tamil Nadu,06-04-2024,Regular,No
100157,Arun Kumar,Male,54,Bengaluru,Karnataka,25-02-2026,Regular,No
100158,Harini Kumar,Male,48,Kolkata,West Bengal,13-01-2023,Premium,Yes
100159,Swathi Pillai,Male,51,Kolkata,West Bengal,17-12-2025,VIP,No
100160,Meena Patel,Male,22,Trichy,Tamil Nadu,08-08-2026,Regular,Yes
100161,Swathi Joshi,Male,56,Tirunelveli,Tamil Nadu,29-06-2025,Regular,Yes
100162,Rahul Joshi,Female,35,Coimbatore,Tamil Nadu,26-02-2026,Regular,Yes
100163,Santhosh Sharma,Female,44,Delhi,Delhi,12-06-2025,Regular,Yes
100164,Priya Menon,Female,44,Delhi,Delhi,17-10-2024,Regular,No
100165,Priya Das,Female,64,Pune,Maharashtra,22-07-2025,Regular,Yes
100166,Priya Krishnan,Male,33,Trichy,Tamil Nadu,21-06-2026,Regular,Yes
100167,Karthik Sharma,Female,36,Mumbai,Maharashtra,25-10-2024,Regular,Yes
100168,Priya Iyer,Male,54,Hyderabad,Telangana,13-03-2025,Premium,No
100169,Ravi Sharma,Male,48,Delhi,Delhi,15-05-2022,Premium,No
100170,Dinesh Das,Male,33,Chennai,Tamil Nadu,19-06-2026,Regular,Yes
100171,Divya Joshi,Male,34,Bengaluru,Karnataka,15-08-2025,Regular,No
100172,Pooja Krishnan,Female,57,Bengaluru,Karnataka,02-10-2022,Premium,Yes
100173,Sneha Krishnan,Male,58,Trichy,Tamil Nadu,08-05-2023,Regular,No
100174,Keerthi Joshi,Male,25,Madurai,Tamil Nadu,19-01-2023,Premium,Yes
100175,Meena Krishnan,Female,37,Madurai,Tamil Nadu,28-06-2023,Regular,Yes
100176,Vikram Kumar,Other,54,Pune,Maharashtra,13-02-2026,Premium,Yes
100177,Rahul Pillai,Male,23,Madurai,Tamil Nadu,29-02-2024,Regular,Yes
100178,Naveen Singh,Female,26,Bengaluru,Karnataka,15-12-2023,Premium,Yes
100179,Pooja Kumar,Female,25,Salem,Tamil Nadu,17-08-2025,Regular,No
100180,Arun Rao,Male,43,Kolkata,West Bengal,23-09-2023,Premium,Yes
100181,Ajay Joshi,Male,39,Tirunelveli,Tamil Nadu,14-02-2026,Regular,Yes
100182,Swathi Reddy,Male,33,Bengaluru,Karnataka,06-07-2025,Regular,No
100183,Dinesh Nair,Male,24,Pune,Maharashtra,13-03-2023,Premium,No
100184,Dinesh Iyer,Other,48,Madurai,Tamil Nadu,07-12-2024,Regular,No
100185,Arun Kumar,Female,56,Pune,Maharashtra,31-03-2024,Regular,Yes
100186,Lakshmi Sharma,Other,28,Pune,Maharashtra,08-08-2023,Regular,No
100187,Santhosh Menon,Female,49,Bengaluru,Karnataka,21-03-2026,Premium,No
100188,Rahul Pillai,Female,56,Delhi,Delhi,08-11-2023,Premium,Yes
100189,Rahul Iyer,Female,44,Hyderabad,Telangana,18-07-2022,Regular,Yes
100190,Keerthi Patel,Female,45,Mumbai,Maharashtra,26-11-2023,Premium,Yes
100191,Divya Iyer,Male,26,Madurai,Tamil Nadu,28-05-2024,Premium,Yes
100192,Ajay Kumar,Male,63,Coimbatore,Tamil Nadu,03-08-2022,Premium,No
100193,Karthik Rao,Female,63,Coimbatore,Tamil Nadu,16-06-2025,Regular,No
100194,Meena Krishnan,Male,52,Delhi,Delhi,26-01-2023,Regular,Yes
100195,Karthik Krishnan,,61,Tirunelveli,Tamil Nadu,07-06-2022,Regular,Yes
100196,Swathi Singh,Male,47,Bengaluru,Karnataka,02-07-2024,Regular,No
100197,Divya Rao,Female,49,Delhi,Delhi,01-10-2022,Regular,Yes
100198,Keerthi Sharma,Male,57,Bengaluru,Karnataka,22-08-2025,Premium,Yes
100199,Keerthi Iyer,Male,19,Delhi,Delhi,27-04-2022,Regular,No
100200,Keerthi Joshi,Female,28,Tirunelveli,Tamil Nadu,14-12-2023,Regular,Yes
100201,Ravi Menon,Male,27,Delhi,Delhi,29-03-2022,Regular,No
100202,Vikram Pillai,Female,48,Salem,Tamil Nadu,14-10-2023,Regular,No
100203,Dinesh Pillai,Male,29,Pune,Maharashtra,06-05-2026,Premium,Yes
100204,Naveen Krishnan,Male,36,Madurai,Tamil Nadu,10-01-2025,Regular,Yes
100205,Ravi Pillai,Male,41,Pune,Maharashtra,28-06-2024,VIP,No
100206,Dinesh Singh,Female,53,Mumbai,Maharashtra,25-09-2022,Regular,Yes
100207,Priya Kumar,Female,42,Trichy,Tamil Nadu,16-06-2023,Regular,Yes
100208,Karthik Kumar,Male,19,Tirunelveli,Tamil Nadu,10-10-2023,Premium,Yes
100209,Karthik Sharma,Male,50,Mumbai,Maharashtra,10-09-2024,Premium,No
100210,Lakshmi Sharma,Female,38,Trichy,Tamil Nadu,20-12-2022,Regular,Yes
100211,Ajay Patel,Female,23,Mumbai,Maharashtra,27-08-2026,Premium,Yes
100212,Sneha Krishnan,Male,49,Madurai,Tamil Nadu,12-01-2025,Regular,Yes
100213,Lakshmi Gupta,Male,30,Trichy,Tamil Nadu,15-06-2023,Regular,Yes
100214,Lakshmi Das,Male,40,Pune,Maharashtra,11-07-2022,Regular,No
100215,Pooja Iyer,Male,64,Madurai,Tamil Nadu,08-10-2024,Regular,No
100216,Harini Menon,Female,29,Mumbai,Maharashtra,01-02-2024,Premium,Yes
100217,Divya Patel,Other,60,Chennai,Tamil Nadu,19-02-2025,Regular,No
100218,Ajay Kumar,Other,40,Bengaluru,Karnataka,10-10-2024,Premium,No
100219,Dinesh Reddy,Female,62,Pune,Maharashtra,24-12-2024,Premium,No
100220,Priya Patel,Male,58,Salem,Tamil Nadu,18-11-2025,Regular,Yes
100221,Dinesh Reddy,Female,57,Bengaluru,Karnataka,11-06-2024,Regular,Yes
100222,Ravi Gupta,Male,27,Pune,Maharashtra,16-05-2025,Regular,
100223,Arun Menon,Male,55,Madurai,Tamil Nadu,03-09-2023,Regular,Yes
100224,Divya Krishnan,Female,35,Hyderabad,Telangana,22-05-2026,VIP,Yes
100225,Sneha Sharma,Male,61,Madurai,Tamil Nadu,25-11-2023,Premium,Yes
100226,Swathi Gupta,Female,65,Mumbai,Maharashtra,01-03-2025,Regular,Yes
100227,Lakshmi Krishnan,Other,47,Trichy,Tamil Nadu,25-08-2026,Regular,Yes
100228,Meena Iyer,Female,61,Kolkata,West Bengal,17-08-2023,Regular,Yes
100229,Divya Krishnan,Female,43,Kolkata,West Bengal,22-06-2022,Regular,Yes
100230,Vikram Nair,Male,19,Hyderabad,Telangana,29-01-2023,Regular,Yes
100231,Sneha Nair,Male,59,Pune,Maharashtra,19-02-2023,Regular,Yes
100232,Karthik Sharma,Female,43,Salem,Tamil Nadu,07-04-2022,Regular,Yes
100233,Rahul Rao,Female,20,Chennai,Tamil Nadu,13-07-2024,Regular,No
100234,Ananya Sharma,Female,21,Trichy,Tamil Nadu,17-04-2023,Regular,Yes
100235,Ravi Iyer,Male,52,Pune,Maharashtra,15-06-2022,Regular,Yes
100236,Arun Sharma,Male,62,Madurai,Tamil Nadu,21-08-2022,Regular,No
100237,Suresh Joshi,Male,51,Coimbatore,Tamil Nadu,10-04-2023,Regular,Yes
100238,Karthik Reddy,Female,39,Pune,Maharashtra,20-09-2023,Regular,Yes
100239,Karthik Patel,Female,32,Mumbai,Maharashtra,15-07-2026,Regular,Yes
100240,Naveen Patel,Female,38,Coimbatore,Tamil Nadu,09-04-2025,VIP,Yes
100241,Pooja Pillai,Male,33,Bengaluru,Karnataka,30-04-2025,Regular,Yes
100242,Santhosh Rao,Female,31,Coimbatore,Tamil Nadu,22-03-2025,Regular,Yes
100243,Naveen Pillai,Male,24,Bengaluru,Karnataka,27-09-2025,Regular,Yes
100244,Swathi Patel,Male,45,Coimbatore,Tamil Nadu,25-06-2023,Regular,Yes
100245,Rahul Sharma,Male,28,Coimbatore,Tamil Nadu,18-06-2022,Regular,Yes
100246,Harini Rao,Female,24,Bengaluru,Karnataka,14-05-2024,Premium,No
100247,Divya Patel,Male,31,Trichy,Tamil Nadu,03-01-2022,VIP,Yes
100248,Divya Gupta,Male,56,Delhi,Delhi,04-01-2023,Regular,Yes
100249,Ajay Pillai,,45,Trichy,Tamil Nadu,04-07-2025,Regular,Yes
100250,Vikram Nair,,41,Chennai,Tamil Nadu,05-05-2024,Premium,No
100251,Rahul Joshi,Male,46,Hyderabad,Telangana,20-03-2025,Regular,Yes
100252,Ravi Rao,Male,45,Pune,Maharashtra,17-05-2024,Regular,No
100253,Suresh Reddy,Female,41,Hyderabad,Telangana,11-07-2024,Premium,Yes
100254,Santhosh Nair,Female,58,Mumbai,Maharashtra,28-05-2023,Regular,No
100255,Pooja Kumar,Female,53,Coimbatore,Tamil Nadu,07-01-2023,Regular,Yes
100256,Divya Gupta,Male,26,Bengaluru,Karnataka,18-03-2023,Regular,No
100257,Priya Sharma,Female,57,Madurai,Tamil Nadu,18-09-2025,Regular,Yes
100258,Dinesh Patel,Female,26,Bengaluru,Karnataka,24-07-2026,VIP,Yes
100259,Divya Rao,Male,21,Hyderabad,Telangana,20-05-2022,Regular,No
100260,Sneha Kumar,Male,38,Coimbatore,Tamil Nadu,02-07-2024,Regular,No
100261,Arun Sharma,Other,36,Trichy,Tamil Nadu,10-03-2024,Regular,No
100262,Sneha Krishnan,Male,55,Hyderabad,Telangana,13-08-2024,Regular,Yes
100263,Divya Sharma,Female,51,Mumbai,Maharashtra,31-01-2023,Regular,Yes
100264,Arun Nair,Female,20,Tirunelveli,Tamil Nadu,14-01-2022,Regular,Yes
100265,Dinesh Patel,Male,41,Tirunelveli,Tamil Nadu,12-12-2022,Regular,No
100266,Priya Reddy,Female,56,Kolkata,West Bengal,06-11-2022,Regular,Yes
100267,Meena Iyer,Male,53,Pune,Maharashtra,31-03-2022,Premium,Yes
100268,Lakshmi Menon,Female,42,Delhi,Delhi,30-08-2023,Regular,Yes
100269,Vikram Joshi,Female,47,Coimbatore,Tamil Nadu,08-03-2025,VIP,No
100270,Vikram Sharma,Female,44,Coimbatore,Tamil Nadu,01-07-2026,Regular,Yes
100271,Santhosh Joshi,Male,29,Mumbai,Maharashtra,22-01-2025,Regular,Yes
100272,Vikram Das,Female,45,Chennai,Tamil Nadu,25-10-2022,VIP,Yes
100273,Sneha Das,Female,50,Bengaluru,Karnataka,08-09-2023,Premium,Yes
100274,Pooja Krishnan,Female,20,Tirunelveli,Tamil Nadu,31-05-2023,Regular,Yes
100275,Keerthi Krishnan,Female,51,Pune,Maharashtra,27-12-2022,Regular,No
100276,Keerthi Gupta,Male,29,Pune,Maharashtra,11-08-2026,Premium,Yes
100277,Sneha Nair,Female,18,Pune,Maharashtra,19-01-2025,Regular,Yes
100278,Suresh Rao,Male,54,Trichy,Tamil Nadu,28-03-2024,Regular,Yes
100279,Rahul Patel,Male,36,Chennai,Tamil Nadu,13-01-2024,Regular,Yes
100280,Lakshmi Sharma,Female,37,Chennai,Tamil Nadu,26-06-2023,Premium,No
100281,Ajay Krishnan,Female,47,Mumbai,Maharashtra,10-12-2023,Regular,Yes
100282,Meena Kumar,Other,44,Pune,Maharashtra,14-12-2024,Regular,No
100283,Arun Reddy,Male,47,Madurai,Tamil Nadu,27-04-2026,VIP,Yes
100284,Rahul Sharma,Male,63,Pune,Maharashtra,23-04-2024,Regular,Yes
100285,Sneha Iyer,Male,49,Pune,Maharashtra,11-11-2022,Premium,Yes
100286,Dinesh Das,Male,20,Tirunelveli,Tamil Nadu,16-06-2026,Regular,Yes
100287,Arun Das,Female,28,Bengaluru,Karnataka,20-06-2023,Premium,Yes
100288,Rahul Singh,Female,39,Kolkata,West Bengal,22-05-2022,Regular,Yes
100289,Arun Sharma,Male,40,Kolkata,West Bengal,14-07-2024,Regular,No
100290,Rahul Nair,Male,35,Pune,Maharashtra,05-09-2025,Regular,Yes
100291,Meena Patel,Male,26,Trichy,Tamil Nadu,14-03-2023,Premium,Yes
100292,Ajay Menon,Female,23,Mumbai,Maharashtra,20-04-2023,Regular,Yes
100293,Naveen Das,Female,24,Tirunelveli,Tamil Nadu,07-05-2023,Regular,Yes
100294,Ravi Nair,Male,63,Mumbai,Maharashtra,03-10-2025,Regular,Yes
100295,Karthik Nair,Male,36,Kolkata,West Bengal,16-06-2026,Regular,Yes
100296,Arun Joshi,Male,64,Kolkata,West Bengal,12-12-2025,Premium,Yes
100297,Ananya Menon,Male,34,Salem,Tamil Nadu,20-01-2023,Regular,No
100298,Lakshmi Nair,Female,32,Pune,Maharashtra,14-12-2025,Regular,Yes
100299,Harini Nair,Female,41,Mumbai,Maharashtra,11-06-2023,Premium,Yes
100300,Rahul Kumar,Male,63,Chennai,Tamil Nadu,13-01-2026,Regular,No
100301,Rahul Joshi,Female,45,Delhi,Delhi,13-08-2026,Regular,Yes
100302,Meena Patel,Male,19,Trichy,Tamil Nadu,05-05-2025,Regular,No
100303,Suresh Reddy,Male,31,Chennai,Tamil Nadu,12-06-2026,Regular,Yes
100304,Harini Joshi,Female,65,Salem,Tamil Nadu,31-08-2022,VIP,Yes
100305,Priya Menon,Male,25,Kolkata,West Bengal,18-01-2025,Regular,Yes
100306,Vikram Kumar,Male,58,Bengaluru,Karnataka,30-03-2022,Regular,No
100307,Santhosh Kumar,Female,62,Mumbai,Maharashtra,13-01-2025,Premium,Yes
100308,Karthik Kumar,,28,Kolkata,West Bengal,03-08-2023,Regular,Yes
100309,Meena Das,Male,44,Mumbai,Maharashtra,07-07-2026,VIP,Yes
100310,Vikram Sharma,Female,46,Bengaluru,Karnataka,21-04-2024,Regular,Yes
100311,Rahul Joshi,Male,56,Coimbatore,Tamil Nadu,20-07-2025,Premium,Yes
100312,Dinesh Joshi,Female,56,Madurai,Tamil Nadu,30-05-2023,Premium,Yes
100313,Ravi Rao,Male,20,Bengaluru,Karnataka,08-05-2022,Premium,No
100314,Swathi Das,Female,33,Mumbai,Maharashtra,15-06-2025,Regular,No
100315,Suresh Patel,Male,63,Hyderabad,Telangana,12-01-2023,Premium,No
100316,Meena Kumar,Female,34,Coimbatore,Tamil Nadu,13-05-2025,Premium,Yes
100317,Sneha Menon,Female,29,Madurai,Tamil Nadu,29-02-2024,Regular,Yes
100318,Harini Sharma,Male,48,Madurai,Tamil Nadu,11-07-2026,Regular,No
100319,Priya Sharma,Female,27,Tirunelveli,Tamil Nadu,23-08-2023,Regular,No
100320,Swathi Patel,Male,25,Trichy,Tamil Nadu,12-11-2023,VIP,Yes
100321,Vikram Kumar,Female,56,Mumbai,Maharashtra,12-06-2025,Premium,No
100322,Lakshmi Nair,Male,23,Bengaluru,Karnataka,28-08-2025,Regular,Yes
100323,Swathi Krishnan,Male,60,Coimbatore,Tamil Nadu,02-08-2022,Regular,No
100324,Rahul Gupta,Female,29,Salem,Tamil Nadu,14-06-2025,Regular,No
100325,Keerthi Das,Male,23,Tirunelveli,Tamil Nadu,15-04-2024,Regular,No
100326,Karthik Gupta,Female,53,Hyderabad,Telangana,08-08-2026,Premium,Yes
100327,Santhosh Singh,Female,26,Hyderabad,Telangana,08-12-2024,Regular,Yes
100328,Priya Gupta,Male,35,Chennai,Tamil Nadu,08-08-2025,Premium,Yes
100329,Harini Rao,Male,34,Bengaluru,Karnataka,08-08-2023,Regular,No
100330,Keerthi Reddy,Female,42,Kolkata,West Bengal,28-04-2023,Regular,Yes
100331,Priya Joshi,Female,40,Kolkata,West Bengal,27-08-2025,Premium,Yes
100332,Meena Reddy,Male,27,Delhi,Delhi,26-01-2022,Regular,Yes
100333,Pooja Kumar,Male,29,Mumbai,Maharashtra,13-09-2024,VIP,Yes
100334,Priya Reddy,Female,27,Trichy,Tamil Nadu,04-07-2026,VIP,No
100335,Meena Singh,Female,20,Pune,Maharashtra,13-08-2026,Premium,No
100336,Sneha Patel,Female,49,Trichy,Tamil Nadu,02-05-2025,Premium,Yes
100337,Vikram Rao,Male,40,Tirunelveli,Tamil Nadu,25-04-2024,Regular,Yes
100338,Keerthi Pillai,Female,23,Mumbai,Maharashtra,13-10-2025,Regular,Yes
100339,Dinesh Patel,Female,33,Hyderabad,Telangana,25-01-2022,Premium,Yes
100340,Santhosh Rao,Male,50,Tirunelveli,Tamil Nadu,10-09-2025,Regular,
100341,Sneha Patel,Male,31,Coimbatore,Tamil Nadu,19-11-2022,Premium,No
100342,Naveen Gupta,Male,37,Mumbai,Maharashtra,04-06-2025,Regular,No
100343,Ananya Iyer,Female,53,Coimbatore,Tamil Nadu,15-08-2023,Premium,Yes
100344,Sneha Sharma,Male,50,Kolkata,West Bengal,01-07-2025,Regular,No
100345,Pooja Rao,Female,51,Salem,Tamil Nadu,22-10-2024,Premium,No
100346,Meena Krishnan,Female,36,Mumbai,Maharashtra,30-04-2026,Regular,No
100347,Dinesh Gupta,Male,41,Tirunelveli,Tamil Nadu,31-08-2025,Regular,No
100348,Rahul Das,Female,58,Tirunelveli,Tamil Nadu,03-04-2026,Premium,Yes
100349,Harini Menon,Female,59,Hyderabad,Telangana,15-09-2022,Regular,No
100350,Vikram Singh,Male,20,Bengaluru,Karnataka,07-10-2023,Regular,No
100351,Harini Kumar,Female,58,Kolkata,West Bengal,14-01-2024,Regular,No
100352,Ravi Sharma,Female,60,Chennai,Tamil Nadu,22-02-2022,Regular,Yes
100353,Harini Kumar,Male,63,Mumbai,Maharashtra,08-02-2022,Regular,Yes
100354,Arun Patel,Female,30,Pune,Maharashtra,07-03-2022,Regular,Yes
100355,Karthik Nair,Female,42,Tirunelveli,Tamil Nadu,28-07-2025,Regular,No
100356,Divya Patel,Male,20,Tirunelveli,Tamil Nadu,30-01-2024,Regular,Yes
100357,Keerthi Rao,Other,23,Bengaluru,Karnataka,01-07-2025,Premium,No
100358,Santhosh Nair,Female,44,Salem,Tamil Nadu,20-11-2025,Premium,No
100359,Keerthi Krishnan,Female,27,Bengaluru,Karnataka,03-03-2022,Regular,Yes
100360,Sneha Krishnan,Male,28,Madurai,Tamil Nadu,11-12-2025,Regular,Yes
100361,Harini Patel,Male,32,Salem,Tamil Nadu,19-01-2023,Regular,No
100362,Sneha Patel,Male,40,Salem,Tamil Nadu,19-11-2023,Premium,Yes
100363,Divya Das,Female,25,Hyderabad,Telangana,25-06-2026,Premium,No
100364,Harini Das,Female,56,Salem,Tamil Nadu,28-05-2023,Regular,No
100365,Rahul Patel,Female,50,Bengaluru,Karnataka,17-05-2026,Regular,Yes
100366,Pooja Patel,Male,55,Kolkata,West Bengal,11-05-2024,Premium,Yes
100367,Keerthi Krishnan,Female,62,Pune,Maharashtra,23-01-2022,Regular,No
100368,Vikram Krishnan,Female,46,Mumbai,Maharashtra,16-11-2025,Regular,No
100369,Ananya Sharma,Female,35,Chennai,Tamil Nadu,17-03-2022,Regular,Yes
100370,Ananya Nair,Female,64,Trichy,Tamil Nadu,18-12-2024,VIP,No
100371,Arun Pillai,Female,45,Delhi,Delhi,19-02-2024,Regular,Yes
100372,Ravi Kumar,Male,40,Coimbatore,Tamil Nadu,26-08-2022,Regular,Yes
100373,Harini Gupta,Female,37,Delhi,Delhi,24-05-2024,Premium,Yes
100374,Arun Iyer,Female,19,Delhi,Delhi,08-09-2023,Regular,No
100375,Ananya Rao,Female,63,Salem,Tamil Nadu,17-06-2022,Regular,No
100376,Naveen Singh,Male,57,Bengaluru,Karnataka,02-08-2024,Regular,Yes
100377,Ajay Kumar,Other,51,Madurai,Tamil Nadu,16-03-2022,VIP,Yes
100378,Pooja Pillai,Male,28,Madurai,Tamil Nadu,04-07-2024,Regular,Yes
100379,Ravi Nair,Male,62,Delhi,Delhi,20-01-2023,Regular,No
100380,Divya Joshi,Male,26,Mumbai,Maharashtra,13-11-2025,Premium,No
100381,Arun Patel,Male,29,Chennai,Tamil Nadu,04-06-2026,Premium,Yes
100382,Rahul Pillai,Male,21,Tirunelveli,Tamil Nadu,04-05-2026,Regular,No
100383,Meena Pillai,Female,31,Tirunelveli,Tamil Nadu,14-05-2026,Regular,No
100384,Pooja Rao,Female,33,Hyderabad,Telangana,20-06-2022,Regular,No
100385,Ravi Iyer,Male,56,Chennai,Tamil Nadu,16-05-2024,Regular,No
100386,Keerthi Krishnan,Female,33,Bengaluru,Karnataka,17-01-2023,Regular,Yes
100387,Lakshmi Rao,Female,63,Chennai,Tamil Nadu,14-06-2022,Premium,No
100388,Santhosh Joshi,Female,32,Trichy,Tamil Nadu,29-10-2023,Premium,Yes
100389,Ravi Nair,Male,43,Salem,Tamil Nadu,31-12-2023,Premium,No
100390,Rahul Reddy,Male,46,Bengaluru,Karnataka,19-05-2023,Regular,Yes
100391,Harini Sharma,Female,57,Madurai,Tamil Nadu,14-07-2022,Regular,
100392,Ananya Krishnan,Female,54,Hyderabad,Telangana,26-11-2023,Premium,Yes
100393,Karthik Joshi,Female,59,Delhi,Delhi,22-09-2022,Regular,Yes
100394,Ajay Kumar,Male,63,Coimbatore,Tamil Nadu,11-03-2022,Regular,No
100395,Karthik Menon,Female,23,Madurai,Tamil Nadu,07-02-2024,Regular,Yes
100396,Harini Pillai,Female,22,Salem,Tamil Nadu,23-04-2022,Regular,Yes
100397,Harini Sharma,Female,39,Chennai,Tamil Nadu,01-07-2026,Regular,No
100398,Naveen Sharma,Female,25,Hyderabad,Telangana,26-11-2025,Regular,Yes
100399,Priya Krishnan,Female,41,Mumbai,Maharashtra,24-04-2026,Premium,Yes
100400,Meena Krishnan,Female,46,Mumbai,Maharashtra,24-06-2022,Regular,No
100401,Harini Kumar,Female,31,Tirunelveli,Tamil Nadu,01-03-2024,Regular,Yes
100402,Ravi Gupta,Female,22,Trichy,Tamil Nadu,01-11-2025,Regular,Yes
100403,Suresh Rao,Female,64,Mumbai,Maharashtra,05-09-2024,Regular,No
100404,Meena Pillai,Male,35,Tirunelveli,Tamil Nadu,06-06-2023,Regular,No
100405,Arun Pillai,Female,58,Pune,Maharashtra,14-11-2025,Regular,Yes
100406,Dinesh Gupta,Female,47,Kolkata,West Bengal,10-06-2023,Regular,Yes
100407,Suresh Rao,Male,49,Pune,Maharashtra,14-07-2026,Regular,Yes
100408,Ananya Reddy,Male,55,Bengaluru,Karnataka,21-06-2022,VIP,Yes
100409,Harini Rao,Female,30,Tirunelveli,Tamil Nadu,15-04-2025,Regular,Yes
100410,Naveen Sharma,Female,28,Chennai,Tamil Nadu,23-01-2022,Regular,No
100411,Swathi Krishnan,Male,65,Hyderabad,Telangana,04-04-2026,VIP,Yes
100412,Lakshmi Sharma,Male,50,Hyderabad,Telangana,27-08-2023,Premium,Yes
100413,Ravi Rao,Male,32,Mumbai,Maharashtra,04-02-2022,Premium,No
100414,Ravi Kumar,Female,49,Bengaluru,Karnataka,21-11-2025,Regular,Yes
100415,Meena Patel,Female,36,Chennai,Tamil Nadu,03-07-2026,Premium,No
100416,Ajay Reddy,Female,59,Madurai,Tamil Nadu,13-04-2026,Regular,No
100417,Suresh Das,Male,42,Tirunelveli,Tamil Nadu,05-04-2024,Premium,Yes
100418,Priya Gupta,Female,33,Bengaluru,Karnataka,15-04-2022,Premium,Yes
100419,Naveen Kumar,Female,51,Mumbai,Maharashtra,23-01-2023,Regular,Yes
100420,Priya Gupta,Female,54,Kolkata,West Bengal,22-02-2022,VIP,Yes
100421,Divya Pillai,Male,35,Tirunelveli,Tamil Nadu,17-03-2022,VIP,Yes
100422,Meena Patel,Male,54,Madurai,Tamil Nadu,27-09-2022,Regular,Yes
100423,Divya Krishnan,Female,29,Trichy,Tamil Nadu,15-08-2024,Regular,Yes
100424,Rahul Singh,Male,29,Kolkata,West Bengal,26-07-2025,Premium,No
100425,Vikram Iyer,Female,57,Pune,Maharashtra,21-09-2024,Regular,Yes
100426,Ananya Rao,Female,47,Hyderabad,Telangana,15-12-2022,Regular,Yes
100427,Pooja Sharma,Male,19,Salem,Tamil Nadu,19-10-2024,Regular,Yes
100428,Harini Pillai,Male,50,Trichy,Tamil Nadu,28-01-2023,Premium,Yes
100429,Pooja Pillai,Female,32,Chennai,Tamil Nadu,23-02-2024,VIP,No
100430,Suresh Gupta,Female,31,Madurai,Tamil Nadu,20-02-2026,Regular,No
100431,Naveen Rao,Female,38,Bengaluru,Karnataka,17-08-2022,Premium,Yes
100432,Sneha Rao,Male,39,Madurai,Tamil Nadu,27-01-2026,Premium,Yes
100433,Santhosh Joshi,Female,60,Trichy,Tamil Nadu,06-04-2023,Regular,Yes
100434,Suresh Reddy,Male,38,Bengaluru,Karnataka,13-02-2025,Regular,No
100435,Naveen Sharma,Female,32,Pune,Maharashtra,21-03-2023,Regular,Yes
100436,Sneha Rao,Female,55,Bengaluru,Karnataka,06-10-2022,Premium,No
100437,Lakshmi Patel,Male,44,Kolkata,West Bengal,05-02-2024,Regular,Yes
100438,Suresh Patel,Female,18,Tirunelveli,Tamil Nadu,10-10-2023,Regular,Yes
100439,Suresh Kumar,Female,48,Chennai,Tamil Nadu,12-05-2024,Regular,Yes
100440,Keerthi Das,Male,42,Delhi,Delhi,06-02-2023,Regular,Yes
100441,Vikram Reddy,Female,45,Tirunelveli,Tamil Nadu,22-07-2026,Regular,Yes
100442,Swathi Iyer,Female,26,Mumbai,Maharashtra,16-02-2025,Regular,Yes
100443,Arun Kumar,Female,40,Bengaluru,Karnataka,30-11-2025,Regular,Yes
100444,Harini Singh,Male,49,Pune,Maharashtra,18-08-2025,Premium,No
100445,Rahul Pillai,Female,50,Kolkata,West Bengal,16-05-2025,Premium,Yes
100446,Rahul Patel,,50,Coimbatore,Tamil Nadu,30-08-2022,Premium,No
100447,Arun Krishnan,Female,65,Mumbai,Maharashtra,26-09-2024,Regular,Yes
100448,Pooja Menon,Female,42,Tirunelveli,Tamil Nadu,07-03-2026,Regular,Yes
100449,Divya Patel,Male,38,Kolkata,West Bengal,13-06-2022,Premium,Yes
100450,Santhosh Gupta,Male,44,Mumbai,Maharashtra,26-02-2024,Regular,No
100451,Arun Krishnan,Female,33,Tirunelveli,Tamil Nadu,10-11-2022,Regular,No
100452,Dinesh Rao,Male,33,Tirunelveli,Tamil Nadu,13-09-2025,Regular,No
100453,Ajay Kumar,Female,51,Pune,Maharashtra,03-05-2026,Regular,Yes
100454,Arun Kumar,Female,33,Chennai,Tamil Nadu,29-03-2022,Regular,Yes
100455,Sneha Joshi,Female,53,Coimbatore,Tamil Nadu,24-09-2025,Premium,No
100456,Ajay Menon,Male,53,Kolkata,West Bengal,05-09-2023,Premium,No
100457,Divya Joshi,Male,63,Bengaluru,Karnataka,27-06-2026,Premium,Yes
100458,Sneha Pillai,Male,24,Coimbatore,Tamil Nadu,26-01-2022,VIP,No
100459,Arun Kumar,Female,35,Salem,Tamil Nadu,22-11-2022,Premium,No
100460,Priya Gupta,Female,55,Bengaluru,Karnataka,06-05-2025,Regular,Yes
100461,Divya Nair,Female,38,Madurai,Tamil Nadu,16-08-2025,Regular,Yes
100462,Meena Gupta,Male,49,Bengaluru,Karnataka,16-05-2022,Premium,Yes
100463,Vikram Kumar,Male,53,Madurai,Tamil Nadu,30-09-2022,Regular,Yes
100464,Ananya Patel,Male,60,Pune,Maharashtra,30-07-2023,Premium,No
100465,Naveen Menon,Female,28,Chennai,Tamil Nadu,01-03-2022,Regular,No
100466,Priya Gupta,Male,30,Tirunelveli,Tamil Nadu,21-08-2025,Regular,Yes
100467,Priya Das,Male,40,Bengaluru,Karnataka,12-02-2025,Premium,Yes
100468,Ananya Patel,Female,42,Coimbatore,Tamil Nadu,27-06-2025,Premium,Yes
100469,Meena Patel,Female,61,Hyderabad,Telangana,09-03-2024,Premium,Yes
100470,Swathi Joshi,Male,19,Tirunelveli,Tamil Nadu,24-12-2024,Regular,No
100471,Dinesh Nair,Female,29,Madurai,Tamil Nadu,31-08-2024,Regular,Yes
100472,Ravi Nair,Male,61,Trichy,Tamil Nadu,25-03-2025,Regular,Yes
100473,Swathi Rao,Male,47,Pune,Maharashtra,06-02-2024,Premium,No
100474,Meena Singh,Male,50,Pune,Maharashtra,12-01-2025,Regular,Yes
100475,Ananya Rao,Male,29,Coimbatore,Tamil Nadu,02-01-2025,Regular,Yes
100476,Pooja Nair,Female,47,Trichy,Tamil Nadu,26-12-2024,Regular,No
100477,Dinesh Gupta,Female,35,Salem,Tamil Nadu,23-01-2026,Premium,Yes
100478,Suresh Pillai,Female,53,Chennai,Tamil Nadu,18-08-2023,Regular,Yes
100479,Sneha Joshi,Male,22,Coimbatore,Tamil Nadu,03-02-2026,VIP,Yes
100480,Divya Rao,Female,31,Bengaluru,Karnataka,17-02-2022,Regular,Yes
100481,Divya Nair,Female,48,Mumbai,Maharashtra,06-04-2024,Premium,No
100482,Vikram Krishnan,Male,46,Trichy,Tamil Nadu,22-01-2024,Premium,No
100483,Priya Gupta,Other,58,Mumbai,Maharashtra,15-01-2026,Regular,Yes
100484,Santhosh Rao,Female,56,Trichy,Tamil Nadu,19-03-2022,Regular,Yes
100485,Ravi Krishnan,Female,18,Pune,Maharashtra,04-01-2023,Regular,Yes
100486,Sneha Menon,Male,22,Hyderabad,Telangana,08-03-2024,Regular,No
100487,Karthik Krishnan,Female,35,Delhi,Delhi,18-10-2025,Premium,No
100488,Vikram Menon,Female,64,Kolkata,West Bengal,28-02-2024,Regular,Yes
100489,Swathi Iyer,Female,40,Trichy,Tamil Nadu,22-12-2024,Regular,Yes
100490,Ajay Nair,Female,60,Coimbatore,Tamil Nadu,31-10-2022,Premium,No
100491,Divya Das,Male,20,Tirunelveli,Tamil Nadu,23-05-2026,Regular,No
100492,Lakshmi Kumar,Female,64,Salem,Tamil Nadu,26-08-2025,Regular,Yes
100493,Lakshmi Gupta,Female,20,Trichy,Tamil Nadu,15-03-2022,Premium,Yes
100494,Ravi Das,Female,56,Coimbatore,Tamil Nadu,12-04-2025,Premium,Yes
100495,Ananya Sharma,Male,60,Mumbai,Maharashtra,09-08-2022,Regular,Yes
100496,Keerthi Gupta,Male,32,Delhi,Delhi,09-08-2024,Regular,Yes
100497,Karthik Menon,,32,Bengaluru,Karnataka,19-04-2025,Regular,Yes
100498,Naveen Menon,Male,45,Delhi,Delhi,24-04-2026,Regular,No
100499,Vikram Singh,Female,52,Tirunelveli,Tamil Nadu,30-04-2022,Premium,No
100500,Suresh Gupta,Male,23,Pune,Maharashtra,04-05-2023,Regular,Yes
100501,Santhosh Singh,Female,29,Bengaluru,Karnataka,19-03-2025,Regular,Yes
100502,Lakshmi Rao,Female,54,Coimbatore,Tamil Nadu,22-03-2023,Regular,Yes
100503,Ananya Kumar,Female,56,Tirunelveli,Tamil Nadu,26-04-2025,Premium,Yes
100504,Ajay Krishnan,Male,25,Salem,Tamil Nadu,08-11-2022,Premium,No
100505,Lakshmi Menon,Female,60,Mumbai,Maharashtra,06-10-2022,Regular,Yes
100506,Arun Rao,Female,59,Pune,Maharashtra,14-07-2024,Regular,No
100507,Naveen Nair,Female,59,Kolkata,West Bengal,17-03-2025,Regular,No
100508,Suresh Gupta,Male,29,Hyderabad,Telangana,16-12-2022,Regular,No
100509,Ajay Krishnan,Female,50,Mumbai,Maharashtra,25-01-2026,Premium,Yes
100510,Meena Reddy,Male,25,Hyderabad,Telangana,17-01-2026,Premium,Yes
100511,Ravi Joshi,Female,27,Tirunelveli,Tamil Nadu,19-05-2022,VIP,No
100512,Ajay Krishnan,Male,21,Madurai,Tamil Nadu,02-06-2023,Regular,No
100513,Rahul Joshi,Male,41,Salem,Tamil Nadu,03-08-2024,Premium,No
100514,Karthik Joshi,Female,52,Trichy,Tamil Nadu,14-04-2024,Regular,Yes
100515,Suresh Pillai,Male,27,Tirunelveli,Tamil Nadu,10-03-2023,Regular,Yes
100516,Harini Menon,Female,26,Bengaluru,Karnataka,19-06-2024,Regular,Yes
100517,Santhosh Das,Female,31,Salem,Tamil Nadu,25-06-2026,Premium,Yes
100518,Dinesh Iyer,Male,27,Chennai,Tamil Nadu,07-06-2023,Premium,Yes
100519,Priya Rao,Male,57,Pune,Maharashtra,08-01-2023,Regular,No
100520,Dinesh Menon,Male,26,Coimbatore,Tamil Nadu,09-06-2025,Premium,No
100521,Ravi Rao,Female,31,Delhi,Delhi,28-08-2024,Premium,Yes
100522,Ajay Pillai,Female,32,Bengaluru,Karnataka,22-03-2025,VIP,Yes
100523,Dinesh Sharma,Male,27,Hyderabad,Telangana,03-01-2025,Regular,Yes
100524,Keerthi Singh,Female,63,Trichy,Tamil Nadu,17-07-2025,VIP,Yes
100525,Swathi Rao,Male,28,Mumbai,Maharashtra,24-05-2025,Premium,No
100526,Lakshmi Nair,Female,41,Mumbai,Maharashtra,27-10-2024,Premium,No
100527,Pooja Sharma,Female,45,Tirunelveli,Tamil Nadu,12-02-2024,Regular,Yes
100528,Santhosh Iyer,Male,30,Bengaluru,Karnataka,22-02-2024,Premium,No
100529,Ananya Gupta,Female,40,Salem,Tamil Nadu,28-03-2023,Premium,Yes
100530,Lakshmi Nair,Male,26,Tirunelveli,Tamil Nadu,03-02-2024,Regular,No
100531,Meena Kumar,Female,41,Coimbatore,Tamil Nadu,25-10-2024,VIP,No
100532,Lakshmi Kumar,Female,18,Bengaluru,Karnataka,03-05-2025,Regular,Yes
100533,Arun Nair,Female,39,Bengaluru,Karnataka,06-08-2025,Regular,No
100534,Arun Iyer,Female,35,Mumbai,Maharashtra,03-10-2023,Regular,Yes
100535,Ajay Krishnan,Female,34,Kolkata,West Bengal,31-05-2025,Regular,No
100536,Divya Gupta,Male,23,Bengaluru,Karnataka,14-01-2024,Regular,Yes
100537,Ajay Reddy,Female,65,Pune,Maharashtra,02-09-2023,Regular,Yes
100538,Naveen Das,Male,19,Bengaluru,Karnataka,06-10-2022,Regular,No
100539,Dinesh Iyer,Female,25,Kolkata,West Bengal,29-03-2023,Regular,Yes
100540,Karthik Patel,Male,22,Chennai,Tamil Nadu,01-03-2025,Regular,Yes
100541,Vikram Pillai,Other,64,Madurai,Tamil Nadu,03-01-2023,Premium,No
100542,Naveen Rao,Female,33,Chennai,Tamil Nadu,11-05-2022,Regular,Yes
100543,Ravi Pillai,Male,38,Hyderabad,Telangana,08-04-2023,Regular,Yes
100544,Suresh Reddy,Female,54,Hyderabad,Telangana,11-08-2026,Regular,Yes
100545,Rahul Patel,Female,20,Trichy,Tamil Nadu,12-09-2022,Regular,Yes
100546,Pooja Nair,Male,21,Chennai,Tamil Nadu,02-09-2022,Regular,No
100547,Suresh Nair,Female,26,Pune,Maharashtra,17-11-2023,VIP,Yes
100548,Lakshmi Joshi,Female,50,Coimbatore,Tamil Nadu,14-10-2023,Regular,Yes
100549,Sneha Sharma,Female,64,Kolkata,West Bengal,14-04-2026,Regular,Yes
100550,Karthik Gupta,Male,47,Madurai,Tamil Nadu,09-02-2023,Regular,Yes
100551,Meena Pillai,Female,59,Trichy,Tamil Nadu,11-12-2023,Regular,Yes
100552,Ajay Rao,Male,60,Delhi,Delhi,10-05-2023,Premium,Yes
100553,Divya Patel,Female,31,Trichy,Tamil Nadu,01-03-2023,VIP,Yes
100554,Rahul Rao,Male,26,Mumbai,Maharashtra,03-07-2023,Regular,No
100555,Divya Patel,Male,25,Tirunelveli,Tamil Nadu,14-03-2023,Regular,Yes
100556,Arun Gupta,Male,56,Kolkata,West Bengal,06-05-2025,Regular,Yes
100557,Santhosh Nair,Male,50,Madurai,Tamil Nadu,05-09-2025,Regular,Yes
100558,Ravi Pillai,Female,59,Salem,Tamil Nadu,28-10-2022,Regular,Yes
100559,Ravi Das,Female,42,Trichy,Tamil Nadu,23-04-2024,Premium,No
100560,Suresh Rao,Female,64,Salem,Tamil Nadu,25-03-2023,Regular,Yes
100561,Ravi Krishnan,Female,60,Kolkata,West Bengal,14-01-2026,Regular,Yes
100562,Ajay Rao,,56,Chennai,Tamil Nadu,22-06-2022,Premium,Yes
100563,Priya Pillai,Male,56,Pune,Maharashtra,27-11-2023,Regular,Yes
100564,Harini Iyer,Female,23,Hyderabad,Telangana,18-07-2023,Regular,Yes
100565,Divya Joshi,Female,53,Salem,Tamil Nadu,10-09-2023,Premium,Yes
100566,Vikram Gupta,Female,63,Hyderabad,Telangana,20-05-2026,Regular,No
100567,Swathi Pillai,Male,32,Hyderabad,Telangana,08-07-2024,Regular,No
100568,Arun Nair,Female,57,Hyderabad,Telangana,09-10-2023,Premium,Yes
100569,Keerthi Gupta,Male,34,Coimbatore,Tamil Nadu,05-10-2025,Regular,Yes
100570,Karthik Patel,Female,28,Kolkata,West Bengal,14-08-2025,Premium,Yes
100571,Sneha Menon,Male,53,Tirunelveli,Tamil Nadu,04-09-2022,Regular,No
100572,Lakshmi Sharma,Female,25,Delhi,Delhi,24-02-2024,Regular,Yes
100573,Karthik Patel,Male,41,Mumbai,Maharashtra,02-12-2023,Premium,Yes
100574,Harini Nair,Female,62,Chennai,Tamil Nadu,04-02-2024,Regular,Yes
100575,Divya Patel,Male,25,Chennai,Tamil Nadu,17-08-2023,Premium,Yes
100576,Keerthi Singh,Female,25,Delhi,Delhi,01-11-2025,Regular,No
100577,Rahul Gupta,Male,63,Tirunelveli,Tamil Nadu,21-08-2026,Regular,Yes
100578,Suresh Reddy,Female,55,Kolkata,West Bengal,15-02-2022,Premium,Yes
100579,Naveen Menon,Male,40,Salem,Tamil Nadu,27-12-2025,Regular,Yes
100580,Sneha Sharma,Male,37,Bengaluru,Karnataka,10-01-2026,Regular,No
100581,Arun Menon,Female,64,Bengaluru,Karnataka,14-09-2023,Regular,No
100582,Ajay Gupta,Male,52,Salem,Tamil Nadu,04-04-2024,Premium,Yes
100583,Ajay Singh,Male,61,Bengaluru,Karnataka,23-06-2022,VIP,Yes
100584,Keerthi Menon,Female,22,Chennai,Tamil Nadu,20-08-2023,Regular,Yes
100585,Ananya Pillai,Female,43,Delhi,Delhi,10-02-2023,Regular,No
100586,Harini Gupta,Female,52,Tirunelveli,Tamil Nadu,22-03-2026,Regular,No
100587,Lakshmi Singh,Male,19,Madurai,Tamil Nadu,02-07-2022,Regular,Yes
100588,Rahul Nair,Female,42,Bengaluru,Karnataka,01-08-2023,Regular,Yes
100589,Naveen Menon,Female,20,Salem,Tamil Nadu,28-03-2024,Premium,Yes
100590,Ananya Patel,Male,61,Salem,Tamil Nadu,21-07-2026,Regular,Yes
100591,Suresh Gupta,Female,50,Trichy,Tamil Nadu,21-10-2025,Regular,No
100592,Priya Patel,Male,27,Salem,Tamil Nadu,11-05-2026,Regular,No
100593,Karthik Gupta,Female,43,Hyderabad,Telangana,12-06-2023,Regular,Yes
100594,Meena Sharma,Female,23,Tirunelveli,Tamil Nadu,01-04-2023,Regular,No
100595,Divya Kumar,Female,56,Mumbai,Maharashtra,29-08-2024,Regular,No
100596,Meena Joshi,Male,27,Trichy,Tamil Nadu,03-08-2023,Regular,Yes
100597,Keerthi Pillai,Male,47,Kolkata,West Bengal,27-01-2022,Premium,Yes
100598,Naveen Pillai,Male,21,Trichy,Tamil Nadu,12-10-2025,Regular,No
100599,Vikram Joshi,,25,Coimbatore,Tamil Nadu,11-06-2022,Regular,Yes
100600,Karthik Nair,Female,65,Coimbatore,Tamil Nadu,29-11-2022,Premium,No
100601,Pooja Patel,Female,36,Coimbatore,Tamil Nadu,23-05-2026,Regular,Yes
100602,Divya Sharma,Male,23,Trichy,Tamil Nadu,29-05-2025,Regular,No
100603,Arun Rao,Female,51,Madurai,Tamil Nadu,28-12-2024,Premium,Yes
100604,Lakshmi Reddy,Male,27,Bengaluru,Karnataka,08-08-2022,Regular,Yes
100605,Suresh Joshi,Male,46,Trichy,Tamil Nadu,03-03-2023,Regular,No
100606,Swathi Kumar,Female,56,Kolkata,West Bengal,16-12-2022,Premium,Yes
100607,Ravi Iyer,Female,50,Mumbai,Maharashtra,26-12-2024,Regular,Yes
100608,Karthik Reddy,Female,29,Kolkata,West Bengal,30-04-2024,VIP,Yes
100609,Ajay Iyer,Other,29,Tirunelveli,Tamil Nadu,05-09-2023,Regular,Yes
100610,Divya Reddy,Male,28,Salem,Tamil Nadu,21-06-2025,Regular,Yes
100611,Ananya Krishnan,Female,48,Salem,Tamil Nadu,15-08-2025,Regular,Yes
100612,Ananya Patel,Female,50,Pune,Maharashtra,11-06-2025,Regular,Yes
100613,Ravi Das,Female,43,Trichy,Tamil Nadu,29-06-2022,Regular,Yes
100614,Arun Pillai,Male,37,Delhi,Delhi,01-11-2024,Regular,Yes
100615,Santhosh Das,Male,20,Madurai,Tamil Nadu,24-12-2022,Regular,No
100616,Keerthi Krishnan,Male,58,Coimbatore,Tamil Nadu,08-04-2023,Regular,Yes
100617,Suresh Singh,Male,49,Hyderabad,Telangana,22-07-2026,Regular,No
100618,Ananya Iyer,Male,48,Mumbai,Maharashtra,08-12-2023,Regular,Yes
100619,Dinesh Patel,Female,22,Chennai,Tamil Nadu,31-08-2025,Regular,Yes
100620,Divya Joshi,Female,31,Bengaluru,Karnataka,23-02-2023,Regular,Yes
100621,Ravi Das,Male,32,Pune,Maharashtra,12-07-2026,Premium,Yes
100622,Karthik Reddy,Female,46,Pune,Maharashtra,16-04-2023,Regular,Yes
100623,Naveen Nair,Female,55,Bengaluru,Karnataka,06-11-2022,Regular,No
100624,Rahul Gupta,Female,59,Pune,Maharashtra,04-07-2023,VIP,Yes
100625,Suresh Krishnan,Female,43,Coimbatore,Tamil Nadu,22-10-2022,Premium,Yes
100626,Vikram Rao,Female,35,Hyderabad,Telangana,15-10-2024,Regular,No
100627,Swathi Pillai,Male,37,Delhi,Delhi,02-09-2022,Regular,Yes
100628,Karthik Krishnan,Male,53,Delhi,Delhi,19-12-2022,Premium,No
100629,Santhosh Das,Female,33,Kolkata,West Bengal,08-04-2025,Regular,Yes
100630,Rahul Iyer,Female,37,Delhi,Delhi,14-03-2022,Regular,Yes
100631,Karthik Sharma,Female,55,Madurai,Tamil Nadu,19-01-2024,Regular,Yes
100632,Swathi Joshi,Female,44,Mumbai,Maharashtra,23-03-2025,Regular,Yes
100633,Ravi Das,Male,40,Pune,Maharashtra,28-01-2024,Premium,Yes
100634,Swathi Singh,Male,53,Delhi,Delhi,07-02-2022,Regular,No
100635,Meena Das,Female,31,Hyderabad,Telangana,26-09-2022,Regular,Yes
100636,Vikram Kumar,Male,20,Madurai,Tamil Nadu,09-07-2026,Regular,No
100637,Keerthi Gupta,Female,55,Hyderabad,Telangana,05-08-2025,Regular,Yes
100638,Priya Reddy,Female,39,Mumbai,Maharashtra,19-08-2023,Premium,Yes
100639,Divya Gupta,Female,33,Trichy,Tamil Nadu,25-01-2026,Premium,Yes
100640,Ravi Rao,Male,22,Tirunelveli,Tamil Nadu,12-01-2022,Regular,No
100641,Ajay Reddy,Female,62,Madurai,Tamil Nadu,22-03-2022,Premium,Yes
100642,Naveen Kumar,Male,52,Salem,Tamil Nadu,12-02-2026,Regular,No
100643,Rahul Gupta,Female,31,Salem,Tamil Nadu,20-02-2025,Regular,Yes
100644,Pooja Iyer,Male,47,Pune,Maharashtra,16-10-2024,Regular,No
100645,Suresh Kumar,Female,40,Trichy,Tamil Nadu,09-08-2023,Regular,No
100646,Pooja Menon,Female,33,Mumbai,Maharashtra,21-10-2025,Regular,No
100647,Divya Patel,Male,32,Pune,Maharashtra,30-10-2024,Premium,Yes
100648,Karthik Singh,Female,21,Kolkata,West Bengal,10-01-2024,Regular,Yes
100649,Divya Reddy,Male,64,Tirunelveli,Tamil Nadu,09-10-2023,Regular,No
100650,Suresh Pillai,Male,62,Salem,Tamil Nadu,26-08-2023,Premium,Yes
100651,Swathi Patel,Female,59,Pune,Maharashtra,05-09-2024,Premium,Yes
100652,Santhosh Iyer,Female,33,Coimbatore,Tamil Nadu,18-01-2025,Regular,No
100653,Santhosh Patel,Male,65,Hyderabad,Telangana,30-09-2025,Regular,No
100654,Ravi Iyer,Female,31,Trichy,Tamil Nadu,22-11-2023,Premium,Yes
100655,Swathi Patel,Female,57,Kolkata,West Bengal,08-03-2023,Regular,No
100656,Harini Sharma,Female,22,Kolkata,West Bengal,03-08-2024,Regular,Yes
100657,Ravi Iyer,Male,32,Trichy,Tamil Nadu,18-09-2024,Regular,Yes
100658,Harini Singh,Male,45,Coimbatore,Tamil Nadu,18-04-2023,Regular,Yes
100659,Pooja Pillai,Female,64,Chennai,Tamil Nadu,05-05-2022,Regular,No
100660,Ravi Kumar,Male,30,Mumbai,Maharashtra,20-07-2023,Premium,No
100661,Karthik Iyer,Male,38,Hyderabad,Telangana,30-04-2022,Regular,No
100662,Santhosh Pillai,Female,58,Madurai,Tamil Nadu,20-05-2022,VIP,Yes
100663,Meena Pillai,Male,40,Chennai,Tamil Nadu,01-07-2026,Regular,No
100664,Karthik Krishnan,Female,50,Hyderabad,Telangana,21-08-2025,Regular,
100665,Ananya Reddy,Male,38,Coimbatore,Tamil Nadu,02-03-2022,Regular,Yes
100666,Divya Singh,Female,18,Madurai,Tamil Nadu,17-08-2023,Regular,No
100667,Vikram Iyer,Female,31,Kolkata,West Bengal,09-03-2023,Regular,No
100668,Vikram Sharma,Other,45,Salem,Tamil Nadu,16-07-2026,Premium,No
100669,Lakshmi Singh,Female,18,Tirunelveli,Tamil Nadu,14-01-2024,Regular,No
100670,Rahul Das,Female,29,Bengaluru,Karnataka,18-03-2023,Regular,Yes
100671,Harini Singh,Male,63,Tirunelveli,Tamil Nadu,15-12-2024,Regular,Yes
100672,Dinesh Das,Female,18,Coimbatore,Tamil Nadu,18-03-2024,Regular,No
100673,Naveen Patel,Female,29,Coimbatore,Tamil Nadu,15-11-2022,Regular,Yes
100674,Arun Patel,Female,47,Bengaluru,Karnataka,04-06-2023,Regular,No
100675,Santhosh Gupta,Male,45,Coimbatore,Tamil Nadu,05-08-2022,Regular,Yes
100676,Swathi Pillai,Male,27,Madurai,Tamil Nadu,25-03-2025,Premium,Yes
100677,Ananya Patel,Female,20,Kolkata,West Bengal,09-07-2026,Premium,No
100678,Santhosh Das,Female,61,Bengaluru,Karnataka,06-10-2025,Regular,No
100679,Divya Reddy,Male,44,Kolkata,West Bengal,01-10-2023,Regular,Yes
100680,Harini Kumar,Male,45,Tirunelveli,Tamil Nadu,07-04-2024,Regular,Yes
100681,Priya Menon,Female,20,Madurai,Tamil Nadu,14-04-2022,Regular,Yes
100682,Arun Iyer,Male,28,Bengaluru,Karnataka,16-09-2023,Premium,Yes
100683,Lakshmi Singh,Female,21,Tirunelveli,Tamil Nadu,24-02-2022,Regular,No
100684,Naveen Nair,Male,64,Tirunelveli,Tamil Nadu,20-06-2025,Premium,Yes
100685,Priya Iyer,Male,54,Hyderabad,Telangana,26-03-2026,Regular,Yes
100686,Swathi Sharma,Male,44,Trichy,Tamil Nadu,22-11-2022,VIP,No
100687,Keerthi Patel,Female,50,Delhi,Delhi,19-02-2025,Premium,No
100688,Ananya Joshi,Female,25,Coimbatore,Tamil Nadu,16-10-2024,Premium,Yes
100689,Ajay Das,Male,65,Pune,Maharashtra,12-12-2023,VIP,No
100690,Ananya Singh,Male,42,Trichy,Tamil Nadu,01-06-2025,Regular,Yes
100691,Pooja Kumar,Male,42,Tirunelveli,Tamil Nadu,01-03-2025,Regular,Yes
100692,Karthik Das,Male,64,Trichy,Tamil Nadu,03-04-2023,Regular,No
100693,Ajay Sharma,Female,22,Tirunelveli,Tamil Nadu,19-09-2025,Premium,Yes
100694,Swathi Rao,Male,38,Tirunelveli,Tamil Nadu,19-01-2025,Premium,No
100695,Karthik Menon,Female,22,Bengaluru,Karnataka,16-06-2023,Regular,Yes
100696,Lakshmi Singh,Male,38,Mumbai,Maharashtra,03-06-2025,Premium,No
100697,Divya Patel,Male,30,Madurai,Tamil Nadu,25-12-2024,Regular,Yes
100698,Keerthi Kumar,Male,40,Coimbatore,Tamil Nadu,19-07-2022,Regular,Yes
100699,Meena Kumar,Male,51,Chennai,Tamil Nadu,10-10-2022,Regular,No
100700,Arun Nair,Male,31,Bengaluru,Karnataka,05-07-2023,Regular,No
100701,Naveen Pillai,Male,20,Kolkata,West Bengal,17-03-2022,Regular,No
100702,Priya Reddy,Male,25,Coimbatore,Tamil Nadu,22-11-2023,Premium,Yes
100703,Suresh Das,Female,52,Hyderabad,Telangana,24-02-2024,Regular,Yes
100704,Lakshmi Krishnan,Male,45,Hyderabad,Telangana,12-08-2025,Regular,Yes
100705,Ravi Kumar,Male,64,Bengaluru,Karnataka,19-10-2022,Regular,Yes
100706,Priya Iyer,Male,60,Kolkata,West Bengal,22-08-2024,Regular,Yes
100707,Pooja Patel,Female,25,Chennai,Tamil Nadu,03-02-2025,Premium,No
100708,Karthik Krishnan,Female,53,Kolkata,West Bengal,04-02-2024,Premium,Yes
100709,Dinesh Nair,Female,22,Pune,Maharashtra,23-03-2026,Regular,Yes
100710,Harini Menon,Female,22,Pune,Maharashtra,26-06-2023,Premium,No
100711,Naveen Pillai,Female,56,Madurai,Tamil Nadu,25-11-2023,Premium,No
100712,Sneha Menon,Male,37,Kolkata,West Bengal,07-01-2022,Premium,Yes
100713,Lakshmi Joshi,Female,65,Madurai,Tamil Nadu,30-11-2023,Regular,No
100714,Keerthi Menon,Female,18,Trichy,Tamil Nadu,04-02-2022,Regular,No
100715,Harini Gupta,Male,42,Tirunelveli,Tamil Nadu,31-07-2026,Premium,Yes
100716,Harini Gupta,Male,32,Trichy,Tamil Nadu,13-02-2023,Regular,No
100717,Ananya Menon,Male,65,Kolkata,West Bengal,12-10-2025,Regular,No
100718,Suresh Gupta,Male,50,Pune,Maharashtra,18-07-2022,Regular,No
100719,Dinesh Joshi,Female,55,Hyderabad,Telangana,12-04-2023,Regular,Yes
100720,Keerthi Nair,Male,31,Coimbatore,Tamil Nadu,23-07-2022,Regular,Yes
100721,Sneha Das,Female,60,Bengaluru,Karnataka,19-09-2023,Premium,No
100722,Keerthi Rao,Other,58,Tirunelveli,Tamil Nadu,21-10-2024,Regular,Yes
100723,Pooja Gupta,Male,55,Salem,Tamil Nadu,15-12-2023,Regular,Yes
100724,Rahul Nair,Male,40,Bengaluru,Karnataka,26-10-2024,VIP,Yes
100725,Naveen Gupta,Female,62,Trichy,Tamil Nadu,02-10-2025,Regular,No
100726,Swathi Gupta,Female,50,Bengaluru,Karnataka,18-03-2022,Regular,Yes
100727,Harini Joshi,Male,21,Madurai,Tamil Nadu,23-12-2023,Premium,No
100728,Ajay Reddy,Male,60,Bengaluru,Karnataka,06-10-2024,VIP,Yes
100729,Keerthi Krishnan,Female,19,Pune,Maharashtra,08-06-2024,Premium,No
100730,Rahul Menon,Female,50,Coimbatore,Tamil Nadu,05-09-2022,Regular,Yes
100731,Ravi Joshi,Male,29,Madurai,Tamil Nadu,18-12-2022,Regular,No
100732,Karthik Pillai,Male,61,Pune,Maharashtra,04-10-2023,Premium,No
100733,Suresh Das,Other,53,Tirunelveli,Tamil Nadu,12-01-2025,Premium,Yes
100734,Pooja Das,Male,56,Trichy,Tamil Nadu,10-08-2026,Regular,Yes
100735,Santhosh Iyer,Male,51,Hyderabad,Telangana,19-09-2023,Premium,No
100736,Naveen Joshi,Female,45,Madurai,Tamil Nadu,06-06-2024,Regular,No
100737,Karthik Reddy,Male,59,Madurai,Tamil Nadu,06-06-2023,Regular,Yes
100738,Meena Menon,Male,32,Delhi,Delhi,28-02-2022,Regular,Yes
100739,Lakshmi Gupta,Female,43,Madurai,Tamil Nadu,09-11-2023,Regular,No
100740,Swathi Nair,Female,32,Salem,Tamil Nadu,15-08-2023,VIP,No
100741,Ajay Iyer,Female,23,Trichy,Tamil Nadu,13-09-2022,Regular,Yes
100742,Meena Iyer,Male,60,Trichy,Tamil Nadu,14-02-2025,Premium,Yes
100743,Arun Gupta,Female,41,Coimbatore,Tamil Nadu,16-03-2023,Regular,Yes
100744,Dinesh Rao,Female,20,Mumbai,Maharashtra,17-01-2023,Premium,No
100745,Arun Sharma,Female,57,Trichy,Tamil Nadu,24-10-2023,Regular,No
100746,Rahul Menon,Female,63,Delhi,Delhi,28-06-2026,Premium,Yes
100747,Karthik Reddy,Female,49,Kolkata,West Bengal,17-12-2024,Regular,Yes
100748,Harini Pillai,Female,33,Mumbai,Maharashtra,24-12-2023,Premium,Yes
100749,Swathi Patel,Female,59,Mumbai,Maharashtra,27-10-2025,Regular,Yes
100750,Keerthi Iyer,Male,53,Bengaluru,Karnataka,05-02-2022,Regular,No
100751,Harini Sharma,Female,31,Tirunelveli,Tamil Nadu,27-07-2023,VIP,No
100752,Naveen Rao,Female,33,Bengaluru,Karnataka,07-07-2024,Regular,Yes
100753,Swathi Nair,Male,65,Bengaluru,Karnataka,10-04-2024,Premium,Yes
100754,Sneha Menon,Male,63,Tirunelveli,Tamil Nadu,23-02-2025,Regular,Yes
100755,Ajay Nair,Female,50,Kolkata,West Bengal,07-04-2025,Premium,No
100756,Ananya Patel,Male,19,Pune,Maharashtra,15-02-2024,Premium,Yes
100757,Meena Reddy,Female,29,Madurai,Tamil Nadu,30-04-2026,Premium,Yes
100758,Divya Reddy,Female,34,Delhi,Delhi,27-04-2026,Regular,No
100759,Arun Pillai,Male,43,Bengaluru,Karnataka,18-03-2024,Regular,Yes
100760,Karthik Iyer,Male,59,Madurai,Tamil Nadu,14-03-2026,Premium,No
100761,Sneha Joshi,Female,58,Hyderabad,Telangana,25-12-2024,Regular,Yes
100762,Meena Patel,Male,31,Kolkata,West Bengal,25-08-2022,VIP,Yes
100763,Suresh Sharma,Female,23,Tirunelveli,Tamil Nadu,23-07-2022,Regular,No
100764,Vikram Reddy,Male,31,Tirunelveli,Tamil Nadu,16-05-2022,Regular,No
100765,Dinesh Kumar,Male,29,Delhi,Delhi,27-12-2022,Premium,No
100766,Suresh Gupta,Female,61,Trichy,Tamil Nadu,15-06-2023,Regular,Yes
100767,Dinesh Rao,Male,18,Coimbatore,Tamil Nadu,28-04-2022,Regular,Yes
100768,Karthik Patel,Female,57,Pune,Maharashtra,30-10-2024,Regular,Yes
100769,Karthik Krishnan,Female,49,Bengaluru,Karnataka,01-12-2023,VIP,Yes
100770,Divya Das,Male,23,Delhi,Delhi,19-10-2024,Regular,Yes
100771,Pooja Joshi,Male,50,Coimbatore,Tamil Nadu,05-05-2024,VIP,Yes
100772,Ananya Joshi,Female,45,Tirunelveli,Tamil Nadu,07-04-2023,Regular,Yes
100773,Suresh Krishnan,Female,18,Chennai,Tamil Nadu,11-11-2024,Regular,Yes
100774,Pooja Gupta,Female,28,Madurai,Tamil Nadu,05-06-2026,Regular,Yes
100775,Meena Gupta,Female,34,Salem,Tamil Nadu,23-06-2023,Regular,Yes
100776,Ananya Nair,Male,28,Tirunelveli,Tamil Nadu,07-06-2023,Regular,No
100777,Meena Krishnan,Male,45,Pune,Maharashtra,27-05-2024,Regular,No
100778,Ajay Sharma,Female,47,Bengaluru,Karnataka,29-09-2025,Regular,Yes
100779,Dinesh Menon,Female,26,Mumbai,Maharashtra,22-06-2024,Premium,Yes
100780,Rahul Joshi,Female,23,Salem,Tamil Nadu,15-11-2025,Regular,No
100781,Pooja Sharma,Male,49,Salem,Tamil Nadu,06-05-2022,Regular,Yes
100782,Meena Gupta,Female,40,Coimbatore,Tamil Nadu,17-06-2022,Regular,No
100783,Divya Joshi,Female,30,Bengaluru,Karnataka,22-11-2023,Regular,Yes
100784,Suresh Reddy,Male,30,Bengaluru,Karnataka,31-01-2023,Premium,No
100785,Ananya Rao,Female,19,Pune,Maharashtra,09-02-2022,Premium,Yes
100786,Pooja Pillai,Female,58,Coimbatore,Tamil Nadu,01-01-2023,Premium,No
100787,Sneha Joshi,Male,58,Chennai,Tamil Nadu,06-04-2023,Regular,Yes
100788,Ravi Sharma,Male,44,Madurai,Tamil Nadu,13-04-2026,Regular,Yes
100789,Santhosh Patel,Male,34,Kolkata,West Bengal,22-08-2025,Premium,Yes
100790,Ajay Krishnan,Female,28,Chennai,Tamil Nadu,20-08-2023,VIP,Yes
100791,Arun Reddy,Male,32,Bengaluru,Karnataka,17-06-2026,Regular,No
100792,Pooja Patel,Male,62,Pune,Maharashtra,23-11-2025,Regular,Yes
100793,Arun Kumar,Male,22,Madurai,Tamil Nadu,03-03-2023,Premium,Yes
100794,Dinesh Iyer,Male,57,Trichy,Tamil Nadu,23-03-2024,VIP,Yes
100795,Rahul Rao,,32,Pune,Maharashtra,16-04-2026,Regular,Yes
100796,Rahul Krishnan,Female,30,Mumbai,Maharashtra,17-02-2024,Regular,No
100797,Ravi Krishnan,Male,56,Tirunelveli,Tamil Nadu,23-09-2023,Premium,No
100798,Meena Menon,Male,64,Pune,Maharashtra,16-03-2026,Premium,Yes
100799,Ajay Singh,Male,65,Mumbai,Maharashtra,27-01-2025,Regular,Yes
100800,Arun Reddy,,30,Pune,Maharashtra,20-01-2024,Regular,No
100801,Rahul Kumar,Male,46,Chennai,Tamil Nadu,18-01-2026,Regular,Yes
100802,Divya Iyer,Female,32,Mumbai,Maharashtra,20-06-2025,Premium,No
100803,Priya Patel,Female,27,Kolkata,West Bengal,15-08-2023,Premium,Yes
100804,Ravi Iyer,Female,36,Tirunelveli,Tamil Nadu,23-12-2023,Regular,Yes
100805,Divya Kumar,,20,Madurai,Tamil Nadu,22-03-2022,Regular,Yes
100806,Priya Iyer,Female,25,Trichy,Tamil Nadu,23-06-2022,Premium,Yes
100807,Meena Krishnan,Female,46,Kolkata,West Bengal,11-06-2026,Regular,No
100808,Swathi Das,Male,50,Bengaluru,Karnataka,01-04-2022,Regular,Yes
100809,Ajay Joshi,Male,30,Delhi,Delhi,23-11-2025,Regular,No
100810,Divya Gupta,Female,44,Tirunelveli,Tamil Nadu,21-12-2022,Regular,Yes
100811,Santhosh Rao,Male,54,Chennai,Tamil Nadu,09-07-2024,Premium,No
100812,Dinesh Sharma,Male,60,Salem,Tamil Nadu,12-05-2025,Regular,Yes
100813,Harini Rao,Female,45,Madurai,Tamil Nadu,13-08-2026,Premium,Yes
100814,Karthik Kumar,Male,29,Mumbai,Maharashtra,28-09-2023,Regular,Yes
100815,Naveen Nair,Female,52,Trichy,Tamil Nadu,22-04-2026,Regular,Yes
100816,Vikram Singh,Male,26,Salem,Tamil Nadu,11-02-2024,Premium,Yes
100817,Lakshmi Singh,Male,24,Chennai,Tamil Nadu,14-01-2026,Regular,Yes
100818,Priya Reddy,Male,35,Bengaluru,Karnataka,23-06-2022,Premium,Yes
100819,Rahul Krishnan,Male,33,Coimbatore,Tamil Nadu,01-04-2023,Regular,Yes
100820,Dinesh Gupta,Female,25,Tirunelveli,Tamil Nadu,25-11-2024,VIP,Yes
100821,Ajay Menon,Female,20,Chennai,Tamil Nadu,15-04-2025,Regular,No
100822,Suresh Das,Female,63,Coimbatore,Tamil Nadu,27-09-2025,Regular,
100823,Rahul Rao,Female,50,Bengaluru,Karnataka,01-09-2023,Regular,No
100824,Keerthi Kumar,Male,52,Coimbatore,Tamil Nadu,27-11-2024,Regular,No
100825,Ravi Menon,Male,21,Coimbatore,Tamil Nadu,21-11-2024,Regular,No
100826,Ananya Rao,Male,56,Bengaluru,Karnataka,01-08-2026,Regular,Yes
100827,Divya Reddy,Female,35,Madurai,Tamil Nadu,19-07-2022,Regular,Yes
100828,Rahul Patel,Female,53,Salem,Tamil Nadu,28-01-2022,Regular,Yes
100829,Dinesh Joshi,Male,41,Salem,Tamil Nadu,04-09-2024,Premium,Yes
100830,Ajay Das,Female,29,Chennai,Tamil Nadu,27-01-2022,Regular,No
100831,Ajay Nair,Female,30,Hyderabad,Telangana,29-11-2022,Regular,No
100832,Suresh Das,Male,24,Hyderabad,Telangana,30-04-2024,VIP,Yes
100833,Swathi Singh,Female,57,Pune,Maharashtra,01-04-2023,Premium,No
100834,Keerthi Nair,Female,38,Bengaluru,Karnataka,29-03-2023,Regular,No
100835,Divya Patel,Female,55,Salem,Tamil Nadu,12-08-2023,Regular,
100836,Priya Nair,Male,57,Trichy,Tamil Nadu,13-03-2025,Regular,Yes
100837,Naveen Krishnan,Male,26,Trichy,Tamil Nadu,14-09-2023,Regular,No
100838,Lakshmi Kumar,Male,33,Hyderabad,Telangana,10-09-2025,Premium,No
100839,Swathi Gupta,Female,23,Chennai,Tamil Nadu,28-09-2022,Regular,Yes
100840,Suresh Reddy,Female,18,Salem,Tamil Nadu,24-06-2022,VIP,Yes
100841,Ananya Krishnan,Female,65,Mumbai,Maharashtra,11-10-2022,Premium,No
100842,Harini Das,Male,49,Coimbatore,Tamil Nadu,09-04-2026,VIP,No
100843,Ravi Krishnan,Male,39,Salem,Tamil Nadu,17-04-2023,Regular,Yes
100844,Priya Das,Female,27,Chennai,Tamil Nadu,20-02-2022,Premium,
100845,Arun Joshi,Male,46,Chennai,Tamil Nadu,21-06-2023,Premium,Yes
100846,Harini Rao,Female,44,Chennai,Tamil Nadu,16-03-2025,Premium,No
100847,Ananya Menon,Female,28,Bengaluru,Karnataka,08-09-2023,Regular,No
100848,Ajay Krishnan,Male,18,Chennai,Tamil Nadu,16-10-2023,Regular,No
100849,Ravi Reddy,Male,40,Trichy,Tamil Nadu,27-05-2022,Regular,No
100850,Priya Reddy,Male,42,Coimbatore,Tamil Nadu,08-02-2025,Regular,No
100851,Ravi Singh,Male,56,Tirunelveli,Tamil Nadu,10-01-2023,Premium,Yes
100852,Ravi Reddy,Female,36,Trichy,Tamil Nadu,15-06-2022,Premium,No
100853,Santhosh Singh,Male,22,Tirunelveli,Tamil Nadu,30-04-2025,Regular,Yes
100854,Dinesh Singh,Male,60,Hyderabad,Telangana,13-05-2026,Regular,Yes
100855,Suresh Das,Male,37,Mumbai,Maharashtra,03-11-2024,Regular,No
100856,Divya Reddy,Male,52,Salem,Tamil Nadu,13-05-2026,Premium,Yes
100857,Ananya Gupta,Female,20,Hyderabad,Telangana,15-11-2023,Premium,Yes
100858,Rahul Nair,Female,19,Chennai,Tamil Nadu,01-06-2024,Regular,Yes
100859,Pooja Krishnan,,19,Madurai,Tamil Nadu,31-08-2023,Regular,Yes
100860,Suresh Sharma,Female,55,Trichy,Tamil Nadu,16-05-2024,VIP,Yes
100861,Arun Nair,Male,29,Tirunelveli,Tamil Nadu,26-02-2026,Premium,No
100862,Dinesh Kumar,Female,55,Tirunelveli,Tamil Nadu,15-12-2024,Premium,Yes
100863,Harini Krishnan,Male,63,Bengaluru,Karnataka,15-02-2022,Regular,No
100864,Arun Patel,Female,49,Trichy,Tamil Nadu,13-09-2024,Regular,Yes
100865,Karthik Joshi,Male,65,Salem,Tamil Nadu,04-10-2023,Premium,Yes
100866,Keerthi Patel,Male,62,Madurai,Tamil Nadu,13-07-2024,Regular,Yes
100867,Divya Rao,Male,52,Trichy,Tamil Nadu,06-08-2024,Premium,Yes
100868,Arun Reddy,Female,56,Salem,Tamil Nadu,28-09-2024,Premium,No
100869,Sneha Das,Male,46,Pune,Maharashtra,12-01-2026,Regular,No
100870,Pooja Nair,Female,28,Chennai,Tamil Nadu,30-12-2025,Regular,Yes
100871,Rahul Singh,Male,22,Pune,Maharashtra,10-07-2026,Premium,Yes
100872,Dinesh Iyer,Female,36,Hyderabad,Telangana,04-11-2024,VIP,Yes
100873,Sneha Sharma,Female,40,Bengaluru,Karnataka,30-04-2023,Regular,Yes
100874,Dinesh Sharma,Male,34,Bengaluru,Karnataka,29-11-2022,Premium,Yes
100875,Keerthi Joshi,Male,22,Madurai,Tamil Nadu,14-12-2025,Regular,Yes
100876,Ajay Singh,Male,42,Kolkata,West Bengal,03-04-2026,Premium,No
100877,Karthik Kumar,Female,41,Kolkata,West Bengal,05-03-2022,Premium,
100878,Sneha Joshi,Female,63,Madurai,Tamil Nadu,03-01-2023,Regular,No
100879,Rahul Kumar,Male,63,Kolkata,West Bengal,28-02-2025,Premium,Yes
100880,Dinesh Singh,Male,47,Coimbatore,Tamil Nadu,08-10-2022,Premium,Yes
100881,Ananya Menon,Male,58,Bengaluru,Karnataka,27-03-2022,Premium,No
100882,Ravi Pillai,Male,33,Salem,Tamil Nadu,22-08-2026,Regular,Yes
100883,Meena Krishnan,Female,64,Pune,Maharashtra,13-06-2022,Premium,Yes
100884,Harini Nair,Male,63,Bengaluru,Karnataka,29-12-2022,Premium,Yes
100885,Divya Joshi,Male,24,Trichy,Tamil Nadu,09-08-2026,Regular,No
100886,Karthik Kumar,Female,51,Madurai,Tamil Nadu,20-06-2022,Regular,Yes
100887,Keerthi Joshi,Female,39,Chennai,Tamil Nadu,21-09-2025,Premium,Yes
100888,Priya Gupta,Female,30,Hyderabad,Telangana,13-08-2024,Regular,Yes
100889,Dinesh Joshi,Male,37,Chennai,Tamil Nadu,06-07-2024,Regular,Yes
100890,Suresh Reddy,Female,61,Mumbai,Maharashtra,07-11-2025,Premium,Yes
100891,Ravi Sharma,Female,62,Bengaluru,Karnataka,06-02-2022,Regular,Yes
100892,Dinesh Krishnan,Female,34,Madurai,Tamil Nadu,14-04-2022,Premium,Yes
100893,Meena Rao,Male,40,Kolkata,West Bengal,29-11-2022,Regular,Yes
100894,Naveen Rao,Female,42,Tirunelveli,Tamil Nadu,13-04-2024,Regular,No
100895,Dinesh Pillai,Female,53,Madurai,Tamil Nadu,24-06-2026,VIP,No
100896,Santhosh Das,Female,41,Coimbatore,Tamil Nadu,27-04-2022,Premium,Yes
100897,Naveen Patel,Female,37,Kolkata,West Bengal,16-12-2023,Regular,Yes
100898,Arun Singh,Female,62,Chennai,Tamil Nadu,30-12-2023,Premium,Yes
100899,Harini Sharma,Female,35,Chennai,Tamil Nadu,01-12-2022,VIP,Yes
100900,Ravi Iyer,Female,30,Coimbatore,Tamil Nadu,08-08-2023,Premium,Yes
100901,Suresh Iyer,Male,33,Chennai,Tamil Nadu,08-12-2022,Regular,No
100902,Naveen Gupta,Male,33,Chennai,Tamil Nadu,22-08-2022,Regular,Yes
100903,Swathi Krishnan,Female,44,Hyderabad,Telangana,05-06-2024,Premium,Yes
100904,Karthik Rao,Female,49,Salem,Tamil Nadu,02-05-2026,Premium,No
100905,Rahul Singh,Female,24,Pune,Maharashtra,19-11-2023,Regular,Yes
100906,Ravi Krishnan,Female,60,Madurai,Tamil Nadu,15-12-2024,Regular,Yes
100907,Priya Gupta,Female,30,Delhi,Delhi,13-02-2025,Regular,No
100908,Meena Pillai,Female,23,Hyderabad,Telangana,04-12-2025,Regular,Yes
100909,Ravi Rao,Male,50,Delhi,Delhi,02-11-2025,Regular,Yes
100910,Pooja Gupta,Female,28,Bengaluru,Karnataka,21-03-2026,Regular,Yes
100911,Sneha Rao,Male,54,Trichy,Tamil Nadu,16-10-2025,Regular,Yes
100912,Arun Nair,Female,63,Hyderabad,Telangana,01-05-2026,Regular,Yes
100913,Dinesh Pillai,Female,51,Delhi,Delhi,01-07-2026,Regular,No
100914,Divya Singh,Male,55,Tirunelveli,Tamil Nadu,25-06-2025,Premium,No
100915,Keerthi Singh,Male,41,Coimbatore,Tamil Nadu,18-04-2024,Regular,Yes
100916,Sneha Patel,Male,34,Pune,Maharashtra,06-06-2023,Regular,No
100917,Suresh Rao,Female,47,Kolkata,West Bengal,29-08-2024,Regular,No
100918,Santhosh Rao,Male,35,Trichy,Tamil Nadu,10-11-2025,Regular,Yes
100919,Ananya Krishnan,Male,60,Mumbai,Maharashtra,05-07-2025,Regular,Yes
100920,Swathi Nair,Female,40,Coimbatore,Tamil Nadu,03-06-2024,VIP,Yes
100921,Meena Reddy,Male,41,Salem,Tamil Nadu,10-05-2022,Regular,Yes
100922,Harini Pillai,Female,50,Kolkata,West Bengal,07-04-2023,Regular,No
100923,Sneha Patel,Female,27,Pune,Maharashtra,08-09-2024,Premium,No
100924,Divya Pillai,Male,44,Bengaluru,Karnataka,18-10-2023,Premium,No
100925,Priya Iyer,Male,54,Hyderabad,Telangana,15-02-2024,Regular,Yes
100926,Vikram Rao,Female,55,Tirunelveli,Tamil Nadu,28-05-2023,Regular,Yes
100927,Karthik Rao,Female,28,Kolkata,West Bengal,10-05-2022,Regular,Yes
100928,Naveen Gupta,Male,20,Mumbai,Maharashtra,03-03-2024,Regular,Yes
100929,Priya Sharma,Female,27,Pune,Maharashtra,27-01-2024,Regular,Yes
100930,Priya Pillai,Female,57,Kolkata,West Bengal,21-08-2025,Premium,Yes
100931,Pooja Rao,Male,30,Kolkata,West Bengal,10-07-2022,Regular,No
100932,Swathi Das,Female,20,Madurai,Tamil Nadu,04-04-2024,Regular,Yes
100933,Karthik Rao,Female,46,Mumbai,Maharashtra,22-12-2025,Premium,Yes
100934,Naveen Kumar,Male,60,Coimbatore,Tamil Nadu,01-04-2023,Regular,Yes
100935,Ajay Nair,Female,28,Pune,Maharashtra,22-06-2023,Regular,No
100936,Priya Reddy,Male,20,Tirunelveli,Tamil Nadu,29-05-2022,Premium,Yes
100937,Suresh Patel,Male,24,Bengaluru,Karnataka,03-09-2024,Regular,Yes
100938,Divya Krishnan,Male,24,Bengaluru,Karnataka,25-12-2025,Regular,Yes
100939,Suresh Nair,Female,27,Pune,Maharashtra,29-03-2024,Regular,Yes
100940,Swathi Sharma,Female,26,Kolkata,West Bengal,11-12-2023,Regular,Yes
100941,Ananya Sharma,Female,48,Madurai,Tamil Nadu,27-06-2025,Regular,No
100942,Santhosh Iyer,Male,28,Delhi,Delhi,22-01-2024,Regular,Yes
100943,Dinesh Iyer,Female,44,Salem,Tamil Nadu,09-11-2023,Regular,Yes
100944,Vikram Das,Female,37,Pune,Maharashtra,22-07-2025,Regular,Yes
100945,Dinesh Iyer,Male,49,Bengaluru,Karnataka,28-04-2023,Regular,Yes
100946,Karthik Pillai,Male,49,Bengaluru,Karnataka,15-12-2025,Premium,No
100947,Vikram Iyer,Female,46,Tirunelveli,Tamil Nadu,01-04-2023,VIP,No
100948,Naveen Sharma,Male,60,Bengaluru,Karnataka,18-05-2024,Regular,Yes
100949,Harini Pillai,Female,27,Tirunelveli,Tamil Nadu,02-03-2023,Regular,Yes
100950,Harini Patel,Female,43,Mumbai,Maharashtra,11-12-2024,Premium,Yes
100951,Rahul Singh,Male,36,Bengaluru,Karnataka,09-01-2024,Regular,Yes
100952,Vikram Joshi,Other,43,Mumbai,Maharashtra,11-02-2023,Regular,Yes
100953,Ajay Joshi,Female,24,Coimbatore,Tamil Nadu,18-06-2025,VIP,No
100954,Swathi Menon,Male,33,Pune,Maharashtra,09-05-2026,Regular,No
100955,Rahul Kumar,Female,63,Trichy,Tamil Nadu,17-02-2022,Regular,Yes
100956,Arun Das,Male,56,Coimbatore,Tamil Nadu,23-08-2024,Regular,No
100957,Karthik Joshi,Female,38,Delhi,Delhi,06-05-2025,Regular,Yes
100958,Rahul Joshi,Male,23,Coimbatore,Tamil Nadu,08-05-2025,Regular,Yes
100959,Pooja Sharma,Male,49,Tirunelveli,Tamil Nadu,10-01-2023,Regular,Yes
100960,Priya Singh,Male,32,Delhi,Delhi,14-07-2022,Premium,Yes
100961,Vikram Patel,Male,33,Bengaluru,Karnataka,23-05-2024,Regular,Yes
100962,Ravi Sharma,Male,22,Delhi,Delhi,18-12-2024,VIP,No
100963,Rahul Krishnan,Male,31,Salem,Tamil Nadu,08-05-2023,Regular,Yes
100964,Lakshmi Reddy,Female,28,Hyderabad,Telangana,20-09-2023,Regular,Yes
100965,Santhosh Patel,Male,19,Tirunelveli,Tamil Nadu,23-06-2024,Regular,Yes
100966,Vikram Sharma,Male,46,Coimbatore,Tamil Nadu,05-02-2024,Regular,Yes
100967,Suresh Nair,Male,64,Coimbatore,Tamil Nadu,01-04-2024,Regular,Yes
100968,Pooja Iyer,Female,24,Mumbai,Maharashtra,05-03-2025,Regular,Yes
100969,Sneha Nair,Male,20,Tirunelveli,Tamil Nadu,01-08-2026,Regular,Yes
100970,Priya Iyer,Female,22,Chennai,Tamil Nadu,15-09-2025,Regular,Yes
100971,Ajay Joshi,Female,44,Mumbai,Maharashtra,14-01-2022,Regular,Yes
100972,Keerthi Iyer,Male,57,Pune,Maharashtra,17-08-2023,Regular,No
100973,Lakshmi Rao,Other,32,Pune,Maharashtra,17-01-2022,Regular,No
100974,Naveen Iyer,Male,23,Pune,Maharashtra,24-01-2026,Regular,Yes
100975,Keerthi Sharma,Female,22,Bengaluru,Karnataka,31-12-2024,Premium,No
100976,Ajay Iyer,Male,47,Hyderabad,Telangana,08-01-2023,Premium,No
100977,Santhosh Kumar,Female,35,Bengaluru,Karnataka,27-11-2025,Regular,Yes
100978,Pooja Sharma,Female,34,Kolkata,West Bengal,14-08-2024,Regular,No
100979,Pooja Nair,Male,29,Delhi,Delhi,29-03-2022,Regular,Yes
100980,Lakshmi Krishnan,Male,61,Kolkata,West Bengal,15-09-2022,Regular,No
100981,Ananya Sharma,Male,35,Coimbatore,Tamil Nadu,07-10-2025,Regular,Yes
100982,Keerthi Nair,Male,51,Madurai,Tamil Nadu,07-05-2023,Regular,Yes
100983,Priya Das,Other,53,Kolkata,West Bengal,10-06-2024,VIP,No
100984,Karthik Reddy,Female,20,Coimbatore,Tamil Nadu,03-03-2026,Premium,No
100985,Arun Singh,Female,29,Coimbatore,Tamil Nadu,07-05-2023,Regular,Yes
100986,Karthik Sharma,Female,60,Coimbatore,Tamil Nadu,20-01-2022,Regular,No
100987,Suresh Reddy,Female,60,Coimbatore,Tamil Nadu,23-05-2022,Regular,No
100988,Rahul Nair,Female,37,Mumbai,Maharashtra,06-04-2026,Regular,No
100989,Priya Joshi,Male,25,Hyderabad,Telangana,16-10-2024,Regular,No
100990,Meena Joshi,Male,32,Trichy,Tamil Nadu,13-07-2023,Regular,No
100991,Harini Joshi,Male,63,Delhi,Delhi,14-05-2022,Regular,Yes
100992,Ravi Singh,Male,50,Kolkata,West Bengal,28-03-2025,Regular,No
100993,Naveen Sharma,Male,21,Hyderabad,Telangana,09-03-2022,Premium,Yes
100994,Dinesh Patel,Male,52,Pune,Maharashtra,05-06-2022,Regular,No
100995,Arun Reddy,Male,25,Kolkata,West Bengal,06-10-2024,VIP,No
100996,Karthik Kumar,Male,32,Coimbatore,Tamil Nadu,26-12-2024,Regular,No
100997,Pooja Sharma,Male,41,Kolkata,West Bengal,26-08-2024,Regular,Yes
100998,Dinesh Nair,Male,34,Delhi,Delhi,27-03-2026,Regular,Yes
100999,Naveen Patel,Male,51,Tirunelveli,Tamil Nadu,03-04-2023,Regular,Yes
101000,Rahul Iyer,Male,25,Kolkata,West Bengal,01-08-2024,Regular,Yes
101001,Ajay Menon,Female,60,Trichy,Tamil Nadu,05-06-2023,Regular,No
101002,Divya Patel,Female,46,Madurai,Tamil Nadu,08-09-2023,Regular,No
101003,Santhosh Gupta,Male,32,Kolkata,West Bengal,14-09-2022,Regular,No
101004,Suresh Reddy,Male,63,Salem,Tamil Nadu,11-09-2025,Regular,Yes
101005,Vikram Rao,Male,40,Bengaluru,Karnataka,11-04-2025,Premium,No
101006,Keerthi Iyer,Male,37,Tirunelveli,Tamil Nadu,26-04-2025,Regular,No
101007,Priya Nair,,19,Salem,Tamil Nadu,30-08-2022,Premium,No
101008,Swathi Iyer,Female,65,Kolkata,West Bengal,20-07-2022,VIP,Yes
101009,Suresh Iyer,Male,58,Madurai,Tamil Nadu,22-08-2025,Regular,No
101010,Karthik Das,Male,26,Kolkata,West Bengal,05-02-2025,Premium,Yes
101011,Divya Reddy,Female,63,Mumbai,Maharashtra,20-02-2022,Regular,Yes
101012,Lakshmi Iyer,Female,56,Trichy,Tamil Nadu,03-02-2025,Regular,Yes
101013,Sneha Joshi,Male,38,Hyderabad,Telangana,25-07-2026,Regular,No
101014,Keerthi Kumar,Male,62,Mumbai,Maharashtra,02-07-2025,Regular,Yes
101015,Suresh Rao,Female,44,Kolkata,West Bengal,18-04-2023,Regular,No
101016,Divya Rao,Male,51,Salem,Tamil Nadu,22-06-2023,Regular,No
101017,Ajay Reddy,Female,26,Delhi,Delhi,02-07-2025,Regular,Yes
101018,Dinesh Nair,Female,23,Pune,Maharashtra,14-11-2023,Regular,Yes
101019,Lakshmi Sharma,Male,43,Chennai,Tamil Nadu,06-06-2025,Premium,Yes
101020,Vikram Menon,Female,33,Bengaluru,Karnataka,21-06-2026,Regular,No
101021,Harini Reddy,Male,65,Chennai,Tamil Nadu,21-11-2023,Regular,No
101022,Lakshmi Iyer,Male,22,Chennai,Tamil Nadu,01-09-2024,Regular,Yes
101023,Suresh Patel,Male,54,Salem,Tamil Nadu,12-04-2024,Premium,Yes
101024,Suresh Pillai,Other,46,Salem,Tamil Nadu,14-05-2024,VIP,Yes
101025,Naveen Gupta,Male,60,Trichy,Tamil Nadu,09-05-2022,Regular,Yes
101026,Divya Joshi,Male,65,Chennai,Tamil Nadu,05-08-2026,Regular,No
101027,Suresh Krishnan,Female,59,Chennai,Tamil Nadu,08-07-2024,Regular,Yes
101028,Pooja Krishnan,Male,35,Mumbai,Maharashtra,26-01-2023,Regular,Yes
101029,Ajay Nair,Female,51,Kolkata,West Bengal,02-09-2024,Premium,Yes
101030,Ajay Pillai,Female,25,Delhi,Delhi,08-11-2023,Regular,No
101031,Ananya Rao,Female,41,Pune,Maharashtra,29-10-2025,Premium,Yes
101032,Sneha Patel,Female,30,Hyderabad,Telangana,15-07-2025,Regular,Yes
101033,Swathi Das,Female,30,Madurai,Tamil Nadu,12-10-2023,Premium,Yes
101034,Karthik Rao,Male,45,Mumbai,Maharashtra,27-04-2025,Regular,No
101035,Dinesh Sharma,Other,24,Chennai,Tamil Nadu,26-02-2022,Regular,Yes
101036,Priya Singh,Female,45,Madurai,Tamil Nadu,02-07-2026,Regular,Yes
101037,Pooja Patel,Female,37,Salem,Tamil Nadu,18-05-2024,Regular,Yes
101038,Dinesh Gupta,Female,29,Chennai,Tamil Nadu,17-01-2025,Premium,Yes
101039,Ravi Singh,Female,44,Pune,Maharashtra,01-01-2025,Regular,No
101040,Arun Gupta,Female,54,Trichy,Tamil Nadu,17-06-2023,VIP,No
101041,Harini Nair,Male,47,Madurai,Tamil Nadu,18-03-2025,Regular,Yes
101042,Ravi Menon,Female,22,Salem,Tamil Nadu,08-11-2023,Regular,No
101043,Pooja Sharma,Female,44,Delhi,Delhi,03-03-2025,Regular,No
101044,Pooja Pillai,Female,47,Delhi,Delhi,02-06-2022,Regular,Yes
101045,Swathi Nair,Male,50,Madurai,Tamil Nadu,06-09-2022,Premium,Yes
101046,Ravi Reddy,Male,38,Bengaluru,Karnataka,20-04-2026,Regular,No
101047,Pooja Reddy,Female,22,Hyderabad,Telangana,04-06-2025,Regular,No
101048,Vikram Reddy,Male,24,Coimbatore,Tamil Nadu,07-08-2022,Regular,Yes
101049,Vikram Singh,Female,33,Madurai,Tamil Nadu,30-12-2022,Premium,Yes
101050,Priya Menon,Female,48,Bengaluru,Karnataka,16-07-2024,VIP,No
101051,Suresh Joshi,Male,53,Kolkata,West Bengal,10-01-2022,Premium,Yes
101052,Sneha Krishnan,Male,50,Delhi,Delhi,14-11-2023,Regular,Yes
101053,Sneha Rao,Female,32,Kolkata,West Bengal,10-07-2023,Regular,Yes
101054,Meena Nair,Male,39,Tirunelveli,Tamil Nadu,17-08-2022,Regular,No
101055,Pooja Gupta,Female,20,Chennai,Tamil Nadu,25-05-2023,Premium,No
101056,Vikram Gupta,Male,56,Tirunelveli,Tamil Nadu,14-05-2023,Regular,Yes
101057,Sneha Patel,Male,34,Pune,Maharashtra,25-04-2022,VIP,Yes
101058,Vikram Joshi,Male,42,Trichy,Tamil Nadu,13-12-2024,Premium,Yes
101059,Rahul Singh,Female,39,Pune,Maharashtra,09-04-2023,Premium,No
101060,Suresh Gupta,Female,31,Mumbai,Maharashtra,23-02-2022,Premium,Yes
101061,Meena Joshi,Female,26,Trichy,Tamil Nadu,07-02-2022,Regular,Yes
101062,Naveen Krishnan,Male,63,Madurai,Tamil Nadu,01-07-2026,Regular,Yes
101063,Swathi Iyer,Female,23,Bengaluru,Karnataka,21-07-2022,Regular,Yes
101064,Suresh Das,Male,63,Madurai,Tamil Nadu,26-03-2026,Regular,Yes
101065,Karthik Sharma,Female,23,Trichy,Tamil Nadu,11-10-2022,Premium,No
101066,Rahul Gupta,Female,22,Delhi,Delhi,24-05-2022,Regular,No
101067,Pooja Reddy,Male,61,Tirunelveli,Tamil Nadu,16-07-2024,Premium,Yes
101068,Naveen Krishnan,Female,63,Coimbatore,Tamil Nadu,16-01-2026,Premium,No
101069,Dinesh Pillai,Male,60,Delhi,Delhi,02-05-2022,Regular,No
101070,Harini Iyer,Male,55,Chennai,Tamil Nadu,13-07-2023,Regular,No
101071,Swathi Singh,Female,41,Madurai,Tamil Nadu,03-07-2025,Regular,No
101072,Suresh Krishnan,Female,23,Hyderabad,Telangana,25-04-2022,Regular,Yes
101073,Ajay Singh,Male,46,Trichy,Tamil Nadu,16-10-2022,Premium,Yes
101074,Lakshmi Iyer,Female,42,Kolkata,West Bengal,05-06-2023,Premium,Yes
101075,Priya Kumar,Male,53,Pune,Maharashtra,03-10-2025,Premium,Yes
101076,Dinesh Singh,Female,19,Bengaluru,Karnataka,07-10-2025,Regular,Yes
101077,Suresh Krishnan,Female,21,Madurai,Tamil Nadu,21-04-2025,Premium,No
101078,Suresh Das,Male,46,Bengaluru,Karnataka,05-02-2025,Regular,Yes
101079,Priya Iyer,Female,59,Pune,Maharashtra,14-02-2022,VIP,No
101080,Santhosh Nair,Female,62,Salem,Tamil Nadu,10-02-2023,Premium,No
101081,Sneha Singh,Female,45,Tirunelveli,Tamil Nadu,16-04-2026,Premium,Yes
101082,Vikram Reddy,Male,35,Tirunelveli,Tamil Nadu,07-05-2025,Regular,No
101083,Divya Menon,Male,40,Tirunelveli,Tamil Nadu,14-02-2023,Premium,No
101084,Rahul Patel,Female,42,Kolkata,West Bengal,18-04-2025,Regular,Yes
101085,Meena Rao,Female,47,Hyderabad,Telangana,16-05-2025,Regular,No
101086,Harini Pillai,Female,28,Salem,Tamil Nadu,16-06-2025,Regular,Yes
101087,Divya Rao,Female,36,Trichy,Tamil Nadu,25-07-2026,Regular,Yes
101088,Arun Das,Female,43,Tirunelveli,Tamil Nadu,08-07-2024,Regular,Yes
101089,Sneha Sharma,Male,58,Coimbatore,Tamil Nadu,12-04-2022,Regular,Yes
101090,Pooja Iyer,Female,56,Bengaluru,Karnataka,24-10-2025,Premium,Yes
101091,Meena Sharma,Female,54,Kolkata,West Bengal,26-01-2022,Premium,No
101092,Naveen Menon,Male,28,Pune,Maharashtra,26-12-2024,VIP,Yes
101093,Keerthi Gupta,Male,37,Salem,Tamil Nadu,15-09-2025,Premium,Yes
101094,Suresh Iyer,Female,44,Delhi,Delhi,02-08-2022,Regular,Yes
101095,Sneha Reddy,Female,64,Mumbai,Maharashtra,17-09-2025,Premium,Yes
101096,Karthik Patel,Female,35,Chennai,Tamil Nadu,09-10-2025,Regular,Yes
101097,Karthik Das,Male,62,Salem,Tamil Nadu,16-01-2025,Regular,Yes
101098,Rahul Das,Female,53,Trichy,Tamil Nadu,05-07-2023,VIP,Yes
101099,Vikram Krishnan,Male,48,Chennai,Tamil Nadu,10-12-2022,Premium,No
101100,Ravi Pillai,Male,51,Pune,Maharashtra,13-04-2025,Regular,No
101101,Suresh Patel,Female,56,Pune,Maharashtra,24-09-2022,Premium,Yes
101102,Keerthi Krishnan,Female,51,Pune,Maharashtra,21-02-2025,Regular,No
101103,Suresh Rao,Female,50,Tirunelveli,Tamil Nadu,16-10-2022,Premium,No
101104,Meena Patel,Female,36,Bengaluru,Karnataka,26-07-2023,Regular,Yes
101105,Vikram Pillai,Female,38,Mumbai,Maharashtra,11-05-2024,Regular,Yes
101106,Pooja Sharma,Male,46,Hyderabad,Telangana,02-10-2022,Premium,Yes
101107,Lakshmi Krishnan,Male,58,Hyderabad,Telangana,12-09-2025,Regular,Yes
101108,Priya Menon,Female,49,Salem,Tamil Nadu,27-03-2025,Regular,Yes
101109,Keerthi Pillai,Female,65,Tirunelveli,Tamil Nadu,28-01-2022,Premium,Yes
101110,Meena Rao,Male,50,Chennai,Tamil Nadu,14-12-2025,Premium,Yes
101111,Vikram Patel,Male,37,Coimbatore,Tamil Nadu,03-05-2025,Regular,Yes
101112,Ajay Gupta,Male,45,Hyderabad,Telangana,25-11-2025,Premium,Yes
101113,Harini Menon,Male,47,Hyderabad,Telangana,19-10-2024,Regular,Yes
101114,Ajay Rao,Female,59,Mumbai,Maharashtra,01-12-2024,Regular,Yes
101115,Vikram Menon,Male,30,Hyderabad,Telangana,15-10-2023,Premium,Yes
101116,Vikram Reddy,Male,29,Pune,Maharashtra,22-01-2023,Regular,Yes
101117,Harini Das,Female,27,Tirunelveli,Tamil Nadu,05-02-2023,Regular,Yes
101118,Ananya Pillai,Female,20,Coimbatore,Tamil Nadu,22-06-2023,VIP,No
101119,Lakshmi Patel,Male,50,Madurai,Tamil Nadu,10-05-2023,Premium,Yes
101120,Ravi Nair,Male,64,Pune,Maharashtra,06-07-2025,Regular,No
101121,Naveen Joshi,Male,47,Chennai,Tamil Nadu,10-06-2024,Regular,No
101122,Ravi Gupta,Male,20,Bengaluru,Karnataka,30-11-2023,Premium,Yes
101123,Keerthi Pillai,Male,35,Mumbai,Maharashtra,17-05-2025,Premium,Yes
101124,Suresh Singh,Male,61,Hyderabad,Telangana,30-05-2025,Regular,Yes
101125,Suresh Joshi,Male,20,Salem,Tamil Nadu,09-05-2026,Regular,Yes
101126,Ajay Iyer,Male,47,Salem,Tamil Nadu,11-06-2023,Regular,No
101127,Arun Rao,Male,39,Salem,Tamil Nadu,18-02-2023,Regular,No
101128,Dinesh Nair,Female,62,Coimbatore,Tamil Nadu,11-01-2022,Regular,Yes
101129,Keerthi Gupta,Male,42,Kolkata,West Bengal,29-09-2022,Regular,Yes
101130,Ravi Pillai,Male,45,Coimbatore,Tamil Nadu,22-10-2024,Premium,No
101131,Ajay Menon,Female,52,Delhi,Delhi,07-10-2025,Premium,Yes
101132,Swathi Das,Male,57,Madurai,Tamil Nadu,18-10-2024,Regular,Yes
101133,Priya Singh,Male,42,Trichy,Tamil Nadu,13-08-2026,Regular,No
101134,Rahul Rao,Female,52,Trichy,Tamil Nadu,02-12-2024,Regular,Yes
101135,Rahul Rao,Female,56,Coimbatore,Tamil Nadu,09-02-2026,Regular,No
101136,Vikram Kumar,Male,43,Chennai,Tamil Nadu,01-04-2023,Regular,No
101137,Rahul Rao,Female,52,Madurai,Tamil Nadu,05-07-2023,VIP,Yes
101138,Priya Gupta,Female,35,Delhi,Delhi,10-10-2025,Regular,Yes
101139,Swathi Krishnan,Male,35,Madurai,Tamil Nadu,28-01-2025,Premium,Yes
101140,Sneha Gupta,Male,18,Kolkata,West Bengal,08-04-2024,Regular,No
101141,Ajay Singh,Male,50,Salem,Tamil Nadu,13-06-2026,Regular,Yes
101142,Arun Rao,Female,30,Delhi,Delhi,20-07-2025,Premium,Yes
101143,Swathi Kumar,Male,57,Tirunelveli,Tamil Nadu,18-05-2023,VIP,No
101144,Priya Singh,Male,63,Salem,Tamil Nadu,04-11-2024,Regular,
101145,Ravi Nair,Female,60,Mumbai,Maharashtra,05-11-2023,Premium,Yes
101146,Suresh Reddy,Female,31,Pune,Maharashtra,09-12-2023,Regular,No
101147,Priya Kumar,Male,49,Kolkata,West Bengal,30-09-2025,Premium,Yes
101148,Priya Krishnan,Male,54,Trichy,Tamil Nadu,01-03-2025,Regular,Yes
101149,Swathi Nair,Male,42,Madurai,Tamil Nadu,21-01-2022,Regular,Yes
101150,Priya Singh,Female,42,Salem,Tamil Nadu,04-09-2024,Premium,Yes
101151,Lakshmi Reddy,Male,39,Delhi,Delhi,04-01-2025,Premium,
101152,Meena Rao,Female,32,Kolkata,West Bengal,18-05-2024,Premium,Yes
101153,Vikram Nair,Male,45,Pune,Maharashtra,25-05-2023,Regular,No
101154,Meena Nair,Male,65,Salem,Tamil Nadu,07-01-2025,Premium,Yes
101155,Naveen Das,Male,28,Mumbai,Maharashtra,31-05-2026,Regular,Yes
101156,Priya Kumar,Male,20,Coimbatore,Tamil Nadu,27-05-2022,Regular,No
101157,Suresh Pillai,Male,20,Bengaluru,Karnataka,21-10-2024,Regular,Yes
101158,Arun Kumar,Female,45,Salem,Tamil Nadu,28-03-2026,Regular,No
101159,Pooja Nair,Male,30,Delhi,Delhi,12-11-2023,Regular,Yes
101160,Karthik Iyer,Female,40,Delhi,Delhi,24-07-2023,Premium,Yes
101161,Pooja Rao,Male,63,Kolkata,West Bengal,25-02-2023,Regular,Yes
101162,Ajay Reddy,Female,21,Pune,Maharashtra,17-01-2023,Regular,Yes
101163,Ravi Pillai,Male,26,Salem,Tamil Nadu,27-10-2023,Regular,No
101164,Vikram Singh,Female,28,Kolkata,West Bengal,05-08-2025,Premium,No
101165,Sneha Das,Male,39,Kolkata,West Bengal,06-11-2022,Regular,Yes
101166,Arun Reddy,,51,Bengaluru,Karnataka,29-01-2023,Regular,Yes
101167,Naveen Kumar,Female,26,Chennai,Tamil Nadu,25-08-2026,Regular,Yes
101168,Lakshmi Singh,Female,23,Delhi,Delhi,20-08-2026,VIP,Yes
101169,Ananya Rao,Female,22,Tirunelveli,Tamil Nadu,21-01-2023,VIP,Yes
101170,Ajay Nair,Male,56,Tirunelveli,Tamil Nadu,16-12-2023,Regular,Yes
101171,Harini Joshi,Female,19,Coimbatore,Tamil Nadu,18-11-2023,VIP,Yes
101172,Karthik Krishnan,Male,48,Coimbatore,Tamil Nadu,20-05-2023,Regular,Yes
101173,Vikram Joshi,Female,45,Delhi,Delhi,17-09-2022,Premium,No
101174,Divya Patel,Male,22,Hyderabad,Telangana,16-04-2022,Regular,Yes
101175,Naveen Gupta,Male,44,Chennai,Tamil Nadu,09-11-2024,Regular,Yes
101176,Rahul Rao,Female,31,Delhi,Delhi,13-03-2022,Regular,Yes
101177,Vikram Das,Male,42,Mumbai,Maharashtra,21-11-2024,Premium,No
101178,Keerthi Joshi,Female,24,Hyderabad,Telangana,11-06-2022,Regular,No
101179,Santhosh Krishnan,Male,50,Mumbai,Maharashtra,20-09-2022,Regular,Yes
101180,Pooja Pillai,Female,56,Chennai,Tamil Nadu,09-01-2022,Regular,No
101181,Sneha Menon,Female,18,Coimbatore,Tamil Nadu,08-11-2023,VIP,No
101182,Swathi Sharma,Female,43,Tirunelveli,Tamil Nadu,11-07-2023,Regular,Yes
101183,Harini Krishnan,Male,49,Madurai,Tamil Nadu,19-07-2023,Premium,Yes
101184,Vikram Nair,Male,18,Pune,Maharashtra,12-06-2023,Regular,No
101185,Meena Pillai,Male,52,Pune,Maharashtra,15-05-2026,Premium,Yes
101186,Lakshmi Gupta,Male,44,Mumbai,Maharashtra,02-01-2024,Regular,Yes
101187,Pooja Sharma,Female,32,Bengaluru,Karnataka,07-10-2025,Regular,Yes
101188,Santhosh Sharma,Male,41,Coimbatore,Tamil Nadu,31-01-2023,Regular,Yes
101189,Sneha Kumar,Male,50,Kolkata,West Bengal,01-04-2024,Regular,No
101190,Santhosh Nair,Male,48,Chennai,Tamil Nadu,17-04-2022,Premium,No
101191,Karthik Sharma,Female,55,Delhi,Delhi,16-03-2023,Premium,No
101192,Suresh Menon,,19,Mumbai,Maharashtra,01-05-2022,Regular,Yes
101193,Lakshmi Rao,Male,55,Hyderabad,Telangana,05-02-2022,Regular,No
101194,Ajay Gupta,Male,19,Madurai,Tamil Nadu,06-11-2022,Regular,Yes
101195,Santhosh Reddy,Male,49,Kolkata,West Bengal,28-09-2022,Regular,No
101196,Lakshmi Rao,Female,34,Coimbatore,Tamil Nadu,23-06-2023,Premium,Yes
101197,Santhosh Sharma,Male,21,Madurai,Tamil Nadu,18-06-2025,Regular,Yes
101198,Priya Pillai,Female,51,Tirunelveli,Tamil Nadu,09-09-2022,Regular,No
101199,Pooja Iyer,Female,44,Trichy,Tamil Nadu,04-11-2024,Regular,No
101200,Harini Sharma,Female,49,Coimbatore,Tamil Nadu,13-09-2023,Premium,Yes
101201,Pooja Iyer,Female,36,Salem,Tamil Nadu,16-11-2023,Premium,Yes
101202,Priya Gupta,Female,31,Pune,Maharashtra,17-04-2026,Premium,Yes
101203,Dinesh Sharma,Male,47,Tirunelveli,Tamil Nadu,01-03-2024,Regular,No
101204,Priya Das,Male,28,Trichy,Tamil Nadu,21-03-2023,Regular,Yes
101205,Arun Menon,Female,56,Coimbatore,Tamil Nadu,09-02-2023,Regular,Yes
101206,Santhosh Menon,Female,50,Salem,Tamil Nadu,14-10-2022,Premium,Yes
101207,Karthik Iyer,Female,65,Kolkata,West Bengal,25-09-2025,Regular,No
101208,Pooja Kumar,,19,Madurai,Tamil Nadu,04-02-2025,Premium,No
101209,Ravi Nair,Male,46,Mumbai,Maharashtra,01-04-2023,Regular,No
101210,Naveen Iyer,Male,44,Tirunelveli,Tamil Nadu,14-04-2024,Premium,No
101211,Swathi Krishnan,Male,59,Coimbatore,Tamil Nadu,09-05-2024,Regular,Yes
101212,Karthik Patel,Male,38,Trichy,Tamil Nadu,22-03-2022,Premium,Yes
101213,Priya Nair,Male,62,Pune,Maharashtra,25-03-2026,Regular,Yes
101214,Divya Sharma,Female,29,Salem,Tamil Nadu,01-09-2025,Premium,Yes
101215,Keerthi Rao,Female,59,Chennai,Tamil Nadu,29-06-2024,Regular,No
101216,Priya Iyer,Female,42,Bengaluru,Karnataka,01-05-2025,Premium,Yes
101217,Priya Krishnan,,63,Kolkata,West Bengal,05-07-2022,Premium,No
101218,Vikram Kumar,Male,28,Madurai,Tamil Nadu,20-07-2026,Regular,Yes
101219,Sneha Joshi,Male,30,Trichy,Tamil Nadu,24-12-2024,Regular,Yes
101220,Divya Krishnan,Female,45,Pune,Maharashtra,15-05-2026,Regular,No
101221,Meena Iyer,Female,44,Coimbatore,Tamil Nadu,09-01-2026,Regular,Yes
101222,Vikram Kumar,Female,25,Kolkata,West Bengal,20-09-2024,Regular,Yes
101223,Naveen Patel,Female,49,Tirunelveli,Tamil Nadu,06-05-2023,Regular,No
101224,Meena Iyer,Female,37,Coimbatore,Tamil Nadu,12-03-2025,Regular,Yes
101225,Dinesh Reddy,Female,25,Pune,Maharashtra,20-05-2024,Regular,Yes
101226,Keerthi Pillai,Female,42,Tirunelveli,Tamil Nadu,28-11-2023,Regular,Yes
101227,Naveen Das,Female,51,Bengaluru,Karnataka,24-04-2025,Regular,No
101228,Harini Iyer,Male,19,Tirunelveli,Tamil Nadu,19-02-2026,Premium,Yes
101229,Lakshmi Rao,Male,62,Bengaluru,Karnataka,19-10-2022,Regular,Yes
101230,Suresh Reddy,Male,47,Mumbai,Maharashtra,28-07-2024,Premium,Yes
101231,Naveen Joshi,Female,30,Trichy,Tamil Nadu,16-08-2025,Premium,Yes
101232,Pooja Kumar,Female,54,Madurai,Tamil Nadu,08-07-2023,Regular,No
101233,Meena Menon,Male,58,Tirunelveli,Tamil Nadu,05-08-2023,Premium,Yes
101234,Ananya Menon,Male,63,Madurai,Tamil Nadu,17-01-2022,Regular,No
101235,Naveen Kumar,Female,55,Coimbatore,Tamil Nadu,04-07-2023,Regular,No
101236,Keerthi Iyer,Male,27,Delhi,Delhi,23-09-2024,Regular,Yes
101237,Meena Singh,Female,25,Chennai,Tamil Nadu,10-07-2026,Premium,No
101238,Dinesh Pillai,Male,28,Bengaluru,Karnataka,12-06-2024,Regular,No
101239,Meena Rao,Male,60,Mumbai,Maharashtra,10-05-2023,Regular,No
101240,Ajay Krishnan,Male,32,Chennai,Tamil Nadu,12-10-2025,Regular,Yes
101241,Ajay Menon,Male,33,Kolkata,West Bengal,16-11-2022,Regular,Yes
101242,Lakshmi Gupta,Male,60,Trichy,Tamil Nadu,14-11-2022,Regular,Yes
101243,Rahul Nair,Male,27,Tirunelveli,Tamil Nadu,05-06-2024,Regular,Yes
101244,Meena Rao,Male,37,Pune,Maharashtra,18-10-2025,Regular,Yes
101245,Ravi Menon,Male,32,Salem,Tamil Nadu,28-12-2022,Premium,Yes
101246,Suresh Reddy,Female,32,Tirunelveli,Tamil Nadu,26-01-2022,Regular,No
101247,Meena Gupta,Male,46,Salem,Tamil Nadu,15-05-2025,Regular,No
101248,Vikram Kumar,Male,53,Pune,Maharashtra,25-09-2024,Regular,Yes
101249,Lakshmi Iyer,Male,30,Mumbai,Maharashtra,11-03-2025,VIP,No
101250,Ajay Gupta,Female,19,Tirunelveli,Tamil Nadu,06-11-2023,Premium,Yes
101251,Divya Patel,Female,48,Hyderabad,Telangana,21-07-2022,Regular,Yes
101252,Divya Iyer,Other,44,Delhi,Delhi,18-07-2023,Premium,No
101253,Sneha Iyer,Female,49,Chennai,Tamil Nadu,09-03-2024,Premium,Yes
101254,Meena Rao,Male,39,Trichy,Tamil Nadu,07-01-2024,Premium,Yes
101255,Arun Gupta,Female,55,Coimbatore,Tamil Nadu,20-02-2026,Premium,No
101256,Pooja Kumar,Male,47,Bengaluru,Karnataka,16-01-2023,Premium,No
101257,Dinesh Kumar,Female,54,Hyderabad,Telangana,15-06-2023,Regular,No
101258,Keerthi Nair,Male,53,Kolkata,West Bengal,08-11-2022,Regular,Yes
101259,Ravi Joshi,Male,41,Kolkata,West Bengal,28-08-2024,Regular,Yes
101260,Santhosh Reddy,Female,33,Trichy,Tamil Nadu,30-09-2025,Regular,Yes
101261,Keerthi Joshi,Female,45,Mumbai,Maharashtra,10-02-2026,Regular,Yes
101262,Naveen Pillai,Female,48,Tirunelveli,Tamil Nadu,23-01-2023,VIP,No
101263,Suresh Reddy,Male,45,Pune,Maharashtra,01-01-2024,Premium,Yes
101264,Ravi Gupta,Male,43,Trichy,Tamil Nadu,06-06-2025,Premium,No
101265,Santhosh Krishnan,Male,34,Hyderabad,Telangana,19-03-2022,Premium,Yes
101266,Naveen Rao,Male,24,Chennai,Tamil Nadu,24-04-2025,Premium,Yes
101267,Vikram Singh,Male,38,Chennai,Tamil Nadu,17-08-2022,Premium,Yes
101268,Meena Gupta,Male,60,Delhi,Delhi,26-02-2022,Regular,Yes
101269,Keerthi Gupta,Female,52,Tirunelveli,Tamil Nadu,12-07-2022,Regular,Yes
101270,Arun Menon,Male,54,Chennai,Tamil Nadu,06-02-2026,Regular,No
101271,Ravi Joshi,Female,53,Delhi,Delhi,03-03-2025,Regular,No
101272,Meena Nair,Female,62,Bengaluru,Karnataka,03-09-2025,Regular,No
101273,Rahul Gupta,Female,28,Tirunelveli,Tamil Nadu,19-03-2025,Regular,Yes
101274,Naveen Pillai,Male,52,Madurai,Tamil Nadu,15-09-2025,Regular,No
101275,Priya Iyer,Male,21,Trichy,Tamil Nadu,24-04-2024,Regular,No
101276,Harini Kumar,Male,29,Madurai,Tamil Nadu,07-10-2025,Premium,Yes
101277,Ravi Singh,Female,19,Coimbatore,Tamil Nadu,07-04-2022,Regular,No
101278,Santhosh Gupta,Male,38,Trichy,Tamil Nadu,17-09-2024,Premium,No
101279,Harini Patel,Male,24,Chennai,Tamil Nadu,07-07-2025,Regular,No
101280,Keerthi Krishnan,Other,36,Salem,Tamil Nadu,16-08-2026,VIP,No
101281,Lakshmi Kumar,Female,24,Madurai,Tamil Nadu,03-09-2023,Premium,Yes
101282,Lakshmi Patel,Female,19,Madurai,Tamil Nadu,01-11-2022,Premium,
101283,Rahul Das,Male,40,Delhi,Delhi,09-05-2025,Regular,Yes
101284,Swathi Sharma,Female,37,Trichy,Tamil Nadu,03-05-2022,Regular,Yes
101285,Arun Pillai,Male,38,Delhi,Delhi,13-08-2025,Regular,Yes
101286,Santhosh Iyer,Male,34,Chennai,Tamil Nadu,12-04-2025,Regular,Yes
101287,Santhosh Pillai,Female,37,Salem,Tamil Nadu,20-03-2025,Premium,No
101288,Lakshmi Reddy,Female,18,Hyderabad,Telangana,15-05-2023,Regular,Yes
101289,Keerthi Joshi,Female,40,Bengaluru,Karnataka,24-07-2022,Regular,No
101290,Santhosh Das,Male,58,Coimbatore,Tamil Nadu,30-10-2024,Premium,No
101291,Sneha Sharma,Male,24,Hyderabad,Telangana,09-09-2023,Regular,Yes
101292,Divya Kumar,Female,24,Salem,Tamil Nadu,28-10-2023,Premium,Yes
101293,Sneha Sharma,Female,55,Pune,Maharashtra,16-11-2022,Regular,No
101294,Swathi Das,Male,42,Chennai,Tamil Nadu,21-07-2023,Regular,Yes
101295,Ravi Gupta,Male,30,Tirunelveli,Tamil Nadu,15-11-2025,Regular,Yes
101296,Suresh Singh,Female,55,Kolkata,West Bengal,27-02-2026,Regular,No
101297,Karthik Nair,Female,33,Mumbai,Maharashtra,17-08-2023,Premium,Yes
101298,Sneha Das,Male,47,Madurai,Tamil Nadu,30-08-2022,Premium,Yes
101299,Lakshmi Rao,Female,44,Kolkata,West Bengal,27-02-2022,Regular,No
101300,Divya Krishnan,Other,26,Chennai,Tamil Nadu,18-11-2022,Regular,Yes
101301,Dinesh Nair,Male,54,Trichy,Tamil Nadu,17-01-2022,Premium,Yes
101302,Divya Krishnan,Female,47,Delhi,Delhi,09-02-2025,Regular,Yes
101303,Sneha Joshi,Female,28,Madurai,Tamil Nadu,28-12-2024,Regular,Yes
101304,Vikram Patel,Female,54,Salem,Tamil Nadu,23-08-2025,Regular,
101305,Naveen Kumar,Female,47,Coimbatore,Tamil Nadu,20-07-2023,Premium,Yes
101306,Karthik Sharma,Female,59,Madurai,Tamil Nadu,15-11-2025,Regular,Yes
101307,Ananya Rao,Female,57,Mumbai,Maharashtra,16-10-2022,Regular,No
101308,Sneha Patel,Male,33,Hyderabad,Telangana,28-01-2023,VIP,No
101309,Swathi Joshi,Female,62,Delhi,Delhi,07-04-2026,VIP,Yes
101310,Arun Das,Male,19,Salem,Tamil Nadu,08-02-2026,Premium,No
101311,Arun Rao,Male,34,Kolkata,West Bengal,14-10-2024,Premium,Yes
101312,Harini Gupta,Male,47,Delhi,Delhi,02-11-2024,VIP,No
101313,Karthik Reddy,Female,43,Trichy,Tamil Nadu,06-04-2025,Regular,Yes
101314,Swathi Gupta,Other,28,Salem,Tamil Nadu,31-10-2025,Premium,No
101315,Divya Kumar,Female,27,Salem,Tamil Nadu,29-01-2023,Regular,No
101316,Suresh Das,Female,55,Mumbai,Maharashtra,27-04-2022,Regular,Yes
101317,Suresh Joshi,Male,60,Madurai,Tamil Nadu,11-11-2022,Premium,Yes
101318,Dinesh Gupta,Female,50,Coimbatore,Tamil Nadu,30-08-2023,Premium,Yes
101319,Arun Gupta,Female,43,Pune,Maharashtra,05-02-2023,Regular,Yes
101320,Swathi Singh,Male,55,Delhi,Delhi,11-06-2024,Regular,Yes
101321,Keerthi Gupta,Female,29,Bengaluru,Karnataka,23-08-2022,Premium,No
101322,Santhosh Rao,Female,64,Mumbai,Maharashtra,07-09-2024,Regular,Yes
101323,Arun Das,Male,23,Kolkata,West Bengal,22-04-2025,Premium,Yes
101324,Pooja Kumar,Female,46,Salem,Tamil Nadu,18-06-2022,Regular,No
101325,Dinesh Iyer,Male,34,Salem,Tamil Nadu,04-05-2023,Regular,No
101326,Harini Rao,Male,61,Hyderabad,Telangana,04-07-2024,VIP,Yes
101327,Vikram Kumar,Male,29,Madurai,Tamil Nadu,23-04-2022,Premium,No
101328,Arun Menon,Male,48,Bengaluru,Karnataka,05-02-2025,Premium,No
101329,Ananya Gupta,Male,25,Madurai,Tamil Nadu,05-07-2025,Premium,No
101330,Karthik Pillai,Female,26,Delhi,Delhi,07-09-2023,Regular,Yes
101331,Santhosh Sharma,Male,37,Pune,Maharashtra,16-01-2022,Premium,Yes
101332,Ajay Joshi,Female,56,Madurai,Tamil Nadu,01-05-2024,Regular,Yes
101333,Vikram Kumar,Female,31,Pune,Maharashtra,17-01-2026,Regular,No
101334,Harini Nair,Male,51,Trichy,Tamil Nadu,13-05-2023,Regular,No
101335,Arun Gupta,Male,45,Kolkata,West Bengal,14-12-2025,Regular,No
101336,Pooja Kumar,Female,64,Tirunelveli,Tamil Nadu,19-01-2026,Regular,Yes
101337,Divya Kumar,Female,32,Coimbatore,Tamil Nadu,23-04-2023,Regular,Yes
101338,Lakshmi Kumar,Female,29,Mumbai,Maharashtra,15-10-2024,Regular,No
101339,Swathi Rao,Male,61,Trichy,Tamil Nadu,13-03-2022,Regular,Yes
101340,Keerthi Gupta,Female,33,Delhi,Delhi,26-07-2024,Regular,Yes
101341,Harini Sharma,Female,28,Kolkata,West Bengal,04-02-2026,Regular,No
101342,Arun Sharma,Female,57,Bengaluru,Karnataka,25-05-2026,Premium,No
101343,Pooja Rao,Male,57,Bengaluru,Karnataka,06-12-2022,Regular,Yes
101344,Priya Reddy,Female,21,Kolkata,West Bengal,04-02-2025,Premium,No
101345,Ravi Menon,Male,59,Hyderabad,Telangana,23-04-2022,Regular,Yes
101346,Vikram Joshi,Female,48,Tirunelveli,Tamil Nadu,21-04-2023,Premium,Yes
101347,Lakshmi Menon,Female,31,Salem,Tamil Nadu,20-11-2025,Premium,Yes
101348,Meena Pillai,Female,43,Madurai,Tamil Nadu,26-12-2024,Premium,Yes
101349,Naveen Rao,Male,29,Madurai,Tamil Nadu,29-10-2023,Premium,Yes
101350,Suresh Gupta,Female,26,Coimbatore,Tamil Nadu,23-06-2026,Premium,Yes
101351,Keerthi Iyer,Male,24,Chennai,Tamil Nadu,13-07-2025,Regular,Yes
101352,Lakshmi Kumar,Female,25,Delhi,Delhi,10-02-2022,Regular,Yes
101353,Pooja Krishnan,Female,45,Pune,Maharashtra,16-05-2022,Regular,Yes
101354,Keerthi Kumar,Female,56,Salem,Tamil Nadu,01-12-2024,Premium,No
101355,Meena Pillai,Male,41,Hyderabad,Telangana,30-01-2026,Premium,Yes
101356,Karthik Krishnan,Female,18,Pune,Maharashtra,24-09-2022,Regular,Yes
101357,Harini Joshi,Male,38,Delhi,Delhi,04-07-2024,Premium,Yes
101358,Ravi Patel,Female,53,Bengaluru,Karnataka,19-10-2025,Regular,Yes
101359,Pooja Nair,Female,58,Bengaluru,Karnataka,05-01-2026,Premium,Yes
101360,Ajay Menon,Female,53,Delhi,Delhi,25-12-2024,Regular,No
101361,Naveen Reddy,Female,35,Chennai,Tamil Nadu,27-08-2026,Regular,
101362,Swathi Rao,,49,Chennai,Tamil Nadu,12-05-2026,Premium,Yes
101363,Santhosh Krishnan,Male,21,Delhi,Delhi,18-11-2025,Regular,Yes
101364,Harini Joshi,Female,37,Hyderabad,Telangana,12-02-2025,Premium,Yes
101365,Lakshmi Menon,Male,43,Kolkata,West Bengal,03-08-2026,Premium,No
101366,Keerthi Sharma,Male,19,Chennai,Tamil Nadu,30-01-2022,Regular,Yes
101367,Ananya Nair,Female,18,Mumbai,Maharashtra,02-06-2022,Regular,No
101368,Swathi Das,Male,56,Pune,Maharashtra,17-05-2024,Regular,No
101369,Suresh Iyer,Female,28,Tirunelveli,Tamil Nadu,14-02-2025,Regular,Yes
101370,Naveen Nair,Other,24,Coimbatore,Tamil Nadu,17-03-2026,Premium,Yes
101371,Arun Reddy,Male,46,Salem,Tamil Nadu,27-02-2025,Regular,No
101372,Harini Sharma,Male,31,Delhi,Delhi,30-01-2023,Regular,No
101373,Suresh Rao,Male,65,Pune,Maharashtra,25-03-2026,Regular,Yes
101374,Priya Iyer,Male,63,Pune,Maharashtra,21-05-2022,Regular,Yes
101375,Santhosh Das,Female,57,Salem,Tamil Nadu,11-06-2022,Regular,Yes
101376,Karthik Iyer,Female,32,Tirunelveli,Tamil Nadu,08-05-2025,Regular,Yes
101377,Suresh Menon,Female,60,Tirunelveli,Tamil Nadu,26-06-2026,Regular,No
101378,Naveen Iyer,Male,30,Trichy,Tamil Nadu,04-05-2024,Premium,Yes
101379,Naveen Pillai,Female,29,Kolkata,West Bengal,18-08-2022,Regular,Yes
101380,Karthik Kumar,Male,64,Kolkata,West Bengal,22-03-2022,Regular,Yes
101381,Lakshmi Rao,Female,50,Tirunelveli,Tamil Nadu,24-07-2026,Regular,Yes
101382,Swathi Patel,Female,22,Mumbai,Maharashtra,21-04-2023,Regular,No
101383,Divya Reddy,Male,60,Delhi,Delhi,22-12-2024,Regular,Yes
101384,Karthik Nair,Female,25,Salem,Tamil Nadu,10-07-2023,Premium,No
101385,Rahul Gupta,Female,50,Delhi,Delhi,31-12-2022,VIP,Yes
101386,Ravi Pillai,Male,39,Hyderabad,Telangana,09-02-2025,Regular,Yes
101387,Ravi Patel,Female,18,Kolkata,West Bengal,10-06-2025,Regular,Yes
101388,Ravi Iyer,Female,55,Mumbai,Maharashtra,12-03-2024,Regular,Yes
101389,Dinesh Menon,Male,50,Salem,Tamil Nadu,12-05-2024,Regular,No
101390,Rahul Das,Male,60,Salem,Tamil Nadu,08-04-2024,Premium,Yes
101391,Ravi Iyer,Female,47,Mumbai,Maharashtra,02-10-2024,Regular,No
101392,Rahul Menon,Female,54,Kolkata,West Bengal,03-10-2025,Premium,Yes
101393,Divya Rao,Female,61,Tirunelveli,Tamil Nadu,23-04-2025,Regular,No
101394,Karthik Krishnan,Female,64,Madurai,Tamil Nadu,19-04-2023,Regular,Yes
101395,Arun Singh,Female,44,Hyderabad,Telangana,24-02-2023,Premium,No
101396,Ravi Nair,Male,18,Coimbatore,Tamil Nadu,17-02-2025,Regular,Yes
101397,Ajay Iyer,Male,34,Coimbatore,Tamil Nadu,01-01-2025,Premium,Yes
101398,Suresh Menon,Male,47,Coimbatore,Tamil Nadu,17-09-2023,Premium,No
101399,Vikram Iyer,Female,23,Chennai,Tamil Nadu,26-11-2025,Regular,No
101400,Dinesh Menon,Female,23,Mumbai,Maharashtra,13-12-2023,Regular,Yes
101401,Pooja Gupta,Female,36,Salem,Tamil Nadu,26-07-2023,Regular,No
101402,Swathi Menon,Male,61,Hyderabad,Telangana,03-08-2024,Regular,Yes
101403,Ravi Kumar,Female,33,Mumbai,Maharashtra,24-11-2022,Premium,No
101404,Keerthi Reddy,Female,62,Mumbai,Maharashtra,28-03-2025,Regular,Yes
101405,Swathi Nair,Male,56,Hyderabad,Telangana,05-03-2026,Regular,No
101406,Santhosh Das,Male,32,Bengaluru,Karnataka,26-05-2026,Premium,Yes
101407,Keerthi Pillai,Female,29,Delhi,Delhi,30-01-2024,Premium,No
101408,Meena Singh,Female,57,Salem,Tamil Nadu,03-04-2023,Premium,No
101409,Ananya Pillai,Female,54,Chennai,Tamil Nadu,25-03-2024,Regular,No
101410,Swathi Iyer,Male,48,Mumbai,Maharashtra,26-06-2022,Regular,No
101411,Meena Singh,Female,64,Chennai,Tamil Nadu,09-02-2025,Regular,No
101412,Ajay Kumar,Male,22,Kolkata,West Bengal,30-12-2023,Premium,Yes
101413,Naveen Menon,Male,36,Mumbai,Maharashtra,27-07-2022,Premium,Yes
101414,Karthik Iyer,Female,46,Trichy,Tamil Nadu,18-07-2024,Premium,Yes
101415,Ajay Reddy,Male,21,Coimbatore,Tamil Nadu,06-05-2025,Regular,Yes
101416,Santhosh Menon,Female,64,Trichy,Tamil Nadu,23-01-2023,Premium,Yes
101417,Lakshmi Rao,Male,45,Coimbatore,Tamil Nadu,20-11-2023,Premium,No
101418,Santhosh Kumar,Male,32,Pune,Maharashtra,22-02-2026,Regular,Yes
101419,Divya Kumar,Male,29,Salem,Tamil Nadu,21-04-2025,Regular,Yes
101420,Pooja Rao,Female,18,Pune,Maharashtra,20-09-2025,Regular,Yes
101421,Divya Patel,Male,46,Tirunelveli,Tamil Nadu,04-02-2024,Regular,No
101422,Ajay Iyer,Male,64,Tirunelveli,Tamil Nadu,19-04-2024,Regular,Yes
101423,Ravi Das,Male,19,Coimbatore,Tamil Nadu,24-04-2024,Regular,Yes
101424,Karthik Reddy,Male,37,Madurai,Tamil Nadu,05-02-2024,Regular,Yes
101425,Ananya Das,Female,49,Mumbai,Maharashtra,03-09-2022,Premium,Yes
101426,Divya Singh,Male,38,Trichy,Tamil Nadu,11-03-2022,Premium,Yes
101427,Ravi Iyer,Male,49,Madurai,Tamil Nadu,15-11-2025,Premium,Yes
101428,Keerthi Sharma,Female,52,Salem,Tamil Nadu,01-07-2024,Premium,No
101429,Rahul Reddy,Male,64,Mumbai,Maharashtra,24-06-2024,Regular,No
101430,Divya Kumar,Female,47,Trichy,Tamil Nadu,09-10-2024,Premium,Yes
101431,Lakshmi Patel,Male,52,Pune,Maharashtra,03-12-2023,Regular,Yes
101432,Dinesh Pillai,Female,32,Hyderabad,Telangana,24-02-2026,Premium,Yes
101433,Dinesh Gupta,Male,25,Hyderabad,Telangana,09-03-2024,Premium,No
101434,Rahul Singh,Female,22,Kolkata,West Bengal,01-05-2024,Premium,No
101435,Naveen Das,Male,23,Mumbai,Maharashtra,22-06-2024,Regular,Yes
101436,Arun Rao,Other,57,Bengaluru,Karnataka,25-09-2022,Regular,Yes
101437,Dinesh Gupta,Male,19,Pune,Maharashtra,22-10-2022,Regular,No
101438,Ananya Reddy,Female,41,Coimbatore,Tamil Nadu,03-11-2022,Regular,Yes
101439,Vikram Patel,Female,47,Mumbai,Maharashtra,08-03-2023,Regular,No
101440,Vikram Patel,Male,50,Tirunelveli,Tamil Nadu,29-09-2022,Regular,Yes
101441,Meena Kumar,Male,21,Trichy,Tamil Nadu,16-01-2023,Regular,No
101442,Divya Patel,Male,59,Kolkata,West Bengal,15-05-2026,Premium,Yes
101443,Sneha Pillai,Other,38,Tirunelveli,Tamil Nadu,06-09-2023,Regular,No
101444,Pooja Pillai,Female,18,Pune,Maharashtra,10-09-2025,Premium,No
101445,Keerthi Sharma,Female,24,Bengaluru,Karnataka,31-10-2023,Regular,Yes
101446,Santhosh Nair,Male,59,Chennai,Tamil Nadu,03-11-2025,Regular,No
101447,Pooja Singh,Female,63,Tirunelveli,Tamil Nadu,04-07-2025,Regular,Yes
101448,Meena Nair,Male,54,Tirunelveli,Tamil Nadu,29-11-2025,Premium,Yes
101449,Divya Rao,Male,34,Madurai,Tamil Nadu,06-05-2023,Regular,Yes
101450,Naveen Kumar,Male,63,Bengaluru,Karnataka,12-06-2022,Premium,Yes
101451,Rahul Gupta,Male,31,Mumbai,Maharashtra,08-06-2023,Regular,Yes
101452,Keerthi Joshi,Female,29,Chennai,Tamil Nadu,08-04-2025,Regular,Yes
101453,Ajay Krishnan,Female,54,Chennai,Tamil Nadu,17-01-2025,Regular,Yes
101454,Harini Krishnan,Male,33,Hyderabad,Telangana,12-04-2025,Regular,Yes
101455,Vikram Rao,Male,42,Kolkata,West Bengal,16-08-2026,Regular,Yes
101456,Karthik Patel,Female,49,Chennai,Tamil Nadu,18-01-2023,Premium,Yes
101457,Pooja Iyer,Female,25,Tirunelveli,Tamil Nadu,26-01-2024,Regular,No
101458,Pooja Das,Male,62,Pune,Maharashtra,14-04-2024,Regular,Yes
101459,Vikram Kumar,Male,25,Mumbai,Maharashtra,11-09-2022,Regular,No
101460,Naveen Gupta,Female,65,Kolkata,West Bengal,31-01-2025,VIP,Yes
101461,Naveen Singh,Female,31,Trichy,Tamil Nadu,25-03-2022,Regular,Yes
101462,Pooja Singh,Female,38,Mumbai,Maharashtra,06-03-2026,Regular,Yes
101463,Ananya Patel,Male,30,Chennai,Tamil Nadu,31-05-2022,Regular,Yes
101464,Karthik Joshi,Female,43,Chennai,Tamil Nadu,07-07-2022,Premium,No
101465,Pooja Iyer,,18,Salem,Tamil Nadu,23-10-2022,Regular,Yes
101466,Harini Iyer,Female,26,Bengaluru,Karnataka,25-02-2026,Premium,Yes
101467,Keerthi Iyer,Male,42,Coimbatore,Tamil Nadu,04-01-2026,Premium,Yes
101468,Ananya Krishnan,Male,51,Delhi,Delhi,18-04-2026,Regular,No
101469,Lakshmi Joshi,Male,64,Trichy,Tamil Nadu,17-11-2025,Regular,Yes
101470,Harini Reddy,Male,58,Chennai,Tamil Nadu,20-04-2026,Regular,Yes
101471,Priya Pillai,Male,62,Salem,Tamil Nadu,12-03-2024,Regular,Yes
101472,Santhosh Reddy,Female,56,Madurai,Tamil Nadu,09-01-2022,Regular,Yes
101473,Arun Krishnan,Female,55,Pune,Maharashtra,15-01-2024,Regular,No
101474,Priya Kumar,Female,34,Hyderabad,Telangana,11-01-2023,Regular,Yes
101475,Santhosh Nair,Male,61,Tirunelveli,Tamil Nadu,21-02-2023,Premium,Yes
101476,Rahul Krishnan,Male,64,Mumbai,Maharashtra,21-03-2025,Regular,Yes
101477,Ananya Rao,Male,42,Pune,Maharashtra,11-10-2022,Regular,No
101478,Harini Reddy,Male,23,Delhi,Delhi,01-07-2023,Regular,Yes
101479,Ajay Gupta,Male,20,Hyderabad,Telangana,30-10-2023,Regular,No
101480,Suresh Joshi,Female,41,Delhi,Delhi,14-04-2022,Regular,No
101481,Suresh Nair,Female,48,Bengaluru,Karnataka,07-04-2025,Premium,Yes
101482,Harini Das,Male,44,Chennai,Tamil Nadu,21-07-2025,Regular,No
101483,Harini Gupta,Female,61,Mumbai,Maharashtra,07-08-2024,Regular,Yes
101484,Naveen Reddy,Female,43,Bengaluru,Karnataka,18-02-2022,Premium,Yes
101485,Ananya Pillai,Male,49,Delhi,Delhi,30-08-2025,Regular,Yes
101486,Ajay Reddy,Female,54,Salem,Tamil Nadu,29-01-2024,Regular,Yes
101487,Vikram Menon,Male,60,Bengaluru,Karnataka,29-03-2023,Regular,Yes
101488,Sneha Sharma,Male,47,Chennai,Tamil Nadu,30-05-2026,Regular,No
101489,Swathi Patel,Other,44,Bengaluru,Karnataka,31-12-2025,Premium,No
101490,Swathi Rao,Female,21,Kolkata,West Bengal,19-01-2024,Premium,No
101491,Lakshmi Rao,Male,48,Mumbai,Maharashtra,24-01-2024,Premium,Yes
101492,Harini Gupta,Male,26,Pune,Maharashtra,31-03-2026,Regular,Yes
101493,Karthik Joshi,Female,35,Chennai,Tamil Nadu,21-11-2022,Premium,Yes
101494,Naveen Sharma,Male,43,Mumbai,Maharashtra,27-11-2023,Regular,No
101495,Arun Reddy,Female,21,Delhi,Delhi,27-08-2024,VIP,Yes
101496,Arun Singh,Female,51,Pune,Maharashtra,13-08-2023,Premium,Yes
101497,Lakshmi Nair,Male,31,Kolkata,West Bengal,21-06-2023,Regular,No
101498,Arun Nair,Female,42,Trichy,Tamil Nadu,02-07-2022,Premium,No
101499,Karthik Gupta,Female,34,Pune,Maharashtra,30-03-2023,Regular,Yes
101500,Priya Menon,Female,35,Salem,Tamil Nadu,01-09-2023,Regular,Yes
101501,Suresh Kumar,Male,36,Kolkata,West Bengal,24-11-2025,Regular,Yes
101502,Pooja Nair,Male,20,Mumbai,Maharashtra,27-07-2023,Regular,No
101503,Swathi Das,Male,27,Hyderabad,Telangana,01-10-2022,Regular,No
101504,Swathi Nair,Female,55,Mumbai,Maharashtra,10-12-2025,Premium,No
101505,Arun Sharma,Female,23,Coimbatore,Tamil Nadu,22-08-2023,Regular,Yes
101506,Meena Singh,Female,41,Hyderabad,Telangana,13-04-2026,Premium,Yes
101507,Swathi Singh,Female,24,Salem,Tamil Nadu,05-07-2022,Regular,Yes
101508,Harini Iyer,Male,43,Pune,Maharashtra,07-02-2022,Premium,Yes
101509,Ananya Menon,Male,48,Salem,Tamil Nadu,16-04-2026,Premium,No
101510,Rahul Patel,Female,40,Madurai,Tamil Nadu,17-06-2022,Premium,Yes
101511,Swathi Das,Female,55,Delhi,Delhi,15-01-2022,Regular,Yes
101512,Swathi Rao,Female,30,Hyderabad,Telangana,29-12-2024,VIP,Yes
101513,Harini Pillai,Male,44,Madurai,Tamil Nadu,24-06-2023,Regular,Yes
101514,Lakshmi Sharma,Male,31,Mumbai,Maharashtra,04-04-2024,Premium,Yes
101515,Keerthi Sharma,Female,42,Hyderabad,Telangana,26-11-2023,Regular,Yes
101516,Karthik Patel,Male,21,Tirunelveli,Tamil Nadu,20-05-2023,Regular,No
101517,Ajay Nair,Male,30,Pune,Maharashtra,28-03-2024,Regular,No
101518,Harini Patel,Female,51,Chennai,Tamil Nadu,18-03-2023,Regular,No
101519,Ajay Menon,Female,55,Pune,Maharashtra,17-01-2023,Regular,No
101520,Lakshmi Reddy,Female,31,Pune,Maharashtra,17-01-2023,Regular,Yes
101521,Naveen Sharma,Female,30,Salem,Tamil Nadu,21-07-2022,Regular,No
101522,Ravi Singh,Female,32,Madurai,Tamil Nadu,12-06-2024,VIP,Yes
101523,Lakshmi Menon,Male,31,Hyderabad,Telangana,21-07-2024,Regular,Yes
101524,Santhosh Gupta,Male,65,Bengaluru,Karnataka,30-01-2022,Regular,Yes
101525,Suresh Menon,Female,49,Coimbatore,Tamil Nadu,21-02-2024,Premium,Yes
101526,Arun Rao,Male,36,Chennai,Tamil Nadu,10-06-2025,Regular,No
101527,Arun Menon,Female,40,Mumbai,Maharashtra,03-01-2022,Premium,Yes
101528,Lakshmi Krishnan,Female,42,Bengaluru,Karnataka,26-05-2023,Regular,Yes
101529,Dinesh Reddy,Male,44,Chennai,Tamil Nadu,22-06-2026,Regular,Yes
101530,Lakshmi Rao,Female,36,Tirunelveli,Tamil Nadu,27-12-2023,Regular,Yes
101531,Pooja Menon,Female,64,Bengaluru,Karnataka,29-01-2022,Premium,No
101532,Ajay Patel,Male,31,Chennai,Tamil Nadu,14-06-2024,Premium,Yes
101533,Ajay Krishnan,Male,38,Tirunelveli,Tamil Nadu,30-11-2023,Premium,Yes
101534,Harini Nair,Female,18,Hyderabad,Telangana,26-12-2022,Regular,No
101535,Ravi Rao,Male,41,Trichy,Tamil Nadu,05-05-2022,Premium,No
101536,Rahul Sharma,Male,59,Chennai,Tamil Nadu,11-02-2026,Regular,Yes
101537,Arun Krishnan,Female,65,Bengaluru,Karnataka,13-10-2025,Premium,Yes
101538,Suresh Pillai,Female,40,Bengaluru,Karnataka,05-03-2025,Regular,No
101539,Naveen Sharma,Female,24,Madurai,Tamil Nadu,30-01-2022,Premium,Yes
101540,Rahul Singh,Female,52,Coimbatore,Tamil Nadu,19-01-2026,VIP,Yes
101541,Santhosh Kumar,Female,48,Pune,Maharashtra,15-03-2024,Regular,Yes
101542,Sneha Kumar,Male,64,Hyderabad,Telangana,19-03-2024,Premium,Yes
101543,Suresh Joshi,Male,42,Bengaluru,Karnataka,01-02-2026,Regular,No
101544,Pooja Nair,Female,18,Kolkata,West Bengal,06-01-2024,Regular,No
101545,Rahul Patel,Male,61,Hyderabad,Telangana,06-02-2023,Regular,Yes
101546,Ravi Reddy,Female,50,Coimbatore,Tamil Nadu,08-02-2023,Premium,No
101547,Naveen Joshi,Female,56,Madurai,Tamil Nadu,25-04-2026,Regular,No
101548,Karthik Reddy,Male,23,Salem,Tamil Nadu,15-07-2024,Regular,Yes
101549,Rahul Menon,Female,39,Pune,Maharashtra,11-09-2024,Premium,No
101550,Meena Reddy,Female,39,Chennai,Tamil Nadu,05-10-2024,Regular,No
101551,Karthik Kumar,Female,30,Mumbai,Maharashtra,10-01-2023,Premium,Yes
101552,Meena Krishnan,Male,58,Salem,Tamil Nadu,15-12-2023,Regular,Yes
101553,Karthik Kumar,Female,27,Kolkata,West Bengal,06-06-2026,Regular,No
101554,Meena Krishnan,Male,21,Coimbatore,Tamil Nadu,05-09-2022,Premium,No
101555,Vikram Reddy,Female,29,Pune,Maharashtra,06-06-2026,Regular,Yes
101556,Sneha Menon,Female,65,Bengaluru,Karnataka,10-04-2023,Regular,Yes
101557,Harini Menon,Male,23,Salem,Tamil Nadu,18-05-2023,Regular,No
101558,Ravi Menon,Male,45,Trichy,Tamil Nadu,25-01-2022,VIP,Yes
101559,Ananya Kumar,Female,26,Tirunelveli,Tamil Nadu,02-02-2025,Regular,No
101560,Ananya Krishnan,Female,36,Salem,Tamil Nadu,27-06-2023,VIP,No
101561,Ajay Joshi,Male,44,Mumbai,Maharashtra,20-02-2024,Premium,Yes
101562,Lakshmi Reddy,Female,18,Mumbai,Maharashtra,14-09-2024,Regular,No
101563,Arun Reddy,Female,29,Hyderabad,Telangana,14-12-2024,Regular,No
101564,Harini Gupta,Male,46,Tirunelveli,Tamil Nadu,13-06-2026,Regular,Yes
101565,Priya Iyer,Female,18,Kolkata,West Bengal,02-08-2024,Regular,Yes
101566,Keerthi Krishnan,Male,41,Pune,Maharashtra,30-10-2022,Regular,Yes
101567,Lakshmi Menon,Male,46,Tirunelveli,Tamil Nadu,10-04-2025,Regular,No
101568,Karthik Kumar,Female,28,Coimbatore,Tamil Nadu,05-04-2022,Regular,No
101569,Ajay Rao,Male,25,Salem,Tamil Nadu,05-12-2025,VIP,Yes
101570,Santhosh Das,Female,41,Tirunelveli,Tamil Nadu,19-05-2023,Regular,No
101571,Ravi Patel,Female,52,Chennai,Tamil Nadu,12-05-2025,Regular,Yes
101572,Priya Pillai,Female,18,Delhi,Delhi,24-09-2022,Regular,Yes
101573,Dinesh Iyer,Male,34,Madurai,Tamil Nadu,23-11-2023,Regular,Yes
101574,Naveen Singh,Male,65,Trichy,Tamil Nadu,28-03-2025,Regular,No
101575,Suresh Gupta,,34,Bengaluru,Karnataka,22-11-2024,Premium,Yes
101576,Dinesh Iyer,Female,33,Mumbai,Maharashtra,10-01-2022,Regular,No
101577,Vikram Gupta,Female,53,Kolkata,West Bengal,28-02-2022,Regular,Yes
101578,Santhosh Sharma,Male,41,Trichy,Tamil Nadu,26-07-2026,Premium,Yes
101579,Dinesh Nair,Male,36,Bengaluru,Karnataka,18-06-2024,Regular,Yes
101580,Keerthi Sharma,Male,55,Coimbatore,Tamil Nadu,25-12-2025,Premium,Yes
101581,Pooja Krishnan,Female,19,Mumbai,Maharashtra,04-05-2022,Regular,No
101582,Pooja Gupta,Male,52,Hyderabad,Telangana,14-04-2024,Premium,Yes
101583,Santhosh Gupta,Female,36,Kolkata,West Bengal,06-09-2024,VIP,Yes
101584,Naveen Joshi,Male,60,Delhi,Delhi,15-04-2026,Premium,Yes
101585,Pooja Krishnan,Male,52,Coimbatore,Tamil Nadu,23-04-2025,Regular,No
101586,Ravi Menon,Female,63,Mumbai,Maharashtra,03-12-2024,Regular,Yes
101587,Priya Rao,Female,24,Trichy,Tamil Nadu,14-05-2023,Premium,No
101588,Suresh Pillai,Female,27,Chennai,Tamil Nadu,17-08-2026,Regular,Yes
101589,Priya Krishnan,Male,61,Salem,Tamil Nadu,12-07-2023,Regular,
101590,Sneha Pillai,Female,36,Chennai,Tamil Nadu,19-04-2023,Regular,No
101591,Harini Reddy,Male,57,Madurai,Tamil Nadu,15-05-2025,Regular,Yes
101592,Harini Nair,Female,50,Delhi,Delhi,22-08-2026,Regular,No
101593,Lakshmi Menon,Female,41,Delhi,Delhi,27-12-2025,Regular,No
101594,Arun Iyer,Male,20,Chennai,Tamil Nadu,03-11-2022,Regular,No
101595,Suresh Iyer,Female,21,Madurai,Tamil Nadu,18-10-2025,Regular,Yes
101596,Rahul Joshi,Male,52,Bengaluru,Karnataka,24-08-2023,Regular,No
101597,Harini Nair,Male,22,Coimbatore,Tamil Nadu,13-01-2023,Regular,Yes
101598,Karthik Iyer,Male,18,Madurai,Tamil Nadu,10-05-2026,Premium,Yes
101599,Santhosh Patel,Male,28,Salem,Tamil Nadu,03-06-2026,Regular,Yes
101600,Arun Singh,Female,61,Madurai,Tamil Nadu,22-09-2023,Regular,Yes
101601,Meena Das,Female,48,Mumbai,Maharashtra,14-02-2022,Premium,Yes
101602,Vikram Pillai,Female,52,Madurai,Tamil Nadu,23-12-2022,Regular,No
101603,Ajay Joshi,Female,49,Trichy,Tamil Nadu,09-07-2024,Regular,Yes
101604,Ananya Krishnan,Female,45,Mumbai,Maharashtra,12-04-2022,Regular,Yes
101605,Ananya Krishnan,Male,30,Bengaluru,Karnataka,22-01-2023,Regular,Yes
101606,Naveen Patel,Male,38,Salem,Tamil Nadu,11-09-2022,Regular,Yes
101607,Santhosh Pillai,Male,44,Bengaluru,Karnataka,07-06-2026,Regular,Yes
101608,Harini Reddy,Female,65,Coimbatore,Tamil Nadu,27-08-2023,Premium,No
101609,Naveen Sharma,Female,61,Hyderabad,Telangana,09-10-2023,Regular,Yes
101610,Rahul Joshi,Female,53,Bengaluru,Karnataka,18-12-2023,Regular,No
101611,Sneha Pillai,Male,57,Trichy,Tamil Nadu,23-01-2022,Regular,Yes
101612,Suresh Patel,Male,56,Bengaluru,Karnataka,11-07-2024,Regular,Yes
101613,Priya Krishnan,Female,50,Madurai,Tamil Nadu,01-04-2026,Regular,Yes
101614,Naveen Nair,Male,57,Madurai,Tamil Nadu,15-10-2025,Premium,Yes
101615,Dinesh Patel,Female,21,Chennai,Tamil Nadu,03-03-2023,Premium,No
101616,Keerthi Patel,Male,19,Hyderabad,Telangana,23-01-2022,Premium,No
101617,Keerthi Sharma,Male,39,Trichy,Tamil Nadu,07-08-2025,Regular,Yes
101618,Meena Rao,Female,20,Kolkata,West Bengal,30-11-2025,Regular,Yes
101619,Keerthi Nair,Female,34,Bengaluru,Karnataka,16-04-2026,Regular,No
101620,Ajay Rao,Female,27,Tirunelveli,Tamil Nadu,08-09-2024,Regular,Yes
101621,Divya Reddy,Male,63,Mumbai,Maharashtra,15-03-2024,Regular,No
101622,Ajay Joshi,Male,49,Chennai,Tamil Nadu,10-07-2025,Regular,Yes
101623,Swathi Das,Female,20,Tirunelveli,Tamil Nadu,19-03-2025,Regular,Yes
101624,Santhosh Pillai,Female,47,Chennai,Tamil Nadu,10-07-2025,Regular,Yes
101625,Ravi Sharma,Female,53,Kolkata,West Bengal,29-04-2023,Regular,Yes
101626,Ajay Das,Female,33,Tirunelveli,Tamil Nadu,16-03-2026,Regular,Yes
101627,Divya Gupta,Male,60,Kolkata,West Bengal,05-03-2022,Regular,Yes
101628,Harini Patel,Male,64,Coimbatore,Tamil Nadu,08-06-2022,Regular,No
101629,Meena Iyer,Female,65,Delhi,Delhi,18-01-2025,Regular,Yes
101630,Sneha Reddy,Female,22,Bengaluru,Karnataka,29-08-2024,Regular,No
101631,Ananya Reddy,Male,39,Kolkata,West Bengal,30-07-2024,Regular,Yes
101632,Sneha Nair,Male,55,Salem,Tamil Nadu,26-03-2026,Premium,Yes
101633,Ajay Patel,Other,39,Bengaluru,Karnataka,20-01-2026,Regular,Yes
101634,Ravi Reddy,Female,41,Salem,Tamil Nadu,07-05-2025,Regular,No
101635,Naveen Krishnan,Female,33,Delhi,Delhi,07-10-2022,Regular,No
101636,Lakshmi Kumar,Male,38,Kolkata,West Bengal,14-06-2022,Regular,No
101637,Harini Patel,Female,51,Bengaluru,Karnataka,26-08-2022,Regular,No
101638,Priya Krishnan,Female,19,Coimbatore,Tamil Nadu,09-11-2024,Regular,Yes
101639,Sneha Iyer,Female,56,Hyderabad,Telangana,26-04-2025,Regular,Yes
101640,Lakshmi Reddy,Male,52,Mumbai,Maharashtra,21-09-2025,Premium,Yes
101641,Ravi Iyer,Female,24,Madurai,Tamil Nadu,25-06-2022,Premium,No
101642,Rahul Kumar,Female,55,Chennai,Tamil Nadu,13-04-2023,Regular,Yes
101643,Arun Nair,Female,43,Pune,Maharashtra,29-07-2023,Regular,No
101644,Suresh Kumar,Female,33,Coimbatore,Tamil Nadu,11-12-2024,VIP,No
101645,Vikram Reddy,Female,39,Bengaluru,Karnataka,21-03-2022,Regular,Yes
101646,Keerthi Joshi,Male,42,Mumbai,Maharashtra,29-11-2025,VIP,Yes
101647,Pooja Pillai,Female,28,Delhi,Delhi,18-05-2022,Premium,Yes
101648,Sneha Reddy,Female,47,Coimbatore,Tamil Nadu,09-06-2024,Regular,Yes
101649,Swathi Patel,Male,48,Tirunelveli,Tamil Nadu,05-05-2026,Regular,Yes
101650,Dinesh Nair,Male,35,Salem,Tamil Nadu,27-11-2022,Regular,Yes
101651,Karthik Gupta,Female,40,Hyderabad,Telangana,14-03-2025,Premium,No
101652,Keerthi Gupta,Male,47,Chennai,Tamil Nadu,23-07-2024,Regular,No
101653,Meena Sharma,Female,42,Chennai,Tamil Nadu,25-10-2025,Premium,Yes
101654,Pooja Sharma,Male,38,Coimbatore,Tamil Nadu,26-09-2024,Regular,Yes
101655,Pooja Singh,Male,63,Bengaluru,Karnataka,12-12-2025,Premium,No
101656,Swathi Pillai,Male,60,Hyderabad,Telangana,16-11-2023,Premium,Yes
101657,Suresh Pillai,Female,36,Salem,Tamil Nadu,06-10-2022,Regular,No
101658,Rahul Sharma,Female,52,Salem,Tamil Nadu,01-03-2025,Regular,Yes
101659,Lakshmi Das,Male,56,Salem,Tamil Nadu,04-07-2026,Regular,No
101660,Meena Iyer,,23,Mumbai,Maharashtra,07-01-2024,Premium,No
101661,Divya Krishnan,Male,46,Coimbatore,Tamil Nadu,25-10-2025,Premium,No
101662,Dinesh Pillai,Female,56,Coimbatore,Tamil Nadu,31-01-2026,Regular,No
101663,Suresh Nair,Other,20,Hyderabad,Telangana,02-01-2025,Premium,Yes
101664,Sneha Sharma,Female,34,Kolkata,West Bengal,07-09-2025,Regular,Yes
101665,Suresh Das,Male,56,Kolkata,West Bengal,15-08-2024,Regular,No
101666,Rahul Singh,Female,62,Delhi,Delhi,30-09-2025,Premium,Yes
101667,Ajay Gupta,Male,65,Trichy,Tamil Nadu,26-07-2023,Regular,Yes
101668,Santhosh Patel,Male,46,Madurai,Tamil Nadu,13-06-2024,Premium,Yes
101669,Ananya Pillai,Male,20,Kolkata,West Bengal,13-05-2022,Regular,Yes
101670,Pooja Reddy,Male,19,Madurai,Tamil Nadu,30-11-2022,Regular,Yes
101671,Pooja Iyer,,56,Trichy,Tamil Nadu,11-09-2024,Regular,Yes
101672,Suresh Patel,Female,53,Kolkata,West Bengal,16-05-2025,Regular,Yes
101673,Lakshmi Kumar,Male,27,Mumbai,Maharashtra,20-02-2022,Regular,Yes
101674,Harini Reddy,Female,24,Trichy,Tamil Nadu,28-04-2022,Premium,No
101675,Arun Krishnan,Female,24,Madurai,Tamil Nadu,11-01-2022,Regular,Yes
101676,Pooja Sharma,Female,60,Tirunelveli,Tamil Nadu,29-05-2024,Regular,No
101677,Arun Sharma,Male,54,Bengaluru,Karnataka,24-07-2023,Regular,No
101678,Suresh Sharma,Female,63,Pune,Maharashtra,01-04-2022,Regular,Yes
101679,Naveen Sharma,Male,23,Tirunelveli,Tamil Nadu,11-09-2025,Regular,Yes
101680,Swathi Pillai,Male,51,Kolkata,West Bengal,17-06-2024,Premium,Yes
101681,Naveen Joshi,Female,62,Tirunelveli,Tamil Nadu,18-01-2022,Premium,No
101682,Santhosh Kumar,Female,43,Chennai,Tamil Nadu,12-03-2025,Regular,Yes
101683,Vikram Menon,Female,55,Chennai,Tamil Nadu,30-03-2026,Regular,Yes
101684,Vikram Menon,Female,46,Trichy,Tamil Nadu,14-12-2023,Regular,Yes
101685,Swathi Joshi,Female,18,Delhi,Delhi,03-06-2026,Regular,No
101686,Vikram Patel,Female,38,Kolkata,West Bengal,10-12-2023,Premium,Yes
101687,Arun Reddy,Female,30,Pune,Maharashtra,12-05-2022,Regular,Yes
101688,Divya Nair,Female,22,Delhi,Delhi,28-07-2022,VIP,No
101689,Suresh Gupta,Male,46,Tirunelveli,Tamil Nadu,24-04-2022,Regular,Yes
101690,Swathi Menon,Other,62,Bengaluru,Karnataka,29-05-2023,Premium,No
101691,Arun Nair,Female,20,Trichy,Tamil Nadu,17-10-2023,Premium,No
101692,Naveen Reddy,Female,33,Salem,Tamil Nadu,26-01-2024,Premium,Yes
101693,Suresh Menon,Male,50,Coimbatore,Tamil Nadu,28-03-2024,Premium,Yes
101694,Swathi Gupta,Male,33,Delhi,Delhi,08-01-2026,Regular,Yes
101695,Suresh Singh,Female,23,Bengaluru,Karnataka,20-01-2022,Premium,No
101696,Ananya Krishnan,Male,27,Madurai,Tamil Nadu,07-03-2026,Regular,No
101697,Suresh Singh,Male,19,Pune,Maharashtra,11-02-2023,Regular,Yes
101698,Sneha Nair,Female,65,Bengaluru,Karnataka,10-06-2026,Regular,No
101699,Karthik Rao,Female,41,Delhi,Delhi,18-08-2022,Regular,Yes
101700,Harini Menon,Female,63,Tirunelveli,Tamil Nadu,20-06-2022,Premium,Yes
101701,Meena Joshi,Female,50,Mumbai,Maharashtra,26-07-2022,Regular,Yes
101702,Lakshmi Nair,Male,34,Hyderabad,Telangana,19-05-2023,Regular,No
101703,Swathi Patel,Male,63,Madurai,Tamil Nadu,20-05-2026,Regular,Yes
101704,Harini Singh,Female,30,Hyderabad,Telangana,26-02-2024,Regular,No
101705,Divya Sharma,Male,26,Tirunelveli,Tamil Nadu,08-10-2022,Premium,Yes
101706,Dinesh Patel,Female,56,Salem,Tamil Nadu,26-12-2024,Premium,No
101707,Dinesh Sharma,Other,44,Tirunelveli,Tamil Nadu,13-05-2024,Regular,No
101708,Ravi Singh,Female,38,Salem,Tamil Nadu,09-04-2025,Regular,Yes
101709,Suresh Iyer,Female,46,Hyderabad,Telangana,14-06-2025,Regular,Yes
101710,Priya Patel,Female,64,Hyderabad,Telangana,29-08-2025,Regular,No
101711,Meena Gupta,Female,31,Delhi,Delhi,15-09-2022,Regular,Yes
101712,Meena Reddy,Male,61,Pune,Maharashtra,22-04-2024,VIP,Yes
101713,Divya Das,Female,61,Salem,Tamil Nadu,08-12-2024,Regular,Yes
101714,Suresh Pillai,Male,54,Madurai,Tamil Nadu,04-08-2024,Regular,Yes
101715,Suresh Rao,Female,25,Coimbatore,Tamil Nadu,12-07-2026,Premium,No
101716,Priya Iyer,Male,22,Salem,Tamil Nadu,21-06-2026,Regular,Yes
101717,Harini Patel,Female,23,Coimbatore,Tamil Nadu,12-10-2025,Premium,Yes
101718,Suresh Das,Female,51,Delhi,Delhi,13-02-2023,Regular,No
101719,Priya Rao,Male,37,Delhi,Delhi,18-06-2024,Regular,
101720,Vikram Iyer,Female,65,Kolkata,West Bengal,28-09-2025,Regular,Yes
101721,Suresh Nair,Male,18,Bengaluru,Karnataka,02-04-2023,Regular,Yes
101722,Sneha Rao,Male,35,Madurai,Tamil Nadu,25-04-2025,Premium,Yes
101723,Naveen Reddy,Male,30,Coimbatore,Tamil Nadu,28-02-2023,Regular,Yes
101724,Lakshmi Das,Male,60,Madurai,Tamil Nadu,27-08-2022,Regular,No
101725,Swathi Kumar,Other,23,Kolkata,West Bengal,12-02-2023,VIP,Yes
101726,Swathi Patel,Other,37,Trichy,Tamil Nadu,25-04-2026,Regular,Yes
101727,Naveen Gupta,Female,59,Tirunelveli,Tamil Nadu,20-08-2026,Regular,Yes
101728,Divya Reddy,Female,64,Kolkata,West Bengal,25-12-2025,VIP,Yes
101729,Priya Das,Female,61,Pune,Maharashtra,07-04-2023,Regular,No
101730,Swathi Singh,Female,49,Bengaluru,Karnataka,18-08-2025,Premium,Yes
101731,Sneha Patel,Female,25,Trichy,Tamil Nadu,07-01-2023,Regular,Yes
101732,Suresh Pillai,,22,Salem,Tamil Nadu,04-08-2022,Premium,Yes
101733,Rahul Patel,Female,37,Madurai,Tamil Nadu,16-03-2023,Regular,Yes
101734,Ajay Reddy,Other,40,Salem,Tamil Nadu,26-08-2022,Regular,Yes
101735,Harini Pillai,Male,42,Salem,Tamil Nadu,24-12-2024,VIP,No
101736,Ananya Menon,Male,20,Trichy,Tamil Nadu,07-03-2025,Regular,Yes
101737,Swathi Krishnan,Male,50,Kolkata,West Bengal,02-03-2022,Regular,Yes
101738,Sneha Kumar,Male,36,Bengaluru,Karnataka,02-07-2022,Regular,Yes
101739,Vikram Sharma,Female,23,Chennai,Tamil Nadu,25-03-2024,Regular,
101740,Divya Das,Male,61,Hyderabad,Telangana,12-07-2022,Regular,Yes
101741,Keerthi Iyer,Female,35,Pune,Maharashtra,08-11-2025,Regular,Yes
101742,Arun Reddy,Female,29,Madurai,Tamil Nadu,12-11-2023,Regular,Yes
101743,Meena Menon,Male,41,Pune,Maharashtra,03-12-2023,Premium,Yes
101744,Ananya Patel,Female,63,Chennai,Tamil Nadu,10-01-2022,Premium,Yes
101745,Keerthi Sharma,Female,57,Hyderabad,Telangana,07-04-2025,Premium,No
101746,Karthik Kumar,,22,Tirunelveli,Tamil Nadu,11-05-2025,Regular,Yes
101747,Ravi Nair,Female,50,Tirunelveli,Tamil Nadu,09-07-2025,Regular,No
101748,Keerthi Das,Female,49,Delhi,Delhi,07-07-2024,Regular,Yes
101749,Ananya Pillai,Male,60,Trichy,Tamil Nadu,04-04-2023,Regular,No
101750,Santhosh Sharma,Male,64,Madurai,Tamil Nadu,13-05-2022,Regular,Yes
101751,Santhosh Iyer,Male,53,Tirunelveli,Tamil Nadu,21-06-2023,Premium,Yes
101752,Karthik Rao,Male,49,Salem,Tamil Nadu,13-07-2024,Premium,No
101753,Arun Singh,Female,34,Coimbatore,Tamil Nadu,18-07-2022,Regular,Yes
101754,Sneha Nair,Male,61,Delhi,Delhi,02-04-2022,Regular,Yes
101755,Dinesh Pillai,Female,63,Coimbatore,Tamil Nadu,04-01-2023,Regular,No
101756,Karthik Rao,Male,65,Mumbai,Maharashtra,01-05-2022,Regular,No
101757,Meena Singh,Female,63,Delhi,Delhi,25-01-2022,Regular,No
101758,Ajay Joshi,Male,48,Coimbatore,Tamil Nadu,05-04-2024,Premium,Yes
101759,Suresh Kumar,Female,63,Kolkata,West Bengal,20-06-2025,Regular,Yes
101760,Santhosh Joshi,Female,55,Kolkata,West Bengal,29-04-2024,Regular,Yes
101761,Vikram Rao,Male,29,Delhi,Delhi,05-06-2022,Premium,Yes
101762,Harini Rao,Female,19,Delhi,Delhi,31-07-2023,Premium,Yes
101763,Meena Pillai,Male,65,Chennai,Tamil Nadu,02-03-2022,Premium,No
101764,Dinesh Rao,Female,38,Coimbatore,Tamil Nadu,23-11-2024,Regular,No
101765,Sneha Nair,Female,59,Kolkata,West Bengal,01-02-2023,Regular,Yes
101766,Pooja Reddy,Male,31,Tirunelveli,Tamil Nadu,21-10-2023,Premium,Yes
101767,Ravi Krishnan,Male,35,Kolkata,West Bengal,14-03-2026,Premium,Yes
101768,Priya Rao,Male,57,Pune,Maharashtra,24-09-2024,VIP,Yes
101769,Naveen Reddy,Female,43,Chennai,Tamil Nadu,24-07-2025,Regular,No
101770,Ravi Krishnan,Female,50,Hyderabad,Telangana,18-08-2023,Premium,Yes
101771,Arun Krishnan,Male,33,Delhi,Delhi,02-05-2026,Regular,Yes
101772,Divya Singh,Male,47,Delhi,Delhi,30-04-2025,Regular,No
101773,Ajay Kumar,Male,41,Delhi,Delhi,26-05-2024,Regular,No
101774,Arun Nair,Female,62,Delhi,Delhi,11-09-2024,Regular,Yes
101775,Santhosh Kumar,Male,41,Trichy,Tamil Nadu,25-11-2024,Regular,Yes
101776,Swathi Sharma,Male,22,Bengaluru,Karnataka,30-09-2022,Regular,Yes
101777,Meena Nair,Female,53,Mumbai,Maharashtra,04-03-2023,Premium,Yes
101778,Meena Sharma,Male,63,Bengaluru,Karnataka,12-03-2025,Regular,Yes
101779,Swathi Reddy,,60,Mumbai,Maharashtra,20-01-2024,Regular,Yes
101780,Swathi Krishnan,Male,22,Madurai,Tamil Nadu,25-08-2025,Premium,No
101781,Keerthi Patel,Male,65,Chennai,Tamil Nadu,12-06-2024,Regular,
101782,Pooja Joshi,Female,34,Delhi,Delhi,22-04-2022,Regular,Yes
101783,Santhosh Pillai,Male,58,Chennai,Tamil Nadu,04-02-2025,VIP,No
101784,Karthik Das,Male,48,Tirunelveli,Tamil Nadu,02-11-2024,Regular,Yes
101785,Ananya Joshi,Other,64,Madurai,Tamil Nadu,12-09-2023,Regular,Yes
101786,Lakshmi Pillai,Female,34,Hyderabad,Telangana,05-09-2025,Regular,Yes
101787,Sneha Patel,Female,47,Hyderabad,Telangana,20-08-2023,Regular,Yes
101788,Naveen Menon,Male,50,Bengaluru,Karnataka,14-07-2022,Regular,Yes
101789,Ananya Sharma,Male,25,Pune,Maharashtra,26-07-2022,Premium,Yes
101790,Rahul Krishnan,Male,55,Trichy,Tamil Nadu,13-03-2026,Regular,Yes
101791,Meena Nair,Female,24,Coimbatore,Tamil Nadu,02-10-2023,Regular,No
101792,Dinesh Kumar,Female,57,Salem,Tamil Nadu,07-12-2023,Premium,No
101793,Swathi Reddy,Female,24,Delhi,Delhi,04-06-2023,Regular,Yes
101794,Santhosh Joshi,Female,26,Mumbai,Maharashtra,08-06-2025,Regular,No
101795,Ravi Patel,Male,41,Pune,Maharashtra,26-10-2024,Regular,Yes
101796,Karthik Iyer,Female,26,Hyderabad,Telangana,09-03-2026,Regular,Yes
101797,Lakshmi Iyer,Male,21,Tirunelveli,Tamil Nadu,01-03-2026,VIP,Yes
101798,Suresh Nair,Male,20,Hyderabad,Telangana,10-08-2026,Premium,Yes
101799,Pooja Gupta,Female,31,Pune,Maharashtra,14-07-2023,Regular,Yes
101800,Keerthi Menon,Female,41,Kolkata,West Bengal,19-09-2024,Regular,No
101801,Keerthi Nair,Male,20,Chennai,Tamil Nadu,13-08-2023,Regular,Yes
101802,Sneha Iyer,Male,24,Pune,Maharashtra,12-04-2025,Premium,Yes
101803,Suresh Kumar,Female,47,Pune,Maharashtra,25-06-2025,Regular,Yes
101804,Vikram Nair,Male,33,Mumbai,Maharashtra,04-03-2023,Premium,No
101805,Meena Gupta,Female,54,Bengaluru,Karnataka,01-01-2026,Regular,Yes
101806,Lakshmi Menon,Female,58,Chennai,Tamil Nadu,09-05-2023,Regular,No
101807,Priya Singh,Male,19,Chennai,Tamil Nadu,30-07-2026,VIP,Yes
101808,Naveen Das,Male,63,Pune,Maharashtra,17-12-2025,Premium,No
101809,Meena Nair,Male,50,Bengaluru,Karnataka,31-01-2022,Regular,Yes
101810,Suresh Das,Female,57,Tirunelveli,Tamil Nadu,09-11-2023,Regular,Yes
101811,Sneha Rao,Male,40,Hyderabad,Telangana,23-10-2023,Premium,Yes
101812,Karthik Krishnan,Female,18,Coimbatore,Tamil Nadu,30-10-2025,Premium,Yes
101813,Harini Rao,Male,60,Madurai,Tamil Nadu,16-05-2025,Regular,Yes
101814,Ananya Joshi,Female,45,Pune,Maharashtra,28-03-2022,Premium,Yes
101815,Pooja Singh,Male,19,Salem,Tamil Nadu,30-11-2025,Premium,Yes
101816,Arun Kumar,Male,25,Bengaluru,Karnataka,07-01-2023,Regular,Yes
101817,Karthik Reddy,Female,27,Hyderabad,Telangana,21-09-2023,Regular,Yes
101818,Naveen Rao,Female,36,Mumbai,Maharashtra,17-10-2022,Regular,No
101819,Lakshmi Rao,Male,39,Bengaluru,Karnataka,25-09-2022,Premium,No
101820,Santhosh Rao,Male,38,Mumbai,Maharashtra,15-06-2024,Regular,No
101821,Ananya Menon,Female,59,Mumbai,Maharashtra,24-05-2022,Regular,Yes
101822,Suresh Reddy,Male,63,Trichy,Tamil Nadu,17-05-2022,Premium,Yes
101823,Meena Krishnan,Male,50,Mumbai,Maharashtra,28-08-2025,Regular,No
101824,Ananya Krishnan,Male,48,Salem,Tamil Nadu,08-08-2023,VIP,No
101825,Lakshmi Singh,Male,59,Trichy,Tamil Nadu,07-01-2025,Regular,No
101826,Divya Singh,Female,30,Salem,Tamil Nadu,04-08-2026,Premium,Yes
101827,Dinesh Iyer,Female,44,Bengaluru,Karnataka,28-03-2022,Regular,Yes
101828,Lakshmi Singh,Female,48,Tirunelveli,Tamil Nadu,12-09-2025,Regular,No
101829,Dinesh Gupta,Female,31,Coimbatore,Tamil Nadu,06-07-2022,Regular,Yes
101830,Swathi Pillai,Male,63,Tirunelveli,Tamil Nadu,17-07-2025,Regular,Yes
101831,Sneha Das,Female,29,Delhi,Delhi,05-06-2023,Premium,No
101832,Priya Patel,Male,20,Tirunelveli,Tamil Nadu,18-08-2022,Premium,No
101833,Arun Krishnan,Male,33,Coimbatore,Tamil Nadu,24-01-2023,Regular,Yes
101834,Ajay Menon,Female,57,Chennai,Tamil Nadu,12-09-2023,Regular,Yes
101835,Sneha Patel,Male,35,Delhi,Delhi,25-05-2025,VIP,No
101836,Pooja Gupta,Male,28,Bengaluru,Karnataka,02-03-2025,Regular,Yes
101837,Harini Sharma,Male,59,Tirunelveli,Tamil Nadu,23-05-2025,Premium,No
101838,Suresh Kumar,Female,25,Mumbai,Maharashtra,06-02-2022,Regular,Yes
101839,Dinesh Sharma,Male,25,Hyderabad,Telangana,17-07-2026,Regular,Yes
101840,Dinesh Iyer,Female,61,Kolkata,West Bengal,08-01-2024,Regular,No
101841,Arun Pillai,Female,33,Pune,Maharashtra,09-07-2022,Regular,No
101842,Suresh Singh,Female,18,Bengaluru,Karnataka,28-04-2026,Premium,Yes
101843,Ajay Reddy,Male,38,Trichy,Tamil Nadu,09-09-2025,Premium,Yes
101844,Pooja Nair,Female,53,Salem,Tamil Nadu,20-05-2022,Premium,Yes
101845,Divya Singh,Male,54,Madurai,Tamil Nadu,13-01-2024,Premium,Yes
101846,Arun Patel,Female,22,Coimbatore,Tamil Nadu,21-03-2026,Premium,No
101847,Keerthi Sharma,Female,31,Delhi,Delhi,06-03-2025,Premium,Yes
101848,Rahul Krishnan,Male,47,Kolkata,West Bengal,27-11-2022,Premium,No
101849,Suresh Sharma,Female,49,Kolkata,West Bengal,05-04-2025,Premium,No
101850,Naveen Menon,Female,47,Bengaluru,Karnataka,18-11-2022,Regular,Yes
101851,Arun Iyer,Male,34,Chennai,Tamil Nadu,22-08-2023,Regular,Yes
101852,Ananya Menon,Male,59,Mumbai,Maharashtra,29-11-2022,Regular,No
101853,Priya Gupta,Female,21,Pune,Maharashtra,24-03-2025,Regular,Yes
101854,Vikram Sharma,Female,57,Bengaluru,Karnataka,03-05-2026,Regular,No
101855,Harini Sharma,Female,63,Bengaluru,Karnataka,17-03-2022,Regular,Yes
101856,Rahul Joshi,Male,50,Salem,Tamil Nadu,23-10-2024,Regular,Yes
101857,Ravi Nair,Female,38,Delhi,Delhi,27-02-2023,Regular,Yes
101858,Pooja Das,Female,36,Coimbatore,Tamil Nadu,30-06-2025,Premium,Yes
101859,Ajay Kumar,Female,38,Kolkata,West Bengal,25-08-2022,Premium,No
101860,Keerthi Reddy,Female,25,Madurai,Tamil Nadu,15-09-2023,Regular,Yes
101861,Dinesh Rao,Male,28,Madurai,Tamil Nadu,17-12-2022,VIP,Yes
101862,Rahul Pillai,Female,48,Mumbai,Maharashtra,24-01-2026,VIP,Yes
101863,Divya Reddy,Male,44,Salem,Tamil Nadu,21-05-2022,Premium,Yes
101864,Santhosh Menon,Male,41,Delhi,Delhi,16-09-2024,Regular,No
101865,Harini Krishnan,Female,40,Salem,Tamil Nadu,24-07-2022,Regular,No
101866,Santhosh Sharma,Male,21,Delhi,Delhi,16-10-2024,Regular,Yes
101867,Keerthi Patel,Male,59,Bengaluru,Karnataka,29-07-2025,Premium,No
101868,Ananya Reddy,Male,63,Trichy,Tamil Nadu,02-07-2025,Regular,Yes
101869,Karthik Nair,Female,29,Chennai,Tamil Nadu,26-02-2022,Premium,Yes
101870,Santhosh Das,Female,33,Trichy,Tamil Nadu,08-08-2025,Premium,Yes
101871,Vikram Nair,Male,48,Chennai,Tamil Nadu,20-05-2023,VIP,No
101872,Ravi Reddy,Male,18,Hyderabad,Telangana,05-03-2025,Regular,Yes
101873,Ravi Krishnan,Female,22,Coimbatore,Tamil Nadu,27-06-2026,Premium,No
101874,Karthik Das,Male,61,Tirunelveli,Tamil Nadu,22-07-2022,Premium,Yes
101875,Naveen Rao,Other,26,Delhi,Delhi,09-09-2023,Regular,Yes
101876,Divya Rao,Female,45,Bengaluru,Karnataka,13-01-2026,Premium,Yes
101877,Swathi Reddy,Male,60,Hyderabad,Telangana,29-08-2022,Regular,Yes
101878,Keerthi Krishnan,Female,53,Salem,Tamil Nadu,20-03-2023,Regular,Yes
101879,Vikram Singh,Male,31,Madurai,Tamil Nadu,22-07-2024,VIP,No
101880,Harini Singh,Female,25,Bengaluru,Karnataka,21-08-2026,Regular,No
101881,Keerthi Iyer,Male,52,Delhi,Delhi,17-05-2023,Regular,Yes
101882,Santhosh Das,Female,37,Mumbai,Maharashtra,18-10-2023,VIP,No
101883,Swathi Das,Female,64,Hyderabad,Telangana,14-09-2025,Regular,Yes
101884,Ananya Patel,Female,48,Salem,Tamil Nadu,23-07-2022,Regular,No
101885,Naveen Pillai,Female,18,Coimbatore,Tamil Nadu,11-07-2023,Regular,Yes
101886,Rahul Gupta,Male,30,Hyderabad,Telangana,22-06-2023,Regular,No
101887,Dinesh Sharma,Female,53,Coimbatore,Tamil Nadu,13-11-2023,Regular,Yes
101888,Rahul Krishnan,Female,51,Delhi,Delhi,02-09-2024,Regular,Yes
101889,Dinesh Singh,Male,53,Chennai,Tamil Nadu,12-01-2023,Premium,No
101890,Ajay Joshi,Male,29,Pune,Maharashtra,28-10-2023,Regular,Yes
101891,Vikram Reddy,Male,29,Hyderabad,Telangana,08-04-2026,Regular,No
101892,Lakshmi Reddy,Male,28,Hyderabad,Telangana,09-11-2025,Regular,Yes
101893,Meena Nair,Female,51,Salem,Tamil Nadu,14-06-2026,Regular,Yes
101894,Ravi Reddy,Male,18,Madurai,Tamil Nadu,05-03-2025,Regular,Yes
101895,Pooja Krishnan,Female,57,Bengaluru,Karnataka,16-09-2024,Regular,No
101896,Karthik Nair,Female,31,Salem,Tamil Nadu,29-12-2022,Regular,Yes
101897,Priya Reddy,Male,41,Kolkata,West Bengal,28-09-2022,Regular,Yes
101898,Lakshmi Rao,Female,29,Salem,Tamil Nadu,05-07-2024,Regular,Yes
101899,Ajay Pillai,Male,38,Madurai,Tamil Nadu,20-11-2023,Regular,Yes
101900,Naveen Gupta,Male,54,Delhi,Delhi,31-08-2025,Regular,No
101901,Naveen Nair,Male,27,Kolkata,West Bengal,17-01-2022,Regular,No
101902,Ajay Patel,Male,45,Kolkata,West Bengal,24-02-2026,Regular,Yes
101903,Harini Iyer,Male,20,Madurai,Tamil Nadu,17-10-2022,Regular,Yes
101904,Harini Pillai,Male,26,Hyderabad,Telangana,03-11-2023,Premium,Yes
101905,Rahul Krishnan,Male,50,Mumbai,Maharashtra,29-08-2023,Regular,No
101906,Lakshmi Das,Male,45,Hyderabad,Telangana,21-04-2026,Regular,No
101907,Vikram Pillai,Female,47,Mumbai,Maharashtra,09-05-2025,Regular,Yes
101908,Ravi Sharma,Male,28,Bengaluru,Karnataka,03-03-2022,Regular,No
101909,Karthik Krishnan,Female,27,Chennai,Tamil Nadu,21-12-2025,Regular,Yes
101910,Meena Reddy,Female,38,Tirunelveli,Tamil Nadu,24-02-2025,Regular,Yes
101911,Swathi Sharma,Female,24,Chennai,Tamil Nadu,26-04-2022,Regular,Yes
101912,Karthik Nair,Female,60,Salem,Tamil Nadu,22-08-2025,Regular,Yes
101913,Arun Singh,Female,30,Chennai,Tamil Nadu,27-02-2022,Regular,Yes
101914,Santhosh Joshi,Female,52,Trichy,Tamil Nadu,24-12-2023,Premium,Yes
101915,Harini Patel,Female,25,Mumbai,Maharashtra,03-10-2022,Premium,Yes
101916,Priya Gupta,Female,49,Kolkata,West Bengal,19-01-2022,Regular,Yes
101917,Ananya Menon,Male,27,Mumbai,Maharashtra,09-08-2024,Premium,Yes
101918,Rahul Krishnan,Female,31,Pune,Maharashtra,13-03-2025,Regular,Yes
101919,Keerthi Pillai,Female,37,Pune,Maharashtra,26-03-2024,Regular,No
101920,Rahul Singh,Male,23,Kolkata,West Bengal,06-08-2023,Regular,Yes
101921,Lakshmi Singh,Female,23,Delhi,Delhi,22-05-2024,VIP,Yes
101922,Pooja Iyer,Female,54,Kolkata,West Bengal,16-09-2022,Regular,Yes
101923,Naveen Reddy,Female,34,Trichy,Tamil Nadu,26-03-2022,Premium,Yes
101924,Keerthi Pillai,Male,45,Pune,Maharashtra,25-09-2022,Regular,Yes
101925,Pooja Nair,Male,49,Delhi,Delhi,03-04-2022,Regular,Yes
101926,Sneha Patel,Male,47,Bengaluru,Karnataka,31-07-2025,Regular,Yes
101927,Dinesh Reddy,Female,48,Delhi,Delhi,31-10-2024,Regular,Yes
101928,Pooja Nair,Female,64,Bengaluru,Karnataka,15-11-2022,Premium,No
101929,Vikram Menon,Female,48,Hyderabad,Telangana,26-08-2024,Regular,Yes
101930,Ananya Patel,Male,34,Tirunelveli,Tamil Nadu,02-04-2024,Regular,Yes
101931,Ravi Menon,Male,31,Bengaluru,Karnataka,09-07-2022,Regular,Yes
101932,Harini Das,Female,56,Pune,Maharashtra,08-07-2026,Premium,No
101933,Pooja Gupta,Female,38,Salem,Tamil Nadu,14-05-2026,Premium,No
101934,Divya Reddy,Female,44,Tirunelveli,Tamil Nadu,13-07-2025,Regular,No
101935,Meena Das,Male,57,Bengaluru,Karnataka,06-10-2025,Regular,No
101936,Ajay Iyer,Male,29,Bengaluru,Karnataka,19-07-2024,Regular,Yes
101937,Swathi Singh,Female,28,Delhi,Delhi,28-09-2025,Regular,Yes
101938,Harini Menon,Female,20,Kolkata,West Bengal,17-06-2024,Regular,No
101939,Lakshmi Das,Male,21,Tirunelveli,Tamil Nadu,10-10-2022,Premium,Yes
101940,Ravi Iyer,Female,47,Hyderabad,Telangana,12-10-2022,Regular,No
101941,Ananya Pillai,Female,42,Bengaluru,Karnataka,22-12-2025,Regular,Yes
101942,Ananya Kumar,Female,32,Mumbai,Maharashtra,29-01-2024,Regular,Yes
101943,Karthik Das,Male,28,Salem,Tamil Nadu,25-05-2025,Regular,Yes
101944,Ajay Joshi,Male,51,Chennai,Tamil Nadu,04-09-2022,Regular,Yes
101945,Santhosh Rao,Female,22,Delhi,Delhi,01-02-2024,Premium,Yes
101946,Keerthi Gupta,Female,51,Bengaluru,Karnataka,23-05-2022,Regular,Yes
101947,Arun Das,Female,61,Bengaluru,Karnataka,11-01-2023,Regular,Yes
101948,Meena Menon,Female,39,Tirunelveli,Tamil Nadu,05-07-2022,Regular,Yes
101949,Dinesh Krishnan,Male,41,Chennai,Tamil Nadu,20-12-2022,Regular,No
101950,Pooja Krishnan,Male,43,Mumbai,Maharashtra,28-10-2024,Premium,No
101951,Keerthi Reddy,Male,22,Salem,Tamil Nadu,10-01-2022,Premium,No
101952,Divya Menon,Female,48,Coimbatore,Tamil Nadu,26-11-2022,Premium,Yes
101953,Ajay Reddy,Male,35,Chennai,Tamil Nadu,20-03-2025,Premium,Yes
101954,Harini Joshi,Female,40,Pune,Maharashtra,11-09-2022,Premium,Yes
101955,Ajay Reddy,Female,19,Tirunelveli,Tamil Nadu,02-08-2024,Regular,Yes
101956,Santhosh Reddy,Female,60,Delhi,Delhi,14-01-2026,Regular,Yes
101957,Suresh Pillai,Female,34,Kolkata,West Bengal,19-08-2025,Premium,No
101958,Ravi Reddy,Female,21,Kolkata,West Bengal,27-07-2022,Regular,Yes
101959,Priya Singh,Female,55,Coimbatore,Tamil Nadu,08-09-2022,Regular,Yes
101960,Pooja Menon,Other,65,Hyderabad,Telangana,14-04-2025,Premium,Yes
101961,Karthik Iyer,Male,42,Salem,Tamil Nadu,13-08-2023,Regular,Yes
101962,Naveen Iyer,Male,19,Tirunelveli,Tamil Nadu,10-12-2023,Regular,Yes
101963,Priya Nair,Female,65,Bengaluru,Karnataka,21-03-2024,Regular,No
101964,Keerthi Reddy,Female,27,Trichy,Tamil Nadu,11-09-2024,Regular,No
101965,Karthik Reddy,Female,29,Trichy,Tamil Nadu,03-02-2024,Regular,No
101966,Vikram Kumar,Male,51,Madurai,Tamil Nadu,09-02-2022,Regular,No
101967,Arun Singh,Female,33,Delhi,Delhi,10-06-2022,Regular,Yes
101968,Arun Patel,Female,22,Pune,Maharashtra,01-01-2022,Regular,No
101969,Keerthi Kumar,Female,50,Salem,Tamil Nadu,27-03-2023,Regular,No
101970,Ajay Das,Male,30,Bengaluru,Karnataka,21-10-2025,Regular,Yes
101971,Keerthi Das,Female,59,Trichy,Tamil Nadu,11-07-2026,Regular,No
101972,Dinesh Kumar,Female,25,Tirunelveli,Tamil Nadu,19-03-2024,Regular,No
101973,Sneha Patel,Female,61,Madurai,Tamil Nadu,16-02-2022,Regular,No
101974,Pooja Pillai,Male,52,Delhi,Delhi,02-05-2022,Regular,Yes
101975,Santhosh Das,Female,29,Kolkata,West Bengal,17-10-2025,Premium,Yes
101976,Suresh Singh,Male,45,Chennai,Tamil Nadu,07-08-2023,Regular,No
101977,Priya Nair,Male,63,Tirunelveli,Tamil Nadu,07-02-2026,Regular,No
101978,Ravi Iyer,Male,21,Delhi,Delhi,10-05-2024,Regular,Yes
101979,Swathi Gupta,Female,57,Chennai,Tamil Nadu,03-02-2026,Regular,Yes
101980,Vikram Pillai,Female,40,Trichy,Tamil Nadu,19-08-2022,Regular,Yes
101981,Rahul Pillai,Male,63,Coimbatore,Tamil Nadu,29-12-2025,Premium,Yes
101982,Swathi Reddy,Male,28,Coimbatore,Tamil Nadu,17-07-2024,Premium,No
101983,Pooja Patel,Male,52,Chennai,Tamil Nadu,14-01-2024,Premium,Yes
101984,Swathi Iyer,Male,64,Trichy,Tamil Nadu,17-06-2024,Regular,Yes
101985,Karthik Patel,Female,34,Coimbatore,Tamil Nadu,11-07-2023,Premium,Yes
101986,Sneha Patel,Male,23,Trichy,Tamil Nadu,21-10-2024,Premium,Yes
101987,Ajay Das,Male,36,Trichy,Tamil Nadu,02-08-2025,Regular,No
101988,Keerthi Iyer,Other,46,Hyderabad,Telangana,09-10-2025,Regular,Yes
101989,Karthik Pillai,Male,48,Hyderabad,Telangana,22-07-2026,Regular,Yes
101990,Divya Sharma,Female,41,Tirunelveli,Tamil Nadu,03-12-2023,Regular,No
101991,Meena Kumar,Female,62,Kolkata,West Bengal,31-07-2025,Regular,Yes
101992,Vikram Gupta,Female,45,Pune,Maharashtra,19-02-2026,Regular,Yes
101993,Divya Krishnan,Female,48,Mumbai,Maharashtra,31-01-2022,Premium,Yes
101994,Meena Patel,Male,63,Coimbatore,Tamil Nadu,17-03-2024,Regular,No
101995,Pooja Das,Female,63,Trichy,Tamil Nadu,06-04-2025,Premium,Yes
101996,Vikram Reddy,Female,34,Chennai,Tamil Nadu,17-02-2024,Regular,Yes
101997,Santhosh Iyer,Male,31,Kolkata,West Bengal,20-06-2022,Regular,Yes
101998,Lakshmi Nair,Female,53,Tirunelveli,Tamil Nadu,19-01-2025,Premium,No
101999,Lakshmi Patel,Female,43,Mumbai,Maharashtra,22-11-2023,Regular,Yes
102000,Keerthi Das,Female,39,Mumbai,Maharashtra,15-11-2024,Premium,No
102001,Vikram Reddy,Female,51,Salem,Tamil Nadu,03-01-2022,Premium,No
102002,Ravi Krishnan,Male,49,Chennai,Tamil Nadu,20-01-2022,Regular,No
102003,Divya Menon,Female,61,Delhi,Delhi,21-10-2024,Regular,Yes
102004,Ajay Iyer,Female,35,Pune,Maharashtra,29-07-2026,Regular,Yes
102005,Santhosh Kumar,Female,54,Trichy,Tamil Nadu,23-12-2024,Regular,No
102006,Pooja Nair,Male,28,Bengaluru,Karnataka,22-05-2026,VIP,No
102007,Pooja Menon,Female,62,Pune,Maharashtra,11-12-2025,Premium,No
102008,Pooja Krishnan,Female,22,Bengaluru,Karnataka,24-04-2023,Regular,No
102009,Dinesh Krishnan,Male,54,Trichy,Tamil Nadu,23-06-2022,Premium,Yes
102010,Dinesh Singh,Female,22,Coimbatore,Tamil Nadu,07-08-2024,Premium,Yes
102011,Karthik Reddy,Female,60,Pune,Maharashtra,20-11-2024,Regular,No
102012,Ajay Rao,Female,64,Delhi,Delhi,02-08-2025,Regular,Yes
102013,Priya Iyer,Female,57,Bengaluru,Karnataka,04-06-2024,Premium,No
102014,Lakshmi Menon,Male,55,Tirunelveli,Tamil Nadu,14-04-2026,Premium,No
102015,Swathi Iyer,Female,40,Coimbatore,Tamil Nadu,05-12-2025,Regular,Yes
102016,Priya Patel,Female,29,Mumbai,Maharashtra,23-09-2024,Regular,Yes
102017,Harini Rao,Female,65,Delhi,Delhi,26-07-2024,Regular,No
102018,Swathi Nair,Male,43,Madurai,Tamil Nadu,02-02-2022,Regular,No
102019,Meena Das,Male,57,Madurai,Tamil Nadu,20-08-2025,Regular,Yes
102020,Lakshmi Nair,Female,52,Pune,Maharashtra,03-03-2025,Regular,Yes
102021,Keerthi Pillai,Male,51,Mumbai,Maharashtra,04-03-2026,Premium,No
102022,Ananya Gupta,Female,34,Coimbatore,Tamil Nadu,08-06-2022,Regular,No
102023,Ravi Pillai,Female,38,Coimbatore,Tamil Nadu,06-09-2022,Premium,No
102024,Meena Das,Female,39,Coimbatore,Tamil Nadu,15-02-2025,Regular,Yes
102025,Vikram Das,Male,46,Chennai,Tamil Nadu,11-04-2024,Regular,Yes
102026,Vikram Das,Female,52,Pune,Maharashtra,25-09-2024,Regular,Yes
102027,Swathi Nair,Male,27,Coimbatore,Tamil Nadu,09-01-2024,Regular,No
102028,Suresh Patel,Female,28,Tirunelveli,Tamil Nadu,25-12-2024,Premium,Yes
102029,Naveen Das,Female,20,Kolkata,West Bengal,24-01-2025,Regular,Yes
102030,Ravi Kumar,Female,43,Delhi,Delhi,18-11-2022,Regular,Yes
102031,Rahul Kumar,Male,50,Kolkata,West Bengal,16-07-2025,VIP,Yes
102032,Harini Gupta,Male,28,Hyderabad,Telangana,19-04-2024,Premium,Yes
102033,Priya Kumar,Other,52,Bengaluru,Karnataka,05-09-2024,Regular,No
102034,Swathi Rao,Female,18,Madurai,Tamil Nadu,16-11-2024,Regular,Yes
102035,Vikram Das,Female,59,Tirunelveli,Tamil Nadu,19-06-2025,Regular,Yes
102036,Karthik Iyer,Female,51,Salem,Tamil Nadu,26-05-2023,Regular,Yes
102037,Ananya Pillai,Female,50,Coimbatore,Tamil Nadu,12-01-2022,VIP,No
102038,Swathi Iyer,Male,51,Chennai,Tamil Nadu,05-11-2022,Regular,Yes
102039,Keerthi Pillai,Female,35,Tirunelveli,Tamil Nadu,30-06-2026,Regular,Yes
102040,Lakshmi Menon,Female,65,Pune,Maharashtra,14-01-2023,Regular,Yes
102041,Rahul Reddy,Female,53,Mumbai,Maharashtra,28-02-2023,Regular,No
102042,Karthik Iyer,Male,26,Salem,Tamil Nadu,29-12-2025,Regular,No
102043,Sneha Patel,Female,62,Madurai,Tamil Nadu,05-02-2023,Regular,Yes
102044,Keerthi Singh,Male,53,Madurai,Tamil Nadu,29-02-2024,Premium,Yes
102045,Suresh Reddy,Female,32,Mumbai,Maharashtra,22-09-2023,Premium,Yes
102046,Sneha Joshi,Female,63,Tirunelveli,Tamil Nadu,28-01-2025,Premium,No
102047,Keerthi Reddy,Female,29,Pune,Maharashtra,07-10-2024,Regular,Yes
102048,Dinesh Gupta,Male,48,Kolkata,West Bengal,25-05-2024,Regular,No
102049,Lakshmi Iyer,Male,50,Trichy,Tamil Nadu,02-05-2024,Premium,No
102050,Ajay Joshi,Male,64,Coimbatore,Tamil Nadu,19-11-2025,Regular,No
102051,Dinesh Reddy,Male,45,Hyderabad,Telangana,15-09-2024,Regular,Yes
102052,Harini Singh,Male,65,Mumbai,Maharashtra,14-05-2024,VIP,Yes
102053,Meena Rao,Female,31,Delhi,Delhi,17-02-2026,Premium,Yes
102054,Swathi Sharma,Male,56,Tirunelveli,Tamil Nadu,08-06-2022,Premium,No
102055,Ravi Gupta,Male,29,Madurai,Tamil Nadu,17-11-2025,Regular,No
102056,Ravi Reddy,Female,65,Delhi,Delhi,03-12-2022,Regular,Yes
102057,Priya Rao,Male,54,Madurai,Tamil Nadu,18-07-2023,Regular,No
102058,Naveen Rao,Male,48,Madurai,Tamil Nadu,23-01-2022,Regular,Yes
102059,Lakshmi Das,Female,21,Delhi,Delhi,29-08-2024,Regular,Yes
102060,Ravi Kumar,Male,41,Delhi,Delhi,14-11-2025,Premium,Yes
102061,Keerthi Iyer,Male,24,Salem,Tamil Nadu,11-10-2023,Regular,No
102062,Naveen Iyer,Female,62,Kolkata,West Bengal,01-02-2025,Regular,Yes
102063,Santhosh Patel,Male,36,Bengaluru,Karnataka,31-10-2023,Premium,Yes
102064,Suresh Iyer,Male,57,Madurai,Tamil Nadu,14-07-2025,Premium,Yes
102065,Karthik Pillai,Male,61,Coimbatore,Tamil Nadu,25-08-2026,Regular,Yes
102066,Divya Rao,Male,23,Kolkata,West Bengal,30-04-2025,Regular,Yes
102067,Lakshmi Das,Female,54,Madurai,Tamil Nadu,02-08-2023,Regular,Yes
102068,Arun Singh,,32,Salem,Tamil Nadu,02-11-2025,Regular,No
102069,Ananya Reddy,Male,23,Mumbai,Maharashtra,06-03-2022,Regular,No
102070,Karthik Rao,Male,30,Pune,Maharashtra,05-08-2026,Regular,Yes
102071,Ananya Patel,Female,44,Hyderabad,Telangana,28-11-2025,Premium,No
102072,Suresh Patel,,59,Coimbatore,Tamil Nadu,15-01-2025,VIP,No
102073,Karthik Nair,Female,51,Delhi,Delhi,21-11-2024,Regular,No
102074,Santhosh Rao,Male,29,Delhi,Delhi,05-03-2023,Regular,Yes
102075,Keerthi Joshi,Female,32,Madurai,Tamil Nadu,04-01-2024,Regular,No
102076,Ajay Reddy,Male,32,Delhi,Delhi,22-06-2022,VIP,Yes
102077,Ananya Nair,Male,53,Pune,Maharashtra,30-07-2023,Premium,Yes
102078,Meena Iyer,Female,42,Pune,Maharashtra,29-09-2024,VIP,No
102079,Rahul Patel,Male,19,Mumbai,Maharashtra,08-09-2023,Regular,Yes
102080,Santhosh Menon,Female,21,Bengaluru,Karnataka,03-08-2025,Regular,No
102081,Dinesh Iyer,Female,21,Trichy,Tamil Nadu,21-12-2025,Regular,No
102082,Suresh Das,Female,64,Bengaluru,Karnataka,12-08-2024,Regular,Yes
102083,Suresh Singh,Male,42,Mumbai,Maharashtra,03-08-2023,Regular,Yes
102084,Ananya Kumar,,41,Madurai,Tamil Nadu,01-06-2023,Regular,No
102085,Harini Joshi,Male,54,Bengaluru,Karnataka,18-07-2024,Regular,Yes
102086,Priya Singh,Other,27,Coimbatore,Tamil Nadu,08-05-2025,Regular,No
102087,Ravi Menon,,19,Madurai,Tamil Nadu,04-08-2022,Premium,No
102088,Lakshmi Singh,Female,30,Coimbatore,Tamil Nadu,01-02-2024,Premium,Yes
102089,Naveen Joshi,Female,28,Mumbai,Maharashtra,19-01-2024,Premium,Yes
102090,Dinesh Patel,Female,56,Chennai,Tamil Nadu,03-05-2023,Regular,No
102091,Dinesh Singh,Female,57,Salem,Tamil Nadu,09-02-2023,Premium,No
102092,Arun Menon,Male,48,Mumbai,Maharashtra,30-11-2025,Regular,Yes
102093,Dinesh Patel,Female,61,Trichy,Tamil Nadu,06-01-2024,Regular,Yes
102094,Meena Singh,Male,40,Hyderabad,Telangana,07-09-2024,Regular,Yes
102095,Rahul Joshi,Male,29,Bengaluru,Karnataka,07-03-2022,Regular,No
102096,Arun Rao,Female,33,Trichy,Tamil Nadu,27-04-2023,Premium,Yes
102097,Arun Krishnan,Male,24,Tirunelveli,Tamil Nadu,16-01-2023,Premium,Yes
102098,Santhosh Krishnan,Female,61,Salem,Tamil Nadu,13-07-2023,Regular,Yes
102099,Ajay Gupta,Male,47,Trichy,Tamil Nadu,01-12-2025,Regular,No
102100,Lakshmi Pillai,Male,55,Hyderabad,Telangana,29-08-2024,Regular,Yes
102101,Karthik Rao,Female,31,Salem,Tamil Nadu,14-03-2026,Regular,No
102102,Dinesh Patel,Male,52,Madurai,Tamil Nadu,20-12-2023,Regular,Yes
102103,Pooja Kumar,Female,33,Hyderabad,Telangana,02-08-2025,Premium,No
102104,Harini Das,Female,39,Bengaluru,Karnataka,30-09-2022,Premium,Yes
102105,Naveen Gupta,Female,49,Salem,Tamil Nadu,18-10-2025,Regular,
102106,Karthik Nair,Male,65,Mumbai,Maharashtra,03-11-2024,Regular,No
102107,Harini Iyer,Female,44,Trichy,Tamil Nadu,07-03-2022,Regular,Yes
102108,Dinesh Patel,Male,52,Bengaluru,Karnataka,17-03-2025,Regular,Yes
102109,Keerthi Rao,Male,46,Mumbai,Maharashtra,25-03-2024,Regular,Yes
102110,Pooja Gupta,Male,38,Mumbai,Maharashtra,01-01-2022,Regular,Yes
102111,Vikram Iyer,Male,62,Mumbai,Maharashtra,10-12-2025,Regular,No
102112,Suresh Das,Female,64,Madurai,Tamil Nadu,01-07-2024,Regular,Yes
102113,Swathi Menon,Male,32,Salem,Tamil Nadu,28-10-2024,Premium,No
102114,Vikram Joshi,Male,60,Salem,Tamil Nadu,08-09-2024,Regular,Yes
102115,Priya Sharma,Female,39,Madurai,Tamil Nadu,04-06-2022,Regular,No
102116,Arun Pillai,Female,53,Hyderabad,Telangana,19-07-2023,VIP,No
102117,Sneha Das,Male,42,Tirunelveli,Tamil Nadu,07-04-2025,Premium,No
102118,Dinesh Menon,Male,54,Kolkata,West Bengal,30-07-2023,Regular,
102119,Santhosh Kumar,Male,59,Kolkata,West Bengal,19-02-2026,Regular,No
102120,Suresh Rao,Female,38,Madurai,Tamil Nadu,25-06-2023,Regular,No
102121,Pooja Das,Female,51,Trichy,Tamil Nadu,21-02-2024,VIP,Yes
102122,Keerthi Patel,Female,42,Tirunelveli,Tamil Nadu,28-01-2024,Regular,No
102123,Rahul Nair,Female,56,Kolkata,West Bengal,02-02-2022,Regular,No
102124,Divya Rao,Male,27,Coimbatore,Tamil Nadu,12-10-2025,Premium,Yes
102125,Swathi Rao,Female,52,Madurai,Tamil Nadu,19-08-2022,Premium,Yes
102126,Keerthi Kumar,Male,46,Mumbai,Maharashtra,08-03-2024,Regular,Yes
102127,Ajay Nair,Male,39,Mumbai,Maharashtra,24-03-2026,Regular,Yes
102128,Rahul Iyer,Male,35,Coimbatore,Tamil Nadu,17-08-2026,Regular,No
102129,Swathi Pillai,Male,51,Chennai,Tamil Nadu,27-01-2023,Regular,No
102130,Ravi Joshi,Female,34,Mumbai,Maharashtra,02-10-2023,Regular,Yes
102131,Sneha Patel,Male,19,Madurai,Tamil Nadu,19-08-2024,Premium,Yes
102132,Santhosh Iyer,Male,63,Tirunelveli,Tamil Nadu,03-04-2025,Premium,Yes
102133,Pooja Reddy,Male,39,Kolkata,West Bengal,02-03-2023,Premium,Yes
102134,Vikram Nair,Female,25,Delhi,Delhi,22-07-2024,Premium,No
102135,Ananya Pillai,Female,28,Pune,Maharashtra,19-11-2025,Regular,No
102136,Lakshmi Rao,Female,57,Madurai,Tamil Nadu,19-07-2025,Regular,Yes
102137,Ravi Kumar,Female,33,Kolkata,West Bengal,29-10-2025,Premium,Yes
102138,Karthik Kumar,Female,31,Chennai,Tamil Nadu,19-02-2026,Regular,No
102139,Harini Reddy,Male,41,Kolkata,West Bengal,04-01-2026,Regular,Yes
102140,Vikram Gupta,Male,19,Delhi,Delhi,19-05-2024,Regular,Yes
102141,Naveen Das,Male,44,Madurai,Tamil Nadu,15-07-2026,Premium,No
102142,Arun Rao,Male,19,Salem,Tamil Nadu,20-04-2024,Regular,No
102143,Keerthi Patel,Female,58,Tirunelveli,Tamil Nadu,21-04-2025,Regular,No
102144,Naveen Joshi,,38,Coimbatore,Tamil Nadu,22-05-2026,Regular,Yes
102145,Divya Patel,Male,28,Delhi,Delhi,15-03-2022,Premium,No
102146,Vikram Gupta,Female,39,Pune,Maharashtra,07-05-2026,Regular,No
102147,Priya Pillai,Male,26,Hyderabad,Telangana,29-10-2025,Regular,Yes
102148,Swathi Nair,Male,33,Tirunelveli,Tamil Nadu,22-08-2026,Premium,Yes
102149,Keerthi Pillai,Male,24,Salem,Tamil Nadu,06-08-2025,Premium,Yes
102150,Swathi Reddy,Female,50,Salem,Tamil Nadu,24-09-2022,Regular,Yes
102151,Priya Krishnan,Male,64,Mumbai,Maharashtra,29-05-2023,Regular,No
102152,Rahul Sharma,Male,41,Mumbai,Maharashtra,07-01-2022,VIP,No
102153,Lakshmi Nair,Male,22,Salem,Tamil Nadu,30-10-2024,Regular,Yes
102154,Pooja Reddy,Female,21,Kolkata,West Bengal,14-01-2024,Premium,Yes
102155,Rahul Kumar,Male,57,Madurai,Tamil Nadu,17-03-2024,Premium,Yes
102156,Ananya Kumar,Male,34,Pune,Maharashtra,31-05-2025,Premium,Yes
102157,Suresh Patel,Female,32,Pune,Maharashtra,26-10-2025,Regular,Yes
102158,Ravi Das,Female,22,Coimbatore,Tamil Nadu,04-05-2022,Regular,No
102159,Vikram Nair,Male,49,Trichy,Tamil Nadu,08-04-2026,Regular,No
102160,Priya Patel,Male,21,Delhi,Delhi,28-09-2023,Regular,No
102161,Lakshmi Joshi,Male,61,Trichy,Tamil Nadu,02-07-2025,Regular,Yes
102162,Meena Joshi,Female,27,Hyderabad,Telangana,15-09-2024,Regular,No
102163,Ravi Sharma,Male,21,Delhi,Delhi,25-01-2024,Regular,No
102164,Harini Singh,Female,51,Salem,Tamil Nadu,28-12-2022,Regular,Yes
102165,Ajay Krishnan,Female,35,Tirunelveli,Tamil Nadu,19-11-2022,Regular,Yes
102166,Vikram Menon,Female,51,Tirunelveli,Tamil Nadu,27-05-2025,Regular,Yes
102167,Ravi Singh,Male,19,Mumbai,Maharashtra,01-07-2023,Regular,Yes
102168,Divya Menon,Female,59,Salem,Tamil Nadu,26-01-2023,Premium,No
102169,Karthik Sharma,Female,32,Tirunelveli,Tamil Nadu,10-01-2022,Regular,No
102170,Harini Patel,Female,54,Tirunelveli,Tamil Nadu,30-11-2025,Premium,No
102171,Ajay Menon,Male,62,Chennai,Tamil Nadu,04-11-2023,Regular,Yes
102172,Dinesh Das,Female,43,Madurai,Tamil Nadu,16-08-2023,Regular,Yes
102173,Naveen Gupta,Female,34,Tirunelveli,Tamil Nadu,25-09-2023,Premium,Yes
102174,Santhosh Kumar,Female,33,Trichy,Tamil Nadu,14-10-2024,Regular,Yes
102175,Naveen Iyer,Female,50,Hyderabad,Telangana,30-03-2024,Regular,No
102176,Harini Kumar,Female,18,Trichy,Tamil Nadu,14-07-2024,Premium,Yes
102177,Karthik Iyer,Male,25,Bengaluru,Karnataka,18-04-2023,Regular,Yes
102178,Ajay Kumar,Female,49,Pune,Maharashtra,19-05-2023,Regular,Yes
102179,Arun Rao,Female,19,Coimbatore,Tamil Nadu,06-01-2026,Premium,No
102180,Lakshmi Rao,Female,31,Pune,Maharashtra,17-01-2024,Premium,Yes
102181,Suresh Krishnan,Male,49,Madurai,Tamil Nadu,13-07-2026,Regular,Yes
102182,Keerthi Singh,Male,30,Hyderabad,Telangana,09-12-2025,Regular,No
102183,Keerthi Kumar,Female,62,Coimbatore,Tamil Nadu,24-04-2025,Regular,Yes
102184,Karthik Krishnan,Female,64,Coimbatore,Tamil Nadu,21-07-2024,Premium,Yes
102185,Vikram Kumar,Male,19,Coimbatore,Tamil Nadu,24-11-2025,Premium,Yes
102186,Rahul Pillai,Male,26,Mumbai,Maharashtra,05-04-2022,Regular,
102187,Vikram Kumar,Female,61,Mumbai,Maharashtra,28-04-2024,Regular,Yes
102188,Naveen Rao,Female,19,Mumbai,Maharashtra,27-04-2025,Premium,Yes
102189,Meena Pillai,Male,41,Pune,Maharashtra,03-07-2022,Regular,Yes
102190,Vikram Das,Male,63,Coimbatore,Tamil Nadu,07-11-2022,VIP,Yes
102191,Naveen Das,Male,46,Delhi,Delhi,21-04-2022,Regular,Yes
102192,Karthik Krishnan,Male,32,Delhi,Delhi,06-04-2024,Regular,Yes
102193,Naveen Sharma,Female,18,Mumbai,Maharashtra,09-07-2024,Regular,No
102194,Sneha Krishnan,Female,36,Hyderabad,Telangana,07-03-2024,Regular,No
102195,Rahul Pillai,Female,44,Coimbatore,Tamil Nadu,04-04-2022,Regular,No
102196,Rahul Joshi,Female,21,Trichy,Tamil Nadu,07-04-2024,Regular,No
102197,Pooja Nair,Male,43,Mumbai,Maharashtra,18-02-2026,Regular,Yes
102198,Divya Patel,Male,37,Salem,Tamil Nadu,22-02-2022,Regular,Yes
102199,Naveen Menon,Male,33,Kolkata,West Bengal,12-08-2025,Premium,Yes
102200,Karthik Rao,Male,64,Hyderabad,Telangana,09-04-2023,Regular,No
102201,Lakshmi Reddy,Female,60,Delhi,Delhi,08-05-2022,Regular,Yes
102202,Pooja Iyer,Male,51,Chennai,Tamil Nadu,28-03-2022,Premium,No
102203,Dinesh Iyer,Female,46,Chennai,Tamil Nadu,22-01-2022,Regular,No
102204,Divya Nair,Male,40,Delhi,Delhi,07-12-2023,Regular,Yes
102205,Ananya Iyer,Male,21,Pune,Maharashtra,26-04-2024,Premium,No
102206,Ajay Kumar,Male,32,Trichy,Tamil Nadu,22-11-2024,Regular,Yes
102207,Lakshmi Kumar,Female,18,Bengaluru,Karnataka,18-05-2022,Regular,No
102208,Vikram Joshi,Female,35,Salem,Tamil Nadu,16-01-2025,Premium,Yes
102209,Sneha Sharma,Female,40,Hyderabad,Telangana,11-06-2025,VIP,No
102210,Naveen Sharma,Male,47,Bengaluru,Karnataka,20-04-2022,Premium,No
102211,Harini Nair,Female,35,Madurai,Tamil Nadu,21-02-2025,Regular,Yes
102212,Harini Reddy,Female,30,Trichy,Tamil Nadu,22-07-2022,Regular,No
102213,Rahul Joshi,Male,52,Coimbatore,Tamil Nadu,17-01-2024,Regular,Yes
102214,Swathi Pillai,Male,25,Bengaluru,Karnataka,29-01-2025,Regular,Yes
102215,Vikram Singh,Male,24,Bengaluru,Karnataka,20-01-2026,Regular,Yes
102216,Keerthi Nair,Male,51,Delhi,Delhi,22-06-2024,Premium,No
102217,Karthik Singh,Female,46,Pune,Maharashtra,11-01-2024,Regular,No
102218,Ajay Kumar,Male,59,Tirunelveli,Tamil Nadu,17-11-2025,Premium,Yes
102219,Vikram Patel,Female,53,Mumbai,Maharashtra,03-01-2023,VIP,No
102220,Priya Sharma,Female,61,Hyderabad,Telangana,15-12-2022,Regular,No
102221,Meena Sharma,Male,49,Tirunelveli,Tamil Nadu,03-03-2024,Regular,Yes
102222,Vikram Rao,Female,58,Bengaluru,Karnataka,24-07-2022,VIP,No
102223,Harini Sharma,Male,26,Chennai,Tamil Nadu,07-02-2022,Regular,Yes
102224,Suresh Sharma,Male,43,Pune,Maharashtra,08-09-2023,Premium,No
102225,Suresh Nair,Male,63,Delhi,Delhi,17-09-2022,Regular,Yes
102226,Swathi Nair,Male,55,Coimbatore,Tamil Nadu,19-12-2024,Regular,No
102227,Santhosh Sharma,Male,37,Salem,Tamil Nadu,21-07-2024,Regular,Yes
102228,Priya Kumar,Female,62,Tirunelveli,Tamil Nadu,06-04-2024,Regular,Yes
102229,Ananya Iyer,Female,33,Mumbai,Maharashtra,23-04-2024,Premium,No
102230,Priya Reddy,Female,19,Tirunelveli,Tamil Nadu,17-06-2022,Regular,No
102231,Lakshmi Gupta,Male,56,Coimbatore,Tamil Nadu,16-11-2023,Regular,Yes
102232,Arun Pillai,Other,37,Chennai,Tamil Nadu,02-05-2022,Premium,No
102233,Karthik Singh,Male,19,Tirunelveli,Tamil Nadu,27-08-2023,VIP,No
102234,Vikram Singh,Female,27,Bengaluru,Karnataka,26-02-2025,Regular,Yes
102235,Swathi Krishnan,Female,21,Coimbatore,Tamil Nadu,04-08-2026,Premium,Yes
102236,Keerthi Das,Female,65,Trichy,Tamil Nadu,20-05-2023,Regular,Yes
102237,Naveen Iyer,Male,58,Hyderabad,Telangana,26-03-2023,Premium,Yes
102238,Ananya Sharma,Female,62,Mumbai,Maharashtra,12-02-2025,Premium,No
102239,Naveen Nair,Female,26,Pune,Maharashtra,10-04-2026,Premium,Yes
102240,Ajay Rao,Male,56,Salem,Tamil Nadu,17-05-2023,Regular,Yes
102241,Divya Sharma,Female,45,Hyderabad,Telangana,25-11-2025,VIP,Yes
102242,Lakshmi Patel,Male,32,Coimbatore,Tamil Nadu,20-06-2023,Regular,No
102243,Rahul Patel,Female,50,Pune,Maharashtra,22-12-2024,Premium,Yes
102244,Santhosh Reddy,Female,63,Bengaluru,Karnataka,23-12-2022,Premium,Yes
102245,Lakshmi Nair,Female,40,Madurai,Tamil Nadu,22-03-2023,Regular,No
102246,Harini Krishnan,Male,19,Trichy,Tamil Nadu,31-07-2026,Premium,Yes
102247,Arun Rao,Male,58,Kolkata,West Bengal,24-10-2023,Premium,No
102248,Suresh Iyer,Female,27,Hyderabad,Telangana,28-01-2022,Premium,Yes
102249,Ravi Sharma,Male,26,Bengaluru,Karnataka,05-08-2025,Regular,No
102250,Pooja Gupta,Female,47,Pune,Maharashtra,05-08-2022,Premium,Yes
102251,Priya Nair,Male,56,Kolkata,West Bengal,08-07-2022,Regular,Yes
102252,Pooja Kumar,Female,56,Kolkata,West Bengal,22-11-2025,VIP,Yes
102253,Ananya Reddy,Male,59,Hyderabad,Telangana,16-08-2023,Regular,No
102254,Arun Gupta,Male,60,Kolkata,West Bengal,23-08-2022,Regular,No
102255,Suresh Menon,Male,24,Mumbai,Maharashtra,17-07-2026,Regular,Yes
102256,Keerthi Pillai,Male,32,Madurai,Tamil Nadu,23-04-2023,Premium,No
102257,Lakshmi Das,Male,52,Trichy,Tamil Nadu,12-12-2024,Regular,Yes
102258,Ananya Singh,Male,36,Coimbatore,Tamil Nadu,23-03-2023,Premium,No
102259,Dinesh Singh,Male,52,Chennai,Tamil Nadu,14-09-2024,Premium,No
102260,Ravi Iyer,Male,39,Tirunelveli,Tamil Nadu,30-03-2025,Regular,Yes
102261,Lakshmi Krishnan,Female,39,Chennai,Tamil Nadu,12-07-2025,Premium,Yes
102262,Vikram Das,Female,19,Tirunelveli,Tamil Nadu,01-12-2023,Premium,No
102263,Suresh Iyer,Female,47,Chennai,Tamil Nadu,13-11-2024,Regular,No
102264,Harini Pillai,Male,59,Kolkata,West Bengal,29-11-2025,Regular,No
102265,Dinesh Singh,Male,57,Bengaluru,Karnataka,29-11-2025,Regular,Yes
102266,Divya Kumar,Male,34,Bengaluru,Karnataka,24-06-2025,Regular,No
102267,Naveen Patel,Female,50,Madurai,Tamil Nadu,11-11-2023,Regular,Yes
102268,Harini Pillai,Female,27,Madurai,Tamil Nadu,21-06-2024,Regular,No
102269,Rahul Pillai,Male,48,Bengaluru,Karnataka,03-07-2026,Regular,No
102270,Rahul Nair,Male,37,Tirunelveli,Tamil Nadu,28-02-2023,VIP,No
102271,Meena Joshi,Male,62,Mumbai,Maharashtra,23-03-2025,Regular,No
102272,Pooja Pillai,Male,52,Mumbai,Maharashtra,09-09-2025,Premium,No
102273,Keerthi Gupta,Female,21,Mumbai,Maharashtra,28-03-2024,Premium,Yes
102274,Harini Pillai,Male,59,Pune,Maharashtra,12-01-2026,Premium,No
102275,Suresh Singh,Male,52,Hyderabad,Telangana,29-12-2023,Regular,Yes
102276,Lakshmi Menon,Male,28,Pune,Maharashtra,22-11-2025,Regular,Yes
102277,Santhosh Das,Male,31,Hyderabad,Telangana,31-12-2024,Premium,Yes
102278,Santhosh Menon,Male,26,Chennai,Tamil Nadu,29-03-2022,Premium,Yes
102279,Naveen Iyer,Male,32,Delhi,Delhi,31-10-2025,Premium,Yes
102280,Keerthi Menon,Male,63,Madurai,Tamil Nadu,01-04-2025,Regular,Yes
102281,Swathi Joshi,Male,61,Trichy,Tamil Nadu,14-01-2023,Regular,Yes
102282,Vikram Patel,Female,44,Delhi,Delhi,11-04-2025,Regular,Yes
102283,Lakshmi Joshi,Female,35,Mumbai,Maharashtra,19-05-2024,Regular,Yes
102284,Sneha Singh,Male,35,Trichy,Tamil Nadu,23-05-2026,Premium,No
102285,Santhosh Iyer,Female,63,Madurai,Tamil Nadu,02-06-2023,Regular,Yes
102286,Swathi Sharma,Male,27,Trichy,Tamil Nadu,24-03-2023,Regular,No
102287,Sneha Menon,Female,54,Salem,Tamil Nadu,10-04-2022,Regular,No
102288,Ajay Rao,Female,65,Trichy,Tamil Nadu,29-08-2025,Regular,No
102289,Harini Patel,Male,59,Tirunelveli,Tamil Nadu,02-08-2026,Regular,Yes
102290,Ravi Das,Male,52,Delhi,Delhi,17-03-2025,Regular,Yes
102291,Naveen Patel,Female,61,Delhi,Delhi,20-09-2023,Regular,Yes
102292,Ajay Nair,Male,28,Mumbai,Maharashtra,02-02-2026,Premium,Yes
102293,Ravi Pillai,Male,65,Hyderabad,Telangana,07-03-2023,Premium,No
102294,Ananya Krishnan,Female,22,Madurai,Tamil Nadu,24-03-2025,Regular,Yes
102295,Santhosh Menon,Male,18,Madurai,Tamil Nadu,11-10-2024,Regular,No
102296,Lakshmi Das,Female,27,Trichy,Tamil Nadu,20-12-2025,Premium,Yes
102297,Divya Joshi,Female,47,Hyderabad,Telangana,10-07-2026,Regular,No
102298,Ajay Reddy,Female,29,Pune,Maharashtra,04-09-2023,Regular,Yes
102299,Vikram Reddy,Female,48,Hyderabad,Telangana,12-06-2022,Regular,No
102300,Dinesh Sharma,Female,23,Salem,Tamil Nadu,25-09-2022,VIP,No
102301,Naveen Rao,Female,51,Mumbai,Maharashtra,10-06-2025,Regular,Yes
102302,Priya Das,Other,29,Bengaluru,Karnataka,10-09-2023,VIP,Yes
102303,Swathi Menon,Female,43,Kolkata,West Bengal,26-08-2022,Regular,Yes
102304,Ravi Patel,Female,23,Salem,Tamil Nadu,17-10-2025,Regular,Yes
102305,Sneha Kumar,Female,64,Salem,Tamil Nadu,07-01-2025,Regular,Yes
102306,Ananya Das,Female,36,Bengaluru,Karnataka,12-08-2022,Premium,No
102307,Arun Joshi,Male,47,Mumbai,Maharashtra,27-04-2025,Regular,No
102308,Keerthi Patel,Female,41,Bengaluru,Karnataka,20-12-2024,Regular,Yes
102309,Lakshmi Iyer,Male,46,Mumbai,Maharashtra,02-08-2026,VIP,Yes
102310,Lakshmi Reddy,Male,39,Kolkata,West Bengal,06-08-2026,Regular,Yes
102311,Ananya Singh,Male,21,Mumbai,Maharashtra,17-07-2026,Regular,No
102312,Lakshmi Reddy,Female,57,Chennai,Tamil Nadu,02-03-2026,Premium,Yes
102313,Lakshmi Patel,Female,48,Kolkata,West Bengal,10-09-2025,Regular,Yes
102314,Divya Das,Male,30,Chennai,Tamil Nadu,15-02-2025,Regular,Yes
102315,Pooja Patel,Male,22,Hyderabad,Telangana,15-07-2024,Premium,No
102316,Rahul Singh,Male,60,Chennai,Tamil Nadu,09-09-2025,Regular,Yes
102317,Ravi Kumar,Male,33,Bengaluru,Karnataka,01-07-2026,Regular,No
102318,Priya Pillai,Male,61,Pune,Maharashtra,18-07-2022,Regular,Yes
102319,Arun Singh,Female,54,Salem,Tamil Nadu,20-08-2022,Regular,No
102320,Swathi Patel,Male,64,Trichy,Tamil Nadu,28-04-2024,Regular,Yes
102321,Meena Sharma,Male,49,Bengaluru,Karnataka,15-05-2023,Regular,No
102322,Swathi Das,Male,26,Chennai,Tamil Nadu,23-06-2024,Regular,No
102323,Harini Pillai,Female,19,Delhi,Delhi,14-06-2023,Regular,Yes
102324,Ananya Kumar,Female,29,Coimbatore,Tamil Nadu,23-08-2025,Regular,Yes
102325,Vikram Iyer,Male,39,Madurai,Tamil Nadu,08-03-2026,Regular,No
102326,Ravi Iyer,Male,47,Trichy,Tamil Nadu,26-04-2023,Regular,Yes
102327,Santhosh Das,Female,61,Delhi,Delhi,06-08-2025,VIP,No
102328,Divya Pillai,Male,24,Hyderabad,Telangana,01-07-2022,Regular,No
102329,Swathi Nair,Female,48,Chennai,Tamil Nadu,16-09-2025,Regular,Yes
102330,Rahul Patel,Female,22,Bengaluru,Karnataka,01-04-2025,Premium,Yes
102331,Keerthi Menon,Female,41,Chennai,Tamil Nadu,22-04-2025,Regular,
102332,Divya Menon,Female,21,Salem,Tamil Nadu,17-04-2024,Premium,Yes
102333,Divya Reddy,Male,35,Mumbai,Maharashtra,01-07-2022,Premium,Yes
102334,Suresh Iyer,Male,47,Trichy,Tamil Nadu,02-12-2025,Regular,No
102335,Suresh Singh,Male,53,Kolkata,West Bengal,06-07-2022,Regular,Yes
102336,Divya Menon,Male,56,Kolkata,West Bengal,29-03-2024,Regular,No
102337,Vikram Krishnan,Male,43,Pune,Maharashtra,24-10-2022,Premium,Yes
102338,Naveen Krishnan,Male,30,Trichy,Tamil Nadu,09-12-2025,Regular,Yes
102339,Divya Gupta,Female,61,Chennai,Tamil Nadu,03-09-2024,Premium,Yes
102340,Karthik Reddy,Male,62,Bengaluru,Karnataka,13-05-2024,Premium,Yes
102341,Harini Patel,Female,64,Pune,Maharashtra,24-06-2023,Premium,Yes
102342,Pooja Kumar,Male,56,Delhi,Delhi,23-08-2025,Regular,No
102343,Ajay Pillai,Male,55,Kolkata,West Bengal,24-12-2022,Premium,Yes
102344,Naveen Das,Male,21,Madurai,Tamil Nadu,10-05-2025,Premium,Yes
102345,Dinesh Patel,Female,45,Coimbatore,Tamil Nadu,06-07-2026,Regular,No
102346,Ananya Kumar,Female,37,Mumbai,Maharashtra,29-03-2023,Premium,No
102347,Pooja Menon,Female,30,Mumbai,Maharashtra,12-03-2025,Regular,Yes
102348,Swathi Menon,Male,21,Trichy,Tamil Nadu,10-06-2023,VIP,Yes
102349,Rahul Krishnan,Male,28,Hyderabad,Telangana,30-04-2026,Regular,Yes
102350,Swathi Iyer,Female,61,Kolkata,West Bengal,09-03-2026,Regular,Yes
102351,Meena Pillai,Male,61,Kolkata,West Bengal,18-06-2023,Premium,Yes
102352,Suresh Menon,Male,53,Trichy,Tamil Nadu,28-01-2023,Regular,Yes
102353,Ravi Krishnan,Male,22,Madurai,Tamil Nadu,21-05-2022,Regular,No
102354,Ajay Krishnan,,50,Pune,Maharashtra,31-03-2025,Regular,No
102355,Swathi Pillai,Male,24,Mumbai,Maharashtra,13-04-2026,Premium,Yes
102356,Divya Pillai,Male,50,Delhi,Delhi,04-09-2022,Regular,Yes
102357,Ajay Das,Female,19,Delhi,Delhi,19-10-2025,Regular,No
102358,Vikram Singh,Female,31,Hyderabad,Telangana,07-07-2025,Regular,Yes
102359,Pooja Singh,Male,23,Coimbatore,Tamil Nadu,13-03-2024,Regular,No
102360,Divya Gupta,Male,62,Hyderabad,Telangana,15-01-2023,Regular,No
102361,Suresh Krishnan,Female,45,Coimbatore,Tamil Nadu,15-01-2025,Regular,No
102362,Arun Sharma,Male,62,Trichy,Tamil Nadu,06-10-2024,VIP,No
102363,Dinesh Sharma,Female,18,Tirunelveli,Tamil Nadu,11-10-2025,Premium,Yes
102364,Swathi Pillai,Male,53,Bengaluru,Karnataka,17-08-2024,Premium,No
102365,Meena Pillai,Female,41,Trichy,Tamil Nadu,24-03-2022,Premium,No
102366,Suresh Joshi,Female,40,Bengaluru,Karnataka,12-12-2022,Premium,Yes
102367,Karthik Singh,Male,59,Delhi,Delhi,10-10-2023,VIP,Yes
102368,Ananya Menon,Female,20,Hyderabad,Telangana,15-04-2024,Regular,Yes
102369,Arun Gupta,Female,63,Bengaluru,Karnataka,18-08-2023,Premium,Yes
102370,Arun Patel,,19,Hyderabad,Telangana,03-02-2026,Regular,Yes
102371,Keerthi Iyer,Male,35,Chennai,Tamil Nadu,23-04-2023,Regular,No
102372,Meena Joshi,Male,24,Trichy,Tamil Nadu,02-03-2025,Regular,Yes
102373,Dinesh Kumar,Male,43,Chennai,Tamil Nadu,07-09-2023,Regular,Yes
102374,Keerthi Das,Female,46,Delhi,Delhi,15-08-2026,Regular,No
102375,Priya Krishnan,Male,48,Madurai,Tamil Nadu,07-04-2026,Regular,Yes
102376,Ravi Krishnan,,56,Tirunelveli,Tamil Nadu,26-08-2025,Regular,Yes
102377,Divya Reddy,Female,54,Salem,Tamil Nadu,24-07-2025,Premium,Yes
102378,Naveen Menon,Male,63,Bengaluru,Karnataka,29-12-2024,Regular,Yes
102379,Sneha Reddy,Female,39,Tirunelveli,Tamil Nadu,25-09-2024,Regular,No
102380,Keerthi Gupta,Male,26,Coimbatore,Tamil Nadu,15-08-2024,Premium,Yes
102381,Karthik Reddy,Female,25,Hyderabad,Telangana,15-02-2022,Regular,Yes
102382,Dinesh Krishnan,Male,31,Pune,Maharashtra,13-05-2026,Premium,No
102383,Santhosh Menon,Male,46,Tirunelveli,Tamil Nadu,27-07-2026,Regular,No
102384,Lakshmi Iyer,Female,20,Delhi,Delhi,14-06-2024,Regular,Yes
102385,Divya Reddy,Male,63,Hyderabad,Telangana,19-01-2026,VIP,Yes
102386,Priya Menon,Male,65,Salem,Tamil Nadu,16-11-2023,Regular,No
102387,Pooja Sharma,Male,25,Tirunelveli,Tamil Nadu,10-07-2022,Premium,Yes
102388,Sneha Iyer,Female,55,Tirunelveli,Tamil Nadu,19-11-2025,Regular,Yes
102389,Suresh Nair,Male,46,Tirunelveli,Tamil Nadu,16-05-2024,Regular,Yes
102390,Divya Joshi,,41,Salem,Tamil Nadu,18-05-2026,Premium,Yes
102391,Karthik Rao,Male,53,Pune,Maharashtra,29-12-2022,Regular,Yes
102392,Suresh Singh,Male,45,Hyderabad,Telangana,25-03-2024,Regular,No
102393,Dinesh Joshi,Female,33,Coimbatore,Tamil Nadu,08-02-2025,Premium,No
102394,Arun Nair,Male,44,Hyderabad,Telangana,22-08-2022,Regular,Yes
102395,Rahul Nair,Female,24,Pune,Maharashtra,22-08-2026,Regular,No
102396,Ajay Singh,Female,30,Coimbatore,Tamil Nadu,31-10-2024,Regular,No
102397,Vikram Patel,Female,64,Tirunelveli,Tamil Nadu,20-10-2022,Regular,No
102398,Divya Patel,Female,26,Mumbai,Maharashtra,13-06-2025,Regular,No
102399,Ananya Krishnan,Male,46,Mumbai,Maharashtra,02-02-2026,Regular,No
102400,Priya Kumar,Female,32,Madurai,Tamil Nadu,28-09-2023,Regular,Yes
102401,Ravi Krishnan,Female,40,Chennai,Tamil Nadu,02-11-2024,Regular,Yes
102402,Divya Iyer,Female,29,Kolkata,West Bengal,25-06-2025,Premium,Yes
102403,Ajay Singh,Male,45,Madurai,Tamil Nadu,05-09-2022,Regular,No
102404,Naveen Iyer,Male,44,Kolkata,West Bengal,21-06-2024,VIP,No
102405,Rahul Rao,Female,47,Delhi,Delhi,08-08-2024,Regular,No
102406,Ananya Menon,Male,32,Trichy,Tamil Nadu,28-05-2023,Regular,No
102407,Ravi Patel,Female,45,Delhi,Delhi,25-05-2023,Premium,No
102408,Sneha Iyer,Male,52,Madurai,Tamil Nadu,06-12-2024,Regular,Yes
102409,Swathi Reddy,Female,52,Pune,Maharashtra,01-07-2025,Regular,Yes
102410,Ravi Gupta,Male,45,Chennai,Tamil Nadu,24-10-2023,Premium,No
102411,Harini Reddy,Male,32,Kolkata,West Bengal,07-09-2022,Premium,Yes
102412,Rahul Menon,Male,43,Chennai,Tamil Nadu,30-08-2025,Regular,No
102413,Pooja Patel,Female,43,Tirunelveli,Tamil Nadu,23-10-2022,Premium,No
102414,Keerthi Iyer,Female,63,Coimbatore,Tamil Nadu,06-01-2022,Regular,Yes
102415,Naveen Menon,Female,36,Delhi,Delhi,03-07-2023,Premium,No
102416,Divya Nair,Female,33,Pune,Maharashtra,22-10-2025,Regular,Yes
102417,Vikram Kumar,Female,53,Coimbatore,Tamil Nadu,10-07-2025,Regular,No
102418,Rahul Joshi,Female,48,Mumbai,Maharashtra,06-06-2023,Regular,No
102419,Meena Iyer,Female,38,Mumbai,Maharashtra,01-06-2024,Regular,Yes
102420,Arun Patel,Female,18,Pune,Maharashtra,20-06-2026,Premium,No
102421,Lakshmi Singh,Female,51,Mumbai,Maharashtra,06-05-2025,Regular,Yes
102422,Lakshmi Nair,Male,53,Trichy,Tamil Nadu,14-07-2025,Regular,Yes
102423,Swathi Menon,Female,62,Bengaluru,Karnataka,29-05-2022,Premium,Yes
102424,Arun Kumar,Male,42,Trichy,Tamil Nadu,14-02-2023,Regular,No
102425,Santhosh Joshi,Male,42,Delhi,Delhi,26-06-2022,VIP,No
102426,Rahul Krishnan,Female,28,Kolkata,West Bengal,22-07-2026,Regular,Yes
102427,Santhosh Joshi,Female,40,Bengaluru,Karnataka,05-08-2023,Regular,No
102428,Divya Gupta,Male,18,Delhi,Delhi,29-04-2024,Regular,No
102429,Ajay Pillai,Male,42,Trichy,Tamil Nadu,26-07-2024,Regular,No
102430,Rahul Das,Female,51,Mumbai,Maharashtra,07-06-2024,Regular,Yes
102431,Arun Singh,Male,55,Bengaluru,Karnataka,30-03-2022,Premium,Yes
102432,Arun Nair,Male,49,Kolkata,West Bengal,27-03-2026,Regular,Yes
102433,Dinesh Krishnan,Female,56,Bengaluru,Karnataka,09-10-2023,Premium,No
102434,Vikram Singh,Female,49,Mumbai,Maharashtra,11-04-2026,Regular,Yes
102435,Ananya Menon,Female,55,Pune,Maharashtra,24-07-2025,Premium,Yes
102436,Divya Sharma,Female,38,Kolkata,West Bengal,30-03-2025,Regular,No
102437,Ravi Gupta,Male,46,Coimbatore,Tamil Nadu,09-04-2025,Regular,Yes
102438,Meena Iyer,Male,48,Madurai,Tamil Nadu,22-07-2026,Regular,No
102439,Arun Joshi,Female,45,Salem,Tamil Nadu,31-05-2023,Regular,No
102440,Swathi Iyer,Female,45,Chennai,Tamil Nadu,14-07-2023,Regular,Yes
102441,Priya Sharma,Male,55,Delhi,Delhi,14-02-2025,Regular,Yes
102442,Ananya Gupta,Male,29,Chennai,Tamil Nadu,30-01-2023,Regular,Yes
102443,Sneha Gupta,Male,33,Chennai,Tamil Nadu,28-09-2025,VIP,Yes
102444,Arun Menon,Male,42,Hyderabad,Telangana,19-02-2022,Regular,Yes
102445,Divya Joshi,Male,48,Coimbatore,Tamil Nadu,06-03-2026,Regular,Yes
102446,Meena Reddy,Male,42,Salem,Tamil Nadu,12-08-2023,Regular,Yes
102447,Karthik Gupta,Female,27,Trichy,Tamil Nadu,08-01-2022,Regular,Yes
102448,Suresh Patel,Male,57,Coimbatore,Tamil Nadu,21-10-2024,Regular,No
102449,Naveen Rao,Female,44,Trichy,Tamil Nadu,14-04-2023,Regular,Yes
102450,Pooja Nair,Female,38,Hyderabad,Telangana,04-06-2023,Regular,No
102451,Priya Kumar,Female,60,Salem,Tamil Nadu,29-03-2024,Premium,No
102452,Arun Das,Female,38,Salem,Tamil Nadu,12-09-2024,Regular,No
102453,Ravi Menon,Male,25,Bengaluru,Karnataka,20-08-2022,Regular,No
102454,Harini Iyer,Male,65,Pune,Maharashtra,24-03-2022,Premium,Yes
102455,Lakshmi Joshi,Female,36,Trichy,Tamil Nadu,24-02-2024,Regular,Yes
102456,Ajay Rao,Male,60,Pune,Maharashtra,25-08-2023,Regular,
102457,Sneha Iyer,Male,42,Salem,Tamil Nadu,16-09-2024,Regular,Yes
102458,Arun Krishnan,Male,29,Tirunelveli,Tamil Nadu,25-06-2025,Premium,No
102459,Suresh Iyer,Female,36,Pune,Maharashtra,10-11-2024,Regular,Yes
102460,Rahul Kumar,Male,61,Chennai,Tamil Nadu,27-06-2022,Premium,Yes
102461,Ajay Krishnan,Female,63,Delhi,Delhi,21-08-2026,Regular,No
102462,Ajay Sharma,,24,Hyderabad,Telangana,30-04-2025,VIP,No
102463,Arun Sharma,Female,65,Pune,Maharashtra,25-03-2022,Regular,No
102464,Swathi Menon,Male,58,Coimbatore,Tamil Nadu,21-07-2025,Premium,Yes
102465,Divya Kumar,Female,49,Pune,Maharashtra,05-02-2026,Regular,Yes
102466,Vikram Gupta,Female,26,Hyderabad,Telangana,24-08-2024,Premium,Yes
102467,Rahul Gupta,Male,46,Mumbai,Maharashtra,16-11-2025,Regular,No
102468,Meena Sharma,Male,38,Madurai,Tamil Nadu,15-02-2026,Premium,No
102469,Santhosh Rao,Female,23,Chennai,Tamil Nadu,27-06-2026,Premium,No
102470,Pooja Sharma,Female,65,Hyderabad,Telangana,11-06-2026,Regular,Yes
102471,Ananya Das,Male,46,Salem,Tamil Nadu,26-11-2022,Regular,No
102472,Ajay Kumar,Male,22,Bengaluru,Karnataka,28-02-2022,Regular,Yes
102473,Ajay Joshi,Male,34,Delhi,Delhi,12-01-2025,VIP,Yes
102474,Swathi Iyer,Male,58,Hyderabad,Telangana,28-02-2025,Premium,No
102475,Santhosh Krishnan,Male,39,Bengaluru,Karnataka,25-08-2024,Regular,Yes
102476,Priya Sharma,Male,41,Pune,Maharashtra,08-02-2023,Regular,Yes
102477,Santhosh Iyer,Male,24,Kolkata,West Bengal,01-06-2026,Regular,Yes
102478,Priya Nair,Female,23,Hyderabad,Telangana,25-11-2023,Regular,Yes
102479,Ravi Das,Female,64,Chennai,Tamil Nadu,14-06-2025,Regular,Yes
102480,Pooja Joshi,Female,63,Bengaluru,Karnataka,25-11-2024,Premium,No
102481,Swathi Kumar,Female,22,Coimbatore,Tamil Nadu,03-03-2026,Regular,Yes
102482,Priya Kumar,Female,44,Salem,Tamil Nadu,25-04-2025,Premium,No
102483,Ananya Patel,Male,50,Hyderabad,Telangana,14-12-2024,VIP,No
102484,Santhosh Singh,Female,60,Mumbai,Maharashtra,29-11-2025,Regular,No
102485,Arun Pillai,Male,44,Delhi,Delhi,03-04-2022,Regular,No
102486,Divya Pillai,Female,59,Delhi,Delhi,14-04-2025,Regular,No
102487,Swathi Pillai,Female,23,Hyderabad,Telangana,23-09-2024,Regular,Yes
102488,Dinesh Iyer,Female,18,Chennai,Tamil Nadu,14-08-2025,Premium,No
102489,Ajay Singh,Male,40,Kolkata,West Bengal,17-01-2023,Regular,Yes
102490,Ajay Menon,Female,30,Delhi,Delhi,15-10-2024,Regular,Yes
102491,Ravi Patel,Male,54,Delhi,Delhi,28-04-2023,Premium,Yes
102492,Santhosh Krishnan,Male,34,Mumbai,Maharashtra,19-07-2022,Regular,Yes
102493,Harini Reddy,Male,37,Tirunelveli,Tamil Nadu,05-09-2024,Regular,No
102494,Dinesh Patel,Male,43,Coimbatore,Tamil Nadu,06-02-2022,VIP,No
102495,Meena Pillai,Female,64,Pune,Maharashtra,08-06-2022,Regular,No
102496,Ananya Reddy,Male,21,Hyderabad,Telangana,19-06-2024,Regular,Yes
102497,Santhosh Joshi,Male,44,Trichy,Tamil Nadu,08-03-2026,Regular,Yes
102498,Vikram Patel,Other,36,Salem,Tamil Nadu,01-05-2025,Regular,Yes
102499,Karthik Kumar,Female,19,Chennai,Tamil Nadu,27-01-2022,Regular,Yes
102500,Keerthi Reddy,Male,57,Tirunelveli,Tamil Nadu,05-07-2022,Premium,Yes
102501,Dinesh Iyer,Female,61,Madurai,Tamil Nadu,03-01-2024,Regular,No
102502,Ajay Rao,Female,26,Bengaluru,Karnataka,31-12-2023,Regular,No
102503,Ajay Sharma,Male,54,Trichy,Tamil Nadu,09-03-2022,Regular,Yes
102504,Meena Das,Female,51,Bengaluru,Karnataka,12-03-2023,Regular,Yes
102505,Vikram Pillai,Female,51,Chennai,Tamil Nadu,04-08-2022,VIP,Yes
102506,Ravi Singh,Male,40,Bengaluru,Karnataka,22-08-2024,Premium,No
102507,Arun Iyer,Male,33,Pune,Maharashtra,24-01-2025,Premium,Yes
102508,Meena Singh,Male,21,Coimbatore,Tamil Nadu,26-10-2023,Regular,Yes
102509,Harini Gupta,Female,19,Delhi,Delhi,29-08-2024,Regular,No
102510,Sneha Das,Male,26,Bengaluru,Karnataka,09-12-2022,Premium,Yes
102511,Meena Sharma,Male,43,Hyderabad,Telangana,18-12-2025,Premium,Yes
102512,Pooja Rao,Other,24,Salem,Tamil Nadu,08-01-2022,Premium,Yes
102513,Priya Nair,Female,50,Tirunelveli,Tamil Nadu,07-05-2024,Regular,Yes
102514,Naveen Patel,Male,47,Trichy,Tamil Nadu,01-07-2023,Regular,No
102515,Ananya Sharma,Male,34,Bengaluru,Karnataka,06-02-2024,Regular,
102516,Karthik Joshi,Male,22,Trichy,Tamil Nadu,27-05-2024,Regular,No
102517,Ajay Iyer,Other,42,Madurai,Tamil Nadu,03-01-2025,Regular,Yes
102518,Meena Iyer,Male,57,Kolkata,West Bengal,29-04-2026,Regular,Yes
102519,Suresh Iyer,,36,Bengaluru,Karnataka,12-08-2024,Regular,Yes
102520,Ajay Rao,Female,56,Tirunelveli,Tamil Nadu,22-01-2023,Regular,No
102521,Ajay Nair,Male,31,Pune,Maharashtra,10-06-2024,Regular,Yes
102522,Divya Reddy,Male,21,Chennai,Tamil Nadu,20-05-2024,Regular,No
102523,Karthik Nair,Female,49,Hyderabad,Telangana,09-01-2026,Regular,No
102524,Meena Krishnan,Male,60,Delhi,Delhi,21-08-2024,Regular,Yes
102525,Priya Reddy,Female,60,Chennai,Tamil Nadu,15-01-2026,VIP,Yes
102526,Harini Pillai,Female,64,Mumbai,Maharashtra,08-01-2025,Regular,No
102527,Santhosh Patel,Male,23,Pune,Maharashtra,30-08-2024,Premium,No
102528,Rahul Iyer,Female,20,Tirunelveli,Tamil Nadu,13-07-2023,Regular,Yes
102529,Rahul Joshi,Female,45,Bengaluru,Karnataka,12-03-2023,Regular,No
102530,Harini Gupta,Female,63,Kolkata,West Bengal,19-06-2022,Regular,Yes
102531,Naveen Patel,Female,65,Salem,Tamil Nadu,21-07-2024,Premium,No
102532,Meena Gupta,Male,31,Trichy,Tamil Nadu,16-04-2026,Premium,Yes
102533,Dinesh Rao,Male,36,Tirunelveli,Tamil Nadu,22-01-2022,Regular,Yes
102534,Dinesh Patel,Female,49,Hyderabad,Telangana,08-06-2026,Premium,Yes
102535,Suresh Gupta,Male,61,Trichy,Tamil Nadu,31-12-2025,Premium,No
102536,Ananya Menon,Male,26,Tirunelveli,Tamil Nadu,15-01-2024,Premium,Yes
102537,Meena Patel,Female,64,Mumbai,Maharashtra,18-06-2023,Regular,No
102538,Karthik Das,Male,57,Pune,Maharashtra,13-09-2024,Regular,Yes
102539,Meena Singh,Female,21,Kolkata,West Bengal,25-12-2025,Premium,Yes
102540,Naveen Kumar,Female,58,Pune,Maharashtra,19-02-2022,Premium,Yes
102541,Priya Joshi,Female,48,Mumbai,Maharashtra,03-02-2024,VIP,No
102542,Pooja Rao,Male,64,Tirunelveli,Tamil Nadu,22-03-2022,Regular,Yes
102543,Arun Das,Male,28,Tirunelveli,Tamil Nadu,30-12-2024,Premium,No
102544,Suresh Das,Female,65,Delhi,Delhi,11-05-2022,Premium,No
102545,Arun Rao,Male,20,Trichy,Tamil Nadu,23-06-2023,Premium,No
102546,Keerthi Patel,Female,21,Delhi,Delhi,09-06-2025,Premium,
102547,Priya Joshi,Female,39,Trichy,Tamil Nadu,02-07-2025,Regular,No
102548,Naveen Das,Male,49,Coimbatore,Tamil Nadu,22-01-2023,Premium,Yes
102549,Swathi Krishnan,Male,26,Pune,Maharashtra,22-05-2024,Regular,Yes
102550,Rahul Nair,Female,31,Bengaluru,Karnataka,10-11-2022,Regular,Yes
102551,Harini Patel,Male,36,Coimbatore,Tamil Nadu,02-10-2024,Regular,No
102552,Lakshmi Kumar,Female,24,Mumbai,Maharashtra,15-01-2022,Premium,Yes
102553,Vikram Patel,Female,26,Hyderabad,Telangana,15-10-2025,Regular,Yes
102554,Ajay Iyer,Male,25,Hyderabad,Telangana,08-02-2022,Regular,Yes
102555,Karthik Krishnan,Female,63,Tirunelveli,Tamil Nadu,31-10-2024,Regular,No
102556,Divya Pillai,Male,62,Bengaluru,Karnataka,21-11-2023,VIP,Yes
102557,Harini Patel,Male,48,Trichy,Tamil Nadu,15-01-2023,Premium,No
102558,Keerthi Patel,Female,50,Salem,Tamil Nadu,09-07-2024,Regular,Yes
102559,Vikram Krishnan,Female,24,Chennai,Tamil Nadu,29-08-2022,Regular,Yes
102560,Divya Iyer,Female,20,Coimbatore,Tamil Nadu,11-09-2024,Regular,No
102561,Divya Joshi,Female,36,Kolkata,West Bengal,01-01-2025,Regular,Yes
102562,Divya Singh,Female,65,Delhi,Delhi,18-02-2024,Premium,Yes
102563,Ajay Sharma,Male,40,Madurai,Tamil Nadu,07-09-2023,Regular,No
102564,Divya Iyer,Male,56,Delhi,Delhi,21-02-2024,Regular,Yes
102565,Santhosh Joshi,Male,35,Pune,Maharashtra,15-06-2026,Premium,Yes
102566,Swathi Reddy,Male,32,Pune,Maharashtra,04-07-2025,Regular,No
102567,Ajay Krishnan,Male,56,Trichy,Tamil Nadu,10-01-2022,Regular,Yes
102568,Harini Iyer,Female,40,Coimbatore,Tamil Nadu,08-05-2023,Regular,No
102569,Naveen Iyer,Male,53,Delhi,Delhi,12-02-2022,Regular,No
102570,Keerthi Pillai,Female,52,Tirunelveli,Tamil Nadu,09-02-2023,Regular,Yes
102571,Priya Iyer,Female,52,Trichy,Tamil Nadu,16-08-2025,VIP,Yes
102572,Dinesh Kumar,Other,50,Tirunelveli,Tamil Nadu,23-12-2025,Premium,Yes
102573,Pooja Rao,Male,56,Madurai,Tamil Nadu,16-02-2024,Premium,Yes
102574,Vikram Pillai,Female,40,Delhi,Delhi,17-03-2025,Premium,Yes
102575,Dinesh Patel,Female,32,Trichy,Tamil Nadu,22-09-2023,Regular,No
102576,Arun Sharma,Male,42,Mumbai,Maharashtra,21-03-2024,Premium,No
102577,Rahul Joshi,Male,33,Mumbai,Maharashtra,10-11-2025,Regular,No
102578,Keerthi Krishnan,Male,20,Pune,Maharashtra,14-04-2023,Regular,No
102579,Karthik Gupta,Female,35,Tirunelveli,Tamil Nadu,26-06-2023,Regular,Yes
102580,Naveen Menon,Female,42,Kolkata,West Bengal,21-08-2022,Regular,Yes
102581,Meena Krishnan,Female,42,Delhi,Delhi,07-01-2023,Regular,Yes
102582,Ravi Singh,Female,34,Pune,Maharashtra,05-03-2022,Regular,Yes
102583,Keerthi Patel,Male,52,Mumbai,Maharashtra,18-10-2025,Regular,No
102584,Lakshmi Menon,Male,31,Coimbatore,Tamil Nadu,20-12-2025,Regular,No
102585,Naveen Menon,Female,49,Delhi,Delhi,18-12-2023,Regular,No
102586,Suresh Joshi,Female,30,Kolkata,West Bengal,05-10-2024,Regular,Yes
102587,Karthik Rao,Female,65,Delhi,Delhi,27-02-2023,Regular,Yes
102588,Priya Patel,Male,49,Mumbai,Maharashtra,19-03-2022,Regular,Yes
102589,Keerthi Nair,Male,44,Tirunelveli,Tamil Nadu,26-05-2024,Regular,Yes
102590,Santhosh Das,Male,38,Delhi,Delhi,27-09-2022,Regular,Yes
102591,Suresh Singh,Male,54,Chennai,Tamil Nadu,13-12-2025,Regular,No
102592,Ajay Gupta,Male,38,Delhi,Delhi,21-04-2023,Premium,Yes
102593,Divya Das,Female,56,Kolkata,West Bengal,07-06-2025,Regular,No
102594,Keerthi Kumar,Female,25,Bengaluru,Karnataka,24-03-2023,Regular,No
102595,Santhosh Rao,Male,57,Mumbai,Maharashtra,03-08-2022,Premium,Yes
102596,Karthik Das,Male,64,Bengaluru,Karnataka,21-07-2024,Regular,No
102597,Pooja Pillai,Male,29,Kolkata,West Bengal,08-11-2022,Regular,No
102598,Arun Singh,Male,28,Madurai,Tamil Nadu,11-11-2023,Regular,No
102599,Sneha Das,Female,63,Tirunelveli,Tamil Nadu,14-05-2023,Premium,Yes
102600,Ravi Nair,Male,37,Delhi,Delhi,08-02-2026,Regular,No
102601,Lakshmi Rao,,51,Salem,Tamil Nadu,05-05-2024,VIP,Yes
102602,Suresh Kumar,Male,27,Hyderabad,Telangana,07-05-2025,Premium,Yes
102603,Divya Pillai,Male,38,Trichy,Tamil Nadu,28-09-2024,Regular,Yes
102604,Meena Pillai,Other,51,Kolkata,West Bengal,29-03-2026,Regular,Yes
102605,Ravi Rao,Male,60,Trichy,Tamil Nadu,18-01-2024,Regular,Yes
102606,Suresh Rao,Male,38,Trichy,Tamil Nadu,06-01-2026,Regular,No
102607,Priya Kumar,Female,21,Kolkata,West Bengal,08-03-2026,Regular,Yes
102608,Meena Das,Male,37,Mumbai,Maharashtra,16-04-2026,Regular,Yes
102609,Keerthi Nair,Male,48,Kolkata,West Bengal,28-03-2025,Premium,No
102610,Divya Krishnan,Male,60,Trichy,Tamil Nadu,25-07-2026,Premium,Yes
102611,Ajay Kumar,Male,58,Tirunelveli,Tamil Nadu,20-06-2025,Premium,Yes
102612,Meena Krishnan,Female,54,Tirunelveli,Tamil Nadu,14-06-2023,Regular,Yes
102613,Swathi Patel,Male,25,Hyderabad,Telangana,24-09-2022,Premium,
102614,Santhosh Krishnan,Female,42,Coimbatore,Tamil Nadu,23-12-2022,Premium,Yes
102615,Suresh Das,Female,45,Bengaluru,Karnataka,02-09-2024,Premium,No
102616,Harini Reddy,Male,40,Madurai,Tamil Nadu,08-10-2022,Premium,No
102617,Sneha Nair,Male,62,Tirunelveli,Tamil Nadu,08-02-2023,Regular,Yes
102618,Priya Gupta,,64,Chennai,Tamil Nadu,03-12-2024,Premium,Yes
102619,Lakshmi Das,Male,28,Coimbatore,Tamil Nadu,20-07-2023,Regular,No
102620,Lakshmi Kumar,Male,63,Tirunelveli,Tamil Nadu,03-03-2025,Premium,Yes
102621,Ajay Nair,Female,58,Salem,Tamil Nadu,23-08-2026,Regular,Yes
102622,Divya Patel,Male,51,Delhi,Delhi,30-05-2022,Regular,
102623,Ravi Das,Female,36,Bengaluru,Karnataka,25-12-2024,Regular,No
102624,Sneha Das,Female,54,Tirunelveli,Tamil Nadu,27-10-2025,Regular,No
102625,Santhosh Kumar,Female,46,Tirunelveli,Tamil Nadu,27-08-2022,Regular,Yes
102626,Harini Das,Male,61,Kolkata,West Bengal,24-08-2025,Premium,Yes
102627,Vikram Menon,Male,52,Tirunelveli,Tamil Nadu,12-05-2024,Regular,No
102628,Ajay Menon,Female,64,Chennai,Tamil Nadu,04-12-2024,Regular,Yes
102629,Priya Kumar,Male,38,Coimbatore,Tamil Nadu,29-03-2022,Regular,Yes
102630,Ajay Patel,Female,21,Chennai,Tamil Nadu,11-01-2024,Regular,No
102631,Karthik Singh,Female,41,Tirunelveli,Tamil Nadu,16-09-2023,Regular,Yes
102632,Naveen Iyer,Female,65,Madurai,Tamil Nadu,19-09-2022,Premium,Yes
102633,Lakshmi Singh,Male,49,Salem,Tamil Nadu,20-07-2025,VIP,No
102634,Sneha Kumar,Male,51,Kolkata,West Bengal,09-05-2024,Regular,No
102635,Harini Sharma,Male,48,Chennai,Tamil Nadu,01-02-2026,Regular,Yes
102636,Suresh Krishnan,Female,46,Chennai,Tamil Nadu,28-09-2022,Premium,Yes
102637,Ravi Reddy,Female,20,Delhi,Delhi,27-05-2025,Regular,Yes
102638,Rahul Krishnan,Female,37,Madurai,Tamil Nadu,25-10-2024,Premium,Yes
102639,Meena Kumar,Female,22,Bengaluru,Karnataka,11-01-2025,Regular,Yes
102640,Sneha Rao,Female,34,Salem,Tamil Nadu,11-06-2023,Premium,Yes
102641,Sneha Singh,Female,52,Hyderabad,Telangana,20-03-2025,Regular,Yes
102642,Rahul Gupta,Male,56,Pune,Maharashtra,25-02-2023,VIP,Yes
102643,Ajay Menon,Male,28,Hyderabad,Telangana,19-07-2025,VIP,Yes
102644,Priya Singh,Female,49,Pune,Maharashtra,20-01-2024,Regular,Yes
102645,Divya Das,Female,28,Pune,Maharashtra,26-03-2024,Regular,No
102646,Dinesh Reddy,Male,27,Chennai,Tamil Nadu,14-09-2024,Regular,No
102647,Swathi Das,Female,64,Kolkata,West Bengal,24-05-2022,Regular,Yes
102648,Dinesh Sharma,Male,47,Trichy,Tamil Nadu,17-09-2023,VIP,No
102649,Lakshmi Nair,Male,27,Tirunelveli,Tamil Nadu,12-12-2022,Regular,Yes
102650,Divya Iyer,,24,Mumbai,Maharashtra,27-06-2026,Regular,No
102651,Lakshmi Pillai,Male,20,Salem,Tamil Nadu,18-12-2023,Regular,Yes
102652,Rahul Nair,Female,41,Salem,Tamil Nadu,11-01-2022,Regular,No
102653,Naveen Das,Female,22,Tirunelveli,Tamil Nadu,14-02-2022,Premium,No
102654,Sneha Singh,Female,46,Delhi,Delhi,01-04-2026,Regular,Yes
102655,Ananya Patel,Male,38,Salem,Tamil Nadu,24-09-2022,Premium,No
102656,Lakshmi Iyer,,48,Kolkata,West Bengal,02-01-2022,Regular,No
102657,Naveen Pillai,Male,27,Chennai,Tamil Nadu,27-12-2022,Premium,No
102658,Swathi Gupta,Female,24,Mumbai,Maharashtra,04-01-2023,Regular,Yes
102659,Sneha Sharma,Male,22,Madurai,Tamil Nadu,16-05-2022,Regular,Yes
102660,Swathi Menon,Other,22,Bengaluru,Karnataka,21-08-2026,Regular,No
102661,Naveen Singh,Female,21,Pune,Maharashtra,11-04-2022,VIP,Yes
102662,Ravi Kumar,Male,30,Trichy,Tamil Nadu,22-05-2025,Premium,Yes
102663,Divya Rao,Male,56,Bengaluru,Karnataka,23-11-2025,Premium,Yes
102664,Rahul Sharma,Male,47,Pune,Maharashtra,31-12-2024,Regular,Yes
102665,Arun Iyer,Female,30,Hyderabad,Telangana,14-08-2022,Regular,No
102666,Lakshmi Krishnan,Female,62,Kolkata,West Bengal,19-05-2025,Regular,No
102667,Santhosh Reddy,Female,54,Hyderabad,Telangana,15-07-2023,Premium,No
102668,Keerthi Pillai,Female,55,Tirunelveli,Tamil Nadu,26-11-2023,Premium,No
102669,Ananya Krishnan,Male,61,Chennai,Tamil Nadu,04-03-2023,Regular,No
102670,Pooja Gupta,Female,53,Tirunelveli,Tamil Nadu,26-08-2025,Regular,No
102671,Lakshmi Das,Male,63,Trichy,Tamil Nadu,12-09-2024,Regular,Yes
102672,Keerthi Pillai,Female,33,Salem,Tamil Nadu,21-09-2022,Regular,No
102673,Pooja Singh,,59,Salem,Tamil Nadu,24-11-2023,Premium,No
102674,Ajay Rao,Female,23,Hyderabad,Telangana,11-09-2025,VIP,No
102675,Karthik Rao,Male,32,Tirunelveli,Tamil Nadu,13-05-2026,Regular,No
102676,Ajay Pillai,Male,60,Coimbatore,Tamil Nadu,17-05-2026,Premium,Yes
102677,Keerthi Iyer,Male,24,Tirunelveli,Tamil Nadu,18-08-2022,Premium,Yes
102678,Lakshmi Das,Female,42,Salem,Tamil Nadu,29-12-2025,Regular,No
102679,Divya Menon,Female,34,Kolkata,West Bengal,20-08-2024,Regular,No
102680,Ananya Singh,Male,22,Delhi,Delhi,11-06-2025,Regular,Yes
102681,Dinesh Pillai,Male,29,Bengaluru,Karnataka,18-10-2023,VIP,Yes
102682,Ravi Singh,Male,43,Bengaluru,Karnataka,12-01-2025,Regular,Yes
102683,Harini Iyer,Female,48,Delhi,Delhi,15-03-2023,Regular,Yes
102684,Naveen Das,Female,50,Trichy,Tamil Nadu,04-06-2024,Regular,Yes
102685,Harini Singh,Female,24,Kolkata,West Bengal,19-01-2023,Premium,Yes
102686,Dinesh Kumar,Female,33,Pune,Maharashtra,03-11-2023,Regular,Yes
102687,Swathi Kumar,Male,22,Hyderabad,Telangana,25-11-2023,VIP,Yes
102688,Ajay Iyer,Male,18,Kolkata,West Bengal,11-01-2026,Regular,No
102689,Lakshmi Menon,Female,36,Coimbatore,Tamil Nadu,04-12-2024,Premium,Yes
102690,Rahul Pillai,Female,47,Tirunelveli,Tamil Nadu,05-01-2025,Regular,No
102691,Divya Rao,Male,35,Madurai,Tamil Nadu,28-04-2023,Regular,Yes
102692,Priya Sharma,Female,19,Coimbatore,Tamil Nadu,10-01-2024,Premium,Yes
102693,Karthik Rao,Male,28,Salem,Tamil Nadu,14-03-2024,Regular,Yes
102694,Ravi Gupta,Male,38,Pune,Maharashtra,27-08-2025,Regular,Yes
102695,Sneha Menon,Male,35,Tirunelveli,Tamil Nadu,12-11-2022,Premium,Yes
102696,Arun Patel,Female,57,Delhi,Delhi,02-04-2022,Regular,Yes
102697,Sneha Sharma,Female,46,Bengaluru,Karnataka,08-05-2024,Regular,Yes
102698,Keerthi Pillai,Female,65,Pune,Maharashtra,14-10-2025,Premium,No
102699,Pooja Gupta,Female,26,Bengaluru,Karnataka,01-06-2025,Premium,Yes
102700,Keerthi Kumar,Female,35,Bengaluru,Karnataka,10-10-2025,Regular,Yes
102701,Vikram Gupta,Male,22,Salem,Tamil Nadu,31-10-2023,Regular,No
102702,Arun Sharma,Female,18,Trichy,Tamil Nadu,24-01-2023,Regular,Yes
102703,Dinesh Kumar,Male,62,Hyderabad,Telangana,26-01-2025,Regular,Yes
102704,Lakshmi Menon,Female,41,Salem,Tamil Nadu,06-03-2022,Regular,Yes
102705,Pooja Rao,Male,49,Chennai,Tamil Nadu,03-03-2026,Regular,No
102706,Priya Singh,Male,31,Mumbai,Maharashtra,28-04-2025,Premium,Yes
102707,Dinesh Pillai,Female,20,Madurai,Tamil Nadu,06-05-2024,Regular,No
102708,Suresh Gupta,Male,60,Mumbai,Maharashtra,06-12-2022,Regular,Yes
102709,Swathi Kumar,Male,49,Madurai,Tamil Nadu,02-03-2023,Premium,Yes
102710,Ajay Das,Female,52,Salem,Tamil Nadu,21-08-2026,Premium,No
102711,Ravi Menon,Female,43,Chennai,Tamil Nadu,25-01-2022,Premium,No
102712,Harini Rao,Male,37,Chennai,Tamil Nadu,16-01-2022,Regular,No
102713,Vikram Joshi,Male,38,Tirunelveli,Tamil Nadu,14-08-2023,Regular,No
102714,Lakshmi Krishnan,Male,54,Kolkata,West Bengal,26-01-2023,VIP,Yes
102715,Ajay Sharma,Female,28,Kolkata,West Bengal,24-02-2025,Regular,No
102716,Suresh Iyer,Female,34,Pune,Maharashtra,13-03-2022,Regular,Yes
102717,Ravi Gupta,Male,32,Pune,Maharashtra,28-08-2025,Regular,Yes
102718,Karthik Joshi,Female,43,Madurai,Tamil Nadu,23-08-2025,Premium,Yes
102719,Rahul Sharma,Female,64,Kolkata,West Bengal,26-01-2023,Regular,Yes
102720,Lakshmi Sharma,Other,62,Bengaluru,Karnataka,10-09-2024,Regular,No
102721,Naveen Menon,Male,44,Coimbatore,Tamil Nadu,15-02-2025,Regular,No
102722,Vikram Kumar,Female,27,Madurai,Tamil Nadu,13-12-2025,VIP,No
102723,Vikram Kumar,Female,63,Bengaluru,Karnataka,30-05-2025,Regular,Yes
102724,Pooja Pillai,Male,33,Delhi,Delhi,25-06-2026,Regular,Yes
102725,Lakshmi Gupta,Male,35,Trichy,Tamil Nadu,17-07-2022,VIP,Yes
102726,Swathi Pillai,Male,60,Coimbatore,Tamil Nadu,03-11-2024,Regular,Yes
102727,Swathi Krishnan,Male,30,Bengaluru,Karnataka,06-08-2025,Regular,Yes
102728,Lakshmi Patel,Female,40,Chennai,Tamil Nadu,29-01-2023,Regular,Yes
102729,Suresh Pillai,Female,62,Kolkata,West Bengal,07-01-2023,Regular,No
102730,Vikram Patel,Male,33,Pune,Maharashtra,07-06-2022,Regular,Yes
102731,Sneha Reddy,Female,47,Tirunelveli,Tamil Nadu,03-08-2026,Regular,No
102732,Keerthi Pillai,Male,19,Kolkata,West Bengal,12-01-2026,Regular,Yes
102733,Rahul Krishnan,Female,65,Tirunelveli,Tamil Nadu,25-07-2022,Premium,Yes
102734,Swathi Pillai,Male,38,Hyderabad,Telangana,21-02-2023,Regular,No
102735,Swathi Iyer,Female,50,Pune,Maharashtra,18-02-2024,Regular,Yes
102736,Meena Joshi,Female,42,Bengaluru,Karnataka,27-02-2026,Premium,Yes
102737,Santhosh Das,Female,38,Kolkata,West Bengal,04-11-2025,VIP,No
102738,Lakshmi Krishnan,Female,37,Hyderabad,Telangana,02-02-2026,Regular,Yes
102739,Priya Pillai,Male,18,Pune,Maharashtra,09-11-2025,Regular,Yes
102740,Sneha Singh,Female,31,Delhi,Delhi,03-12-2024,Regular,Yes
102741,Karthik Menon,Female,36,Hyderabad,Telangana,10-05-2023,Premium,No
102742,Arun Das,Male,35,Bengaluru,Karnataka,23-10-2024,Premium,Yes
102743,Harini Gupta,Other,31,Kolkata,West Bengal,20-04-2024,Regular,No
102744,Vikram Pillai,Male,48,Tirunelveli,Tamil Nadu,05-06-2026,Regular,No
102745,Ananya Krishnan,Male,57,Hyderabad,Telangana,02-02-2024,Regular,Yes
102746,Ravi Kumar,Female,60,Delhi,Delhi,09-07-2025,Premium,Yes
102747,Arun Iyer,Male,64,Hyderabad,Telangana,22-10-2022,Regular,No
102748,Santhosh Joshi,Male,49,Trichy,Tamil Nadu,07-03-2025,Regular,Yes
102749,Suresh Joshi,Male,37,Delhi,Delhi,11-02-2024,Regular,No
102750,Arun Joshi,Female,49,Tirunelveli,Tamil Nadu,11-01-2024,Premium,No
102751,Karthik Kumar,Female,24,Hyderabad,Telangana,07-07-2025,VIP,No
102752,Swathi Singh,Male,57,Chennai,Tamil Nadu,02-04-2024,Regular,Yes
102753,Divya Menon,Female,43,Kolkata,West Bengal,11-04-2022,Premium,Yes
102754,Vikram Menon,Female,25,Coimbatore,Tamil Nadu,24-10-2023,Regular,No
102755,Sneha Sharma,Female,38,Tirunelveli,Tamil Nadu,26-06-2026,Premium,Yes
102756,Vikram Das,Female,32,Salem,Tamil Nadu,28-05-2026,Premium,Yes
102757,Karthik Iyer,Female,34,Salem,Tamil Nadu,10-11-2024,Regular,Yes
102758,Naveen Nair,Male,20,Coimbatore,Tamil Nadu,20-12-2024,Regular,Yes
102759,Suresh Reddy,Male,18,Delhi,Delhi,23-03-2023,Regular,No
102760,Arun Kumar,Female,34,Pune,Maharashtra,19-08-2025,Premium,No
102761,Pooja Sharma,Male,32,Bengaluru,Karnataka,16-10-2024,Regular,Yes
102762,Karthik Pillai,Male,65,Pune,Maharashtra,05-03-2022,Regular,Yes
102763,Vikram Menon,Male,30,Delhi,Delhi,03-06-2026,Regular,Yes
102764,Vikram Joshi,Male,33,Chennai,Tamil Nadu,20-12-2025,Regular,Yes
102765,Dinesh Nair,Female,61,Hyderabad,Telangana,19-05-2022,Regular,No
102766,Pooja Singh,Male,59,Kolkata,West Bengal,11-12-2023,Premium,No
102767,Santhosh Singh,Female,20,Delhi,Delhi,16-06-2025,Regular,Yes
102768,Dinesh Das,Female,22,Tirunelveli,Tamil Nadu,07-06-2025,Regular,No
102769,Ajay Patel,Male,22,Pune,Maharashtra,12-10-2022,Regular,Yes
102770,Dinesh Menon,Male,40,Tirunelveli,Tamil Nadu,10-03-2022,Premium,Yes
102771,Dinesh Gupta,Male,45,Coimbatore,Tamil Nadu,01-08-2026,Regular,No
102772,Sneha Pillai,Female,34,Chennai,Tamil Nadu,28-02-2026,Regular,Yes
102773,Dinesh Reddy,Male,18,Hyderabad,Telangana,09-06-2025,Regular,Yes
102774,Lakshmi Rao,Female,27,Madurai,Tamil Nadu,26-01-2025,Regular,No
102775,Vikram Reddy,Male,47,Kolkata,West Bengal,13-03-2025,Regular,Yes
102776,Ananya Kumar,Male,35,Mumbai,Maharashtra,17-02-2024,Regular,Yes
102777,Pooja Krishnan,,23,Kolkata,West Bengal,09-03-2025,Regular,No
102778,Pooja Rao,Male,49,Salem,Tamil Nadu,01-06-2023,Regular,Yes
102779,Ananya Menon,Male,47,Delhi,Delhi,23-05-2022,Regular,Yes
102780,Harini Sharma,Female,41,Chennai,Tamil Nadu,13-06-2023,Regular,Yes
102781,Ananya Joshi,Male,63,Mumbai,Maharashtra,15-05-2023,Premium,No
102782,Harini Joshi,Female,58,Tirunelveli,Tamil Nadu,31-05-2023,Regular,Yes
102783,Sneha Nair,Female,19,Trichy,Tamil Nadu,11-03-2024,Regular,No
102784,Rahul Pillai,Female,61,Salem,Tamil Nadu,11-08-2022,VIP,Yes
102785,Ravi Reddy,Female,20,Salem,Tamil Nadu,25-11-2023,Regular,No
102786,Priya Menon,Male,41,Bengaluru,Karnataka,28-02-2024,Premium,No
102787,Dinesh Pillai,Female,61,Mumbai,Maharashtra,16-11-2022,Regular,No
102788,Lakshmi Gupta,Male,65,Chennai,Tamil Nadu,10-02-2024,VIP,No
102789,Swathi Gupta,Female,19,Chennai,Tamil Nadu,20-02-2025,Regular,Yes
102790,Lakshmi Nair,Male,21,Salem,Tamil Nadu,02-12-2023,Regular,Yes
102791,Swathi Gupta,Female,29,Tirunelveli,Tamil Nadu,05-01-2022,Premium,Yes
102792,Rahul Krishnan,Female,31,Bengaluru,Karnataka,10-04-2025,Regular,Yes
102793,Vikram Sharma,Female,31,Madurai,Tamil Nadu,10-09-2024,Regular,Yes
102794,Sneha Sharma,Male,38,Kolkata,West Bengal,15-12-2023,Regular,No
102795,Harini Menon,Female,33,Chennai,Tamil Nadu,08-02-2022,Regular,Yes
102796,Rahul Das,Female,45,Salem,Tamil Nadu,01-06-2022,Premium,No
102797,Pooja Rao,Male,58,Salem,Tamil Nadu,15-05-2022,Regular,No
102798,Ajay Pillai,Male,44,Kolkata,West Bengal,19-12-2025,Regular,Yes
102799,Ravi Krishnan,Male,33,Madurai,Tamil Nadu,09-06-2023,Regular,Yes
102800,Keerthi Singh,Male,45,Delhi,Delhi,24-12-2023,Regular,Yes
102801,Harini Singh,Female,47,Trichy,Tamil Nadu,29-03-2025,Premium,Yes
102802,Swathi Das,Male,61,Pune,Maharashtra,18-01-2025,Regular,Yes
102803,Pooja Menon,Female,63,Tirunelveli,Tamil Nadu,20-04-2022,Regular,Yes
102804,Naveen Rao,Female,31,Chennai,Tamil Nadu,30-04-2026,Regular,No
102805,Ajay Rao,Female,62,Hyderabad,Telangana,27-03-2023,Regular,Yes
102806,Vikram Menon,Female,57,Tirunelveli,Tamil Nadu,28-07-2025,Regular,Yes
102807,Harini Krishnan,Female,24,Mumbai,Maharashtra,15-11-2025,Premium,Yes
102808,Swathi Gupta,Female,44,Mumbai,Maharashtra,04-07-2024,Regular,Yes
102809,Ananya Kumar,Male,25,Trichy,Tamil Nadu,03-10-2022,Regular,Yes
102810,Vikram Menon,Female,41,Hyderabad,Telangana,15-07-2024,VIP,No
102811,Dinesh Rao,Female,20,Kolkata,West Bengal,20-02-2023,Regular,No
102812,Swathi Sharma,Male,32,Mumbai,Maharashtra,15-12-2025,Premium,Yes
102813,Ajay Krishnan,Female,46,Hyderabad,Telangana,06-07-2025,Regular,No
102814,Ravi Menon,Other,32,Tirunelveli,Tamil Nadu,01-11-2025,Regular,No
102815,Meena Rao,Male,18,Hyderabad,Telangana,09-11-2025,Regular,Yes
102816,Ajay Gupta,Female,36,Bengaluru,Karnataka,31-10-2022,Regular,No
102817,Karthik Patel,Female,43,Madurai,Tamil Nadu,21-02-2022,Premium,No
102818,Suresh Iyer,Male,54,Salem,Tamil Nadu,01-12-2024,Regular,Yes
102819,Vikram Patel,Male,24,Bengaluru,Karnataka,09-11-2024,Regular,Yes
102820,Vikram Singh,Male,40,Madurai,Tamil Nadu,11-01-2026,Premium,No
102821,Ravi Krishnan,Female,27,Kolkata,West Bengal,20-12-2024,Regular,Yes
102822,Vikram Gupta,Male,25,Trichy,Tamil Nadu,27-09-2025,Regular,Yes
102823,Meena Menon,Female,23,Bengaluru,Karnataka,16-08-2023,Regular,No
102824,Rahul Iyer,Female,54,Tirunelveli,Tamil Nadu,01-08-2022,Regular,No
102825,Meena Singh,Female,62,Coimbatore,Tamil Nadu,06-03-2022,Premium,No
102826,Meena Iyer,Male,49,Salem,Tamil Nadu,11-01-2024,Regular,Yes
102827,Meena Krishnan,Male,36,Delhi,Delhi,04-01-2022,Regular,Yes
102828,Naveen Reddy,Male,63,Tirunelveli,Tamil Nadu,30-05-2024,Regular,No
102829,Vikram Rao,Male,41,Coimbatore,Tamil Nadu,13-11-2023,Regular,No
102830,Ravi Gupta,Male,43,Bengaluru,Karnataka,15-03-2023,Regular,No
102831,Ananya Krishnan,Male,48,Tirunelveli,Tamil Nadu,01-10-2024,Regular,Yes
102832,Harini Patel,Male,49,Trichy,Tamil Nadu,01-03-2025,Regular,No
102833,Dinesh Patel,Female,41,Mumbai,Maharashtra,09-03-2022,Regular,Yes
102834,Vikram Krishnan,Male,41,Kolkata,West Bengal,20-03-2024,Regular,Yes
102835,Ajay Rao,Male,33,Delhi,Delhi,17-05-2026,Regular,No
102836,Karthik Sharma,Female,50,Kolkata,West Bengal,21-05-2023,Regular,Yes
102837,Santhosh Pillai,Female,50,Tirunelveli,Tamil Nadu,20-08-2025,Regular,No
102838,Harini Rao,Female,38,Salem,Tamil Nadu,27-07-2023,Premium,Yes
102839,Harini Nair,Female,52,Hyderabad,Telangana,07-04-2023,Regular,No
102840,Priya Iyer,Male,24,Tirunelveli,Tamil Nadu,27-12-2025,Regular,Yes
102841,Divya Singh,Female,37,Pune,Maharashtra,29-08-2023,Premium,Yes
102842,Santhosh Patel,Female,65,Madurai,Tamil Nadu,12-01-2026,Regular,No
102843,Ajay Reddy,Female,53,Trichy,Tamil Nadu,17-01-2025,Regular,No
102844,Ajay Rao,Female,52,Pune,Maharashtra,13-10-2025,Premium,No
102845,Sneha Nair,Male,59,Pune,Maharashtra,17-10-2025,Regular,Yes
102846,Rahul Pillai,Male,47,Pune,Maharashtra,03-04-2026,Regular,No
102847,Naveen Joshi,Female,49,Salem,Tamil Nadu,01-08-2024,Regular,Yes
102848,Harini Reddy,Female,41,Delhi,Delhi,07-06-2026,Regular,Yes
102849,Naveen Sharma,Male,57,Mumbai,Maharashtra,12-04-2022,Regular,Yes
102850,Lakshmi Menon,Male,52,Delhi,Delhi,16-04-2024,Regular,Yes
102851,Pooja Joshi,Male,43,Hyderabad,Telangana,06-11-2023,Regular,Yes
102852,Dinesh Pillai,Male,24,Delhi,Delhi,14-06-2022,Regular,Yes
102853,Rahul Kumar,Male,56,Bengaluru,Karnataka,24-01-2026,Regular,Yes
102854,Lakshmi Reddy,Female,33,Bengaluru,Karnataka,22-09-2025,Regular,No
102855,Suresh Kumar,Male,35,Madurai,Tamil Nadu,26-06-2025,Regular,Yes
102856,Ajay Gupta,Male,23,Chennai,Tamil Nadu,12-12-2024,Regular,No
102857,Dinesh Das,Male,28,Kolkata,West Bengal,20-10-2024,Regular,No
102858,Pooja Rao,Female,24,Trichy,Tamil Nadu,09-10-2023,Regular,Yes
102859,Suresh Rao,Female,22,Madurai,Tamil Nadu,07-03-2025,Premium,No
102860,Santhosh Reddy,Female,19,Pune,Maharashtra,17-07-2026,VIP,Yes
102861,Meena Das,Female,32,Hyderabad,Telangana,04-03-2023,Regular,Yes
102862,Keerthi Kumar,Other,54,Tirunelveli,Tamil Nadu,30-07-2023,Regular,No
102863,Divya Krishnan,Female,59,Salem,Tamil Nadu,05-07-2022,Premium,Yes
102864,Pooja Menon,Female,28,Coimbatore,Tamil Nadu,23-03-2026,Regular,Yes
102865,Lakshmi Krishnan,Male,38,Bengaluru,Karnataka,20-06-2024,VIP,No
102866,Keerthi Patel,Female,57,Chennai,Tamil Nadu,04-10-2024,Premium,No
102867,Ananya Gupta,Male,51,Mumbai,Maharashtra,30-03-2023,Premium,
102868,Meena Menon,Female,61,Bengaluru,Karnataka,04-03-2022,Regular,Yes
102869,Rahul Sharma,Male,38,Salem,Tamil Nadu,30-09-2025,Regular,No
102870,Karthik Iyer,Male,26,Hyderabad,Telangana,02-01-2026,Regular,No
102871,Ajay Das,Male,24,Mumbai,Maharashtra,03-08-2023,Regular,No
102872,Keerthi Patel,Female,52,Tirunelveli,Tamil Nadu,19-07-2025,Premium,No
102873,Keerthi Sharma,Female,19,Trichy,Tamil Nadu,30-08-2024,VIP,Yes
102874,Meena Iyer,Male,40,Hyderabad,Telangana,28-12-2024,Regular,Yes
102875,Priya Iyer,Female,34,Delhi,Delhi,21-10-2022,Regular,No
102876,Rahul Nair,Male,62,Kolkata,West Bengal,10-11-2024,Premium,No
102877,Ravi Das,Female,65,Coimbatore,Tamil Nadu,01-10-2022,Premium,Yes
102878,Suresh Iyer,Male,41,Tirunelveli,Tamil Nadu,08-01-2023,Premium,No
102879,Arun Krishnan,Male,45,Salem,Tamil Nadu,30-08-2023,Regular,Yes
102880,Lakshmi Reddy,Female,36,Tirunelveli,Tamil Nadu,31-12-2022,VIP,Yes
102881,Karthik Patel,Female,55,Chennai,Tamil Nadu,26-03-2026,Regular,No
102882,Karthik Reddy,Female,32,Hyderabad,Telangana,19-02-2022,Regular,Yes
102883,Meena Menon,Female,53,Kolkata,West Bengal,17-03-2026,Regular,Yes
102884,Naveen Joshi,Female,61,Chennai,Tamil Nadu,20-09-2022,Regular,Yes
102885,Ananya Nair,Male,26,Delhi,Delhi,19-01-2026,Premium,Yes
102886,Ananya Kumar,Male,28,Bengaluru,Karnataka,27-07-2023,Regular,No
102887,Ananya Reddy,Female,36,Tirunelveli,Tamil Nadu,15-04-2026,Regular,Yes
102888,Meena Iyer,,57,Chennai,Tamil Nadu,08-07-2024,Regular,Yes
102889,Naveen Gupta,Female,48,Bengaluru,Karnataka,12-04-2024,Premium,No
102890,Lakshmi Sharma,Male,27,Hyderabad,Telangana,11-08-2022,Regular,No
102891,Rahul Joshi,Male,35,Bengaluru,Karnataka,08-01-2024,Regular,No
102892,Dinesh Das,Male,48,Kolkata,West Bengal,05-08-2024,Regular,No
102893,Vikram Rao,,64,Delhi,Delhi,30-07-2026,Regular,No
102894,Ravi Gupta,Female,39,Salem,Tamil Nadu,24-03-2023,Regular,No
102895,Ravi Kumar,Male,21,Mumbai,Maharashtra,21-05-2022,Regular,Yes
102896,Pooja Menon,Male,23,Kolkata,West Bengal,08-03-2023,Regular,Yes
102897,Divya Sharma,Male,19,Coimbatore,Tamil Nadu,18-02-2023,VIP,Yes
102898,Rahul Gupta,Male,24,Coimbatore,Tamil Nadu,31-05-2026,Premium,No
102899,Suresh Rao,Male,37,Trichy,Tamil Nadu,13-09-2022,Regular,No
102900,Lakshmi Kumar,Female,31,Hyderabad,Telangana,14-08-2026,Regular,No
102901,Karthik Gupta,Male,32,Kolkata,West Bengal,12-07-2022,Regular,No
102902,Ravi Kumar,Male,54,Trichy,Tamil Nadu,11-10-2025,Regular,No
102903,Naveen Sharma,Male,40,Salem,Tamil Nadu,06-12-2023,Regular,Yes
102904,Swathi Gupta,Male,52,Coimbatore,Tamil Nadu,03-04-2022,Premium,Yes
102905,Dinesh Nair,Male,44,Coimbatore,Tamil Nadu,09-11-2024,Premium,Yes
102906,Divya Pillai,Female,27,Salem,Tamil Nadu,23-05-2025,Regular,Yes
102907,Keerthi Das,Female,63,Coimbatore,Tamil Nadu,26-11-2025,Premium,No
102908,Rahul Das,Female,40,Tirunelveli,Tamil Nadu,31-10-2022,Premium,Yes
102909,Keerthi Patel,Male,58,Bengaluru,Karnataka,15-11-2024,Regular,Yes
102910,Swathi Sharma,Female,22,Delhi,Delhi,25-08-2024,Premium,No
102911,Naveen Joshi,Female,58,Bengaluru,Karnataka,23-01-2024,VIP,Yes
102912,Keerthi Sharma,Female,52,Bengaluru,Karnataka,28-02-2026,VIP,Yes
102913,Keerthi Rao,Female,29,Pune,Maharashtra,21-12-2023,Premium,Yes
102914,Keerthi Reddy,Male,56,Hyderabad,Telangana,09-10-2023,Regular,Yes
102915,Ajay Reddy,Other,53,Delhi,Delhi,12-06-2024,Regular,No
102916,Keerthi Das,Female,60,Pune,Maharashtra,29-04-2026,VIP,Yes
102917,Ajay Gupta,Female,28,Coimbatore,Tamil Nadu,14-01-2026,Regular,Yes
102918,Harini Menon,Female,60,Tirunelveli,Tamil Nadu,19-04-2025,Regular,Yes
102919,Swathi Pillai,Other,54,Salem,Tamil Nadu,18-05-2022,Regular,Yes
102920,Karthik Patel,Male,34,Delhi,Delhi,27-05-2023,Regular,Yes
102921,Ravi Nair,Female,34,Mumbai,Maharashtra,26-01-2022,Regular,Yes
102922,Naveen Kumar,Female,30,Trichy,Tamil Nadu,11-06-2022,Premium,No
102923,Rahul Menon,Female,40,Bengaluru,Karnataka,14-11-2025,Regular,Yes
102924,Dinesh Patel,Female,61,Kolkata,West Bengal,18-10-2025,Regular,No
102925,Vikram Rao,Male,58,Pune,Maharashtra,24-06-2022,Regular,No
102926,Meena Iyer,Male,25,Hyderabad,Telangana,18-02-2024,Regular,Yes
102927,Ravi Gupta,Male,24,Coimbatore,Tamil Nadu,20-04-2023,Premium,Yes
102928,Naveen Gupta,Female,20,Mumbai,Maharashtra,04-05-2022,Premium,No
102929,Ajay Pillai,Female,47,Hyderabad,Telangana,11-10-2023,Premium,Yes
102930,Karthik Kumar,Female,33,Coimbatore,Tamil Nadu,25-06-2022,Regular,No
102931,Rahul Joshi,Female,54,Hyderabad,Telangana,05-06-2025,Premium,Yes
102932,Ajay Reddy,Female,54,Madurai,Tamil Nadu,02-07-2026,Regular,Yes
102933,Harini Patel,Male,27,Bengaluru,Karnataka,20-12-2023,Regular,No
102934,Keerthi Reddy,Female,51,Pune,Maharashtra,18-02-2023,Premium,No
102935,Priya Reddy,Female,54,Trichy,Tamil Nadu,29-04-2024,Regular,Yes
102936,Karthik Rao,Female,65,Hyderabad,Telangana,02-07-2026,Regular,No
102937,Arun Reddy,Female,52,Trichy,Tamil Nadu,29-09-2022,Premium,Yes
102938,Keerthi Singh,Other,35,Madurai,Tamil Nadu,03-03-2025,Regular,Yes
102939,Ajay Krishnan,Male,65,Salem,Tamil Nadu,08-06-2022,Premium,No
102940,Lakshmi Gupta,Female,31,Hyderabad,Telangana,26-05-2023,Regular,Yes
102941,Karthik Krishnan,Female,56,Madurai,Tamil Nadu,17-01-2024,Regular,Yes
102942,Ajay Das,Male,36,Tirunelveli,Tamil Nadu,15-10-2023,Premium,Yes
102943,Swathi Iyer,Male,62,Trichy,Tamil Nadu,31-10-2022,Regular,No
102944,Ananya Gupta,Male,55,Hyderabad,Telangana,13-08-2025,Regular,Yes
102945,Harini Kumar,Male,46,Trichy,Tamil Nadu,18-02-2025,Regular,No
102946,Meena Reddy,Female,28,Bengaluru,Karnataka,11-01-2024,Regular,No
102947,Sneha Kumar,Male,27,Coimbatore,Tamil Nadu,13-12-2023,Regular,No
102948,Ravi Krishnan,Male,63,Pune,Maharashtra,08-05-2022,Premium,Yes
102949,Ravi Singh,Female,56,Kolkata,West Bengal,27-01-2025,Regular,Yes
102950,Swathi Krishnan,Male,42,Kolkata,West Bengal,26-01-2023,Regular,No
102951,Santhosh Patel,Female,60,Chennai,Tamil Nadu,27-05-2023,Regular,Yes
102952,Karthik Nair,Male,55,Kolkata,West Bengal,02-01-2026,Regular,Yes
102953,Ravi Nair,Male,36,Tirunelveli,Tamil Nadu,27-12-2024,Regular,Yes
102954,Dinesh Kumar,Other,57,Pune,Maharashtra,29-03-2025,VIP,No
102955,Ravi Nair,Female,56,Mumbai,Maharashtra,27-03-2023,Regular,No
102956,Karthik Das,Female,40,Tirunelveli,Tamil Nadu,01-05-2024,Regular,Yes
102957,Dinesh Rao,Female,18,Bengaluru,Karnataka,24-01-2022,Regular,Yes
102958,Priya Sharma,Male,53,Pune,Maharashtra,22-02-2023,Regular,No
102959,Suresh Krishnan,Female,34,Kolkata,West Bengal,22-09-2025,Regular,Yes
102960,Vikram Patel,Male,35,Pune,Maharashtra,17-03-2024,Regular,No
102961,Harini Kumar,Male,52,Tirunelveli,Tamil Nadu,15-12-2024,Regular,Yes
102962,Priya Iyer,Male,56,Pune,Maharashtra,03-09-2025,Regular,Yes
102963,Lakshmi Nair,Female,22,Tirunelveli,Tamil Nadu,12-05-2026,Regular,Yes
102964,Sneha Patel,Male,57,Chennai,Tamil Nadu,19-05-2022,Premium,Yes
102965,Lakshmi Krishnan,Male,32,Madurai,Tamil Nadu,14-09-2024,Regular,Yes
102966,Karthik Reddy,Male,45,Coimbatore,Tamil Nadu,19-08-2026,Premium,No
102967,Priya Menon,Female,59,Hyderabad,Telangana,06-12-2022,Regular,Yes
102968,Rahul Patel,Male,28,Hyderabad,Telangana,01-01-2026,Regular,No
102969,Vikram Das,Female,28,Madurai,Tamil Nadu,13-09-2024,Regular,Yes
102970,Ajay Gupta,Male,64,Coimbatore,Tamil Nadu,25-06-2023,Regular,Yes
102971,Divya Singh,Female,35,Coimbatore,Tamil Nadu,24-08-2025,VIP,Yes
102972,Ananya Kumar,Male,63,Chennai,Tamil Nadu,19-01-2026,Regular,Yes
102973,Naveen Rao,Female,35,Coimbatore,Tamil Nadu,31-08-2022,Regular,Yes
102974,Meena Joshi,Male,47,Tirunelveli,Tamil Nadu,04-03-2025,Regular,No
102975,Sneha Joshi,Male,42,Chennai,Tamil Nadu,11-05-2026,Premium,Yes
102976,Pooja Reddy,Male,65,Pune,Maharashtra,06-02-2025,Regular,Yes
102977,Pooja Menon,Male,44,Pune,Maharashtra,19-07-2024,Premium,Yes
102978,Ananya Patel,Male,42,Salem,Tamil Nadu,26-08-2022,Regular,No
102979,Dinesh Iyer,Male,40,Mumbai,Maharashtra,05-02-2024,Regular,Yes
102980,Arun Krishnan,Female,36,Pune,Maharashtra,21-03-2026,Premium,Yes
102981,Santhosh Rao,Female,39,Madurai,Tamil Nadu,20-09-2025,Regular,Yes
102982,Rahul Rao,Male,40,Chennai,Tamil Nadu,05-02-2024,Regular,Yes
102983,Divya Gupta,Male,54,Trichy,Tamil Nadu,10-06-2023,Regular,Yes
102984,Ajay Patel,Male,20,Trichy,Tamil Nadu,27-09-2025,VIP,No
102985,Ajay Krishnan,Male,42,Madurai,Tamil Nadu,03-07-2026,Premium,No
102986,Pooja Singh,Male,44,Coimbatore,Tamil Nadu,25-05-2023,Regular,Yes
102987,Keerthi Kumar,Male,54,Madurai,Tamil Nadu,10-10-2025,Premium,Yes
102988,Suresh Singh,Male,49,Trichy,Tamil Nadu,08-06-2023,Regular,Yes
102989,Ravi Joshi,Female,38,Salem,Tamil Nadu,07-11-2025,Regular,No
102990,Lakshmi Nair,Female,23,Pune,Maharashtra,28-06-2026,Premium,No
102991,Ajay Sharma,Female,35,Pune,Maharashtra,01-02-2025,Premium,Yes
102992,Meena Krishnan,Male,30,Coimbatore,Tamil Nadu,24-04-2024,Premium,No
102993,Pooja Joshi,Female,27,Hyderabad,Telangana,18-06-2023,Premium,Yes
102994,Meena Pillai,Male,52,Salem,Tamil Nadu,12-04-2022,Regular,Yes
102995,Lakshmi Das,Male,40,Trichy,Tamil Nadu,31-03-2022,Premium,No
102996,Priya Singh,Female,56,Coimbatore,Tamil Nadu,21-11-2025,Regular,No
102997,Swathi Das,Male,24,Mumbai,Maharashtra,29-01-2025,Regular,Yes
102998,Santhosh Gupta,Male,65,Delhi,Delhi,22-01-2023,Premium,Yes
102999,Priya Pillai,Female,40,Pune,Maharashtra,27-07-2024,Regular,No
103000,Ananya Gupta,Female,30,Coimbatore,Tamil Nadu,02-02-2026,Regular,Yes
103001,Ravi Nair,Female,35,Trichy,Tamil Nadu,06-01-2025,Premium,Yes
103002,Priya Sharma,Male,58,Madurai,Tamil Nadu,07-04-2026,Regular,Yes
103003,Keerthi Rao,Male,52,Tirunelveli,Tamil Nadu,19-07-2022,Regular,No
103004,Keerthi Iyer,Other,26,Tirunelveli,Tamil Nadu,04-05-2022,Regular,Yes
103005,Ravi Kumar,Male,65,Madurai,Tamil Nadu,07-02-2025,Regular,Yes
103006,Rahul Nair,Male,24,Delhi,Delhi,17-09-2024,Regular,Yes
103007,Ajay Krishnan,Male,31,Coimbatore,Tamil Nadu,15-03-2025,Regular,Yes
103008,Lakshmi Gupta,Female,53,Pune,Maharashtra,27-07-2026,Premium,No
103009,Ananya Menon,Female,43,Coimbatore,Tamil Nadu,05-07-2022,Regular,Yes
103010,Priya Pillai,Male,39,Trichy,Tamil Nadu,02-05-2026,Premium,No
103011,Ananya Menon,Female,62,Delhi,Delhi,14-04-2022,VIP,No
103012,Lakshmi Krishnan,Male,56,Kolkata,West Bengal,11-06-2024,Regular,Yes
103013,Santhosh Kumar,Female,64,Chennai,Tamil Nadu,15-11-2025,VIP,No
103014,Sneha Das,Male,31,Madurai,Tamil Nadu,02-03-2025,Regular,Yes
103015,Ravi Sharma,Male,58,Pune,Maharashtra,14-01-2023,Regular,Yes
103016,Naveen Kumar,Male,28,Pune,Maharashtra,24-10-2024,VIP,Yes
103017,Lakshmi Iyer,Other,56,Kolkata,West Bengal,14-03-2026,Premium,Yes
103018,Suresh Gupta,Female,44,Hyderabad,Telangana,12-12-2022,Regular,Yes
103019,Ravi Menon,Female,46,Coimbatore,Tamil Nadu,13-05-2026,Regular,Yes
103020,Naveen Joshi,Male,23,Madurai,Tamil Nadu,15-01-2025,Regular,Yes
103021,Meena Joshi,Male,60,Delhi,Delhi,28-05-2022,VIP,No
103022,Ravi Pillai,Male,31,Bengaluru,Karnataka,21-07-2023,Regular,Yes
103023,Naveen Sharma,Male,46,Delhi,Delhi,05-01-2026,Regular,Yes
103024,Ajay Pillai,Male,25,Hyderabad,Telangana,29-07-2023,Regular,No
103025,Rahul Gupta,Female,62,Delhi,Delhi,29-05-2026,Regular,Yes
103026,Rahul Pillai,Female,33,Coimbatore,Tamil Nadu,15-12-2023,Regular,No
103027,Swathi Iyer,Female,54,Bengaluru,Karnataka,06-08-2023,Regular,No
103028,Naveen Sharma,Male,54,Madurai,Tamil Nadu,19-12-2025,Regular,No
103029,Keerthi Pillai,Male,44,Hyderabad,Telangana,28-08-2025,Regular,Yes
103030,Karthik Iyer,Female,23,Salem,Tamil Nadu,10-02-2023,Regular,No
103031,Suresh Singh,Male,31,Madurai,Tamil Nadu,20-08-2025,Regular,No
103032,Arun Nair,Female,47,Mumbai,Maharashtra,03-03-2023,Regular,No
103033,Divya Sharma,Female,43,Kolkata,West Bengal,03-03-2026,Premium,No
103034,Divya Kumar,Male,46,Bengaluru,Karnataka,13-01-2022,Regular,Yes
103035,Santhosh Joshi,Male,29,Bengaluru,Karnataka,30-01-2025,Regular,Yes
103036,Ananya Pillai,Female,43,Tirunelveli,Tamil Nadu,21-09-2022,Regular,No
103037,Meena Pillai,Female,22,Trichy,Tamil Nadu,24-02-2025,Regular,Yes
103038,Sneha Reddy,Female,41,Bengaluru,Karnataka,22-07-2026,Premium,Yes
103039,Naveen Reddy,Female,22,Mumbai,Maharashtra,08-02-2025,Premium,Yes
103040,Dinesh Singh,Female,49,Hyderabad,Telangana,08-01-2024,Regular,No
103041,Suresh Nair,Male,45,Delhi,Delhi,31-10-2025,Regular,No
103042,Swathi Kumar,Female,58,Mumbai,Maharashtra,28-11-2022,Regular,No
103043,Swathi Menon,Female,40,Mumbai,Maharashtra,12-07-2024,Premium,Yes
103044,Dinesh Joshi,Male,25,Kolkata,West Bengal,30-06-2026,Regular,Yes
103045,Swathi Rao,Male,29,Hyderabad,Telangana,29-08-2023,VIP,Yes
103046,Meena Singh,Female,57,Salem,Tamil Nadu,16-02-2022,Regular,No
103047,Dinesh Singh,Female,63,Madurai,Tamil Nadu,21-01-2024,VIP,Yes
103048,Keerthi Sharma,Male,20,Trichy,Tamil Nadu,03-04-2024,Regular,No
103049,Vikram Reddy,Female,50,Hyderabad,Telangana,12-10-2025,Regular,Yes
103050,Suresh Rao,Female,41,Madurai,Tamil Nadu,29-09-2025,Regular,No
103051,Naveen Nair,Female,30,Salem,Tamil Nadu,02-08-2023,Regular,Yes
103052,Sneha Rao,Male,42,Hyderabad,Telangana,06-08-2025,VIP,No
103053,Priya Gupta,Male,62,Trichy,Tamil Nadu,01-09-2022,Regular,No
103054,Swathi Reddy,Male,27,Delhi,Delhi,18-11-2022,Regular,No
103055,Divya Kumar,Female,58,Trichy,Tamil Nadu,23-10-2024,VIP,No
103056,Ananya Kumar,Female,22,Pune,Maharashtra,18-04-2025,Regular,Yes
103057,Santhosh Sharma,Male,52,Trichy,Tamil Nadu,04-10-2025,Regular,No
103058,Pooja Rao,Female,21,Bengaluru,Karnataka,23-11-2024,Regular,No
103059,Karthik Gupta,Male,20,Delhi,Delhi,06-08-2022,Regular,Yes
103060,Rahul Pillai,Female,19,Mumbai,Maharashtra,21-02-2025,Premium,Yes
103061,Naveen Das,Male,56,Hyderabad,Telangana,31-12-2023,Regular,Yes
103062,Harini Singh,Female,45,Mumbai,Maharashtra,29-03-2023,Premium,No
103063,Divya Iyer,Female,51,Delhi,Delhi,31-07-2023,Regular,No
103064,Santhosh Singh,Female,25,Bengaluru,Karnataka,10-10-2025,Regular,Yes
103065,Dinesh Patel,Male,62,Madurai,Tamil Nadu,29-10-2022,Premium,No
103066,Lakshmi Pillai,Male,56,Kolkata,West Bengal,08-08-2024,Premium,Yes
103067,Vikram Nair,Male,41,Trichy,Tamil Nadu,22-05-2022,Regular,Yes
103068,Swathi Reddy,Female,61,Madurai,Tamil Nadu,17-05-2025,Regular,
103069,Arun Patel,Male,24,Bengaluru,Karnataka,12-09-2022,Regular,Yes
103070,Keerthi Sharma,Female,32,Chennai,Tamil Nadu,17-05-2026,Premium,Yes
103071,Vikram Pillai,Female,20,Pune,Maharashtra,08-02-2026,Regular,Yes
103072,Priya Kumar,Male,25,Pune,Maharashtra,25-12-2025,Regular,Yes
103073,Suresh Kumar,Male,58,Hyderabad,Telangana,16-08-2023,Regular,Yes
103074,Arun Iyer,Male,37,Trichy,Tamil Nadu,22-08-2025,Premium,Yes
103075,Rahul Gupta,Female,48,Kolkata,West Bengal,17-08-2022,Regular,Yes
103076,Rahul Rao,Other,60,Madurai,Tamil Nadu,08-05-2023,Regular,No
103077,Naveen Das,Male,54,Bengaluru,Karnataka,14-08-2022,Premium,Yes
103078,Pooja Singh,Other,37,Trichy,Tamil Nadu,02-04-2022,Regular,No
103079,Harini Kumar,Male,34,Hyderabad,Telangana,16-09-2023,Regular,No
103080,Rahul Gupta,Male,23,Pune,Maharashtra,03-09-2024,Regular,Yes
103081,Priya Iyer,Female,57,Pune,Maharashtra,06-01-2026,Regular,Yes
103082,Sneha Kumar,Female,65,Trichy,Tamil Nadu,28-02-2022,Premium,Yes
103083,Rahul Das,Male,42,Mumbai,Maharashtra,23-11-2023,Regular,No
103084,Pooja Sharma,Female,41,Hyderabad,Telangana,29-04-2025,Regular,No
103085,Santhosh Sharma,Female,58,Delhi,Delhi,09-12-2022,Regular,Yes
103086,Pooja Gupta,Female,34,Delhi,Delhi,06-06-2025,Regular,Yes
103087,Ravi Nair,Female,37,Hyderabad,Telangana,27-08-2024,Regular,Yes
103088,Rahul Reddy,Male,60,Hyderabad,Telangana,14-08-2024,Premium,No
103089,Harini Patel,Male,36,Hyderabad,Telangana,01-08-2022,Regular,Yes
103090,Arun Menon,Female,62,Pune,Maharashtra,13-10-2022,Regular,Yes
103091,Pooja Kumar,Female,25,Delhi,Delhi,31-01-2026,Regular,Yes
103092,Priya Sharma,Male,41,Delhi,Delhi,28-01-2026,Premium,
103093,Priya Das,Male,41,Madurai,Tamil Nadu,09-02-2024,Premium,Yes
103094,Rahul Das,Male,32,Hyderabad,Telangana,10-10-2024,Regular,Yes
103095,Sneha Joshi,Female,64,Salem,Tamil Nadu,10-07-2024,Regular,Yes
103096,Naveen Singh,Male,41,Trichy,Tamil Nadu,25-05-2024,Premium,No
103097,Suresh Kumar,Male,60,Hyderabad,Telangana,25-04-2025,Premium,Yes
103098,Priya Rao,Male,28,Mumbai,Maharashtra,22-08-2024,Regular,Yes
103099,Arun Das,Female,34,Hyderabad,Telangana,01-08-2022,Premium,Yes
103100,Ananya Sharma,Female,40,Mumbai,Maharashtra,21-05-2022,Premium,No
103101,Ravi Rao,Male,45,Delhi,Delhi,16-12-2025,Regular,Yes
103102,Naveen Iyer,Male,29,Bengaluru,Karnataka,12-06-2025,Regular,No
103103,Ravi Gupta,Male,33,Chennai,Tamil Nadu,04-12-2022,Regular,No
103104,Divya Gupta,Female,47,Pune,Maharashtra,14-04-2022,Regular,No
103105,Naveen Nair,Female,31,Madurai,Tamil Nadu,09-01-2023,Premium,No
103106,Harini Joshi,Female,54,Mumbai,Maharashtra,10-09-2024,Regular,Yes
103107,Karthik Joshi,Female,40,Salem,Tamil Nadu,19-09-2024,Regular,Yes
103108,Arun Sharma,Male,64,Delhi,Delhi,15-10-2022,Regular,No
103109,Arun Singh,Male,29,Salem,Tamil Nadu,27-10-2022,Premium,No
103110,Santhosh Das,Male,58,Hyderabad,Telangana,20-12-2022,Regular,No
103111,Ajay Sharma,Male,41,Kolkata,West Bengal,24-01-2024,Regular,Yes
103112,Ravi Singh,Male,22,Trichy,Tamil Nadu,01-02-2023,Regular,No
103113,Meena Reddy,Female,51,Chennai,Tamil Nadu,15-02-2024,Premium,Yes
103114,Karthik Joshi,Male,28,Tirunelveli,Tamil Nadu,25-01-2022,Regular,Yes
103115,Keerthi Singh,Female,24,Delhi,Delhi,11-05-2026,Regular,Yes
103116,Priya Menon,Male,43,Pune,Maharashtra,25-02-2026,Premium,Yes
103117,Meena Singh,Male,55,Coimbatore,Tamil Nadu,30-07-2023,Regular,Yes
103118,Pooja Sharma,Female,30,Coimbatore,Tamil Nadu,29-09-2025,Premium,Yes
103119,Ravi Pillai,Male,47,Chennai,Tamil Nadu,29-06-2024,Regular,Yes
103120,Meena Kumar,Male,18,Salem,Tamil Nadu,23-02-2022,Premium,No
103121,Karthik Kumar,Male,26,Coimbatore,Tamil Nadu,29-04-2023,Regular,No
103122,Ravi Singh,Female,54,Tirunelveli,Tamil Nadu,07-04-2022,Regular,No
103123,Rahul Krishnan,Male,18,Pune,Maharashtra,18-04-2025,Regular,No
103124,Sneha Patel,Female,35,Coimbatore,Tamil Nadu,23-08-2025,VIP,No
103125,Lakshmi Kumar,Other,42,Pune,Maharashtra,15-11-2024,Premium,No
103126,Karthik Patel,Female,21,Salem,Tamil Nadu,12-01-2022,Regular,Yes
103127,Ravi Reddy,Male,64,Trichy,Tamil Nadu,06-02-2023,Regular,Yes
103128,Lakshmi Kumar,Female,42,Salem,Tamil Nadu,08-03-2024,Regular,No
103129,Santhosh Rao,Male,34,Kolkata,West Bengal,03-09-2022,Regular,Yes
103130,Arun Sharma,Female,64,Trichy,Tamil Nadu,02-07-2022,Regular,No
103131,Rahul Patel,Female,44,Delhi,Delhi,02-06-2023,Premium,Yes
103132,Vikram Das,Male,50,Pune,Maharashtra,02-10-2024,Regular,Yes
103133,Vikram Menon,Male,22,Trichy,Tamil Nadu,31-05-2022,Premium,Yes
103134,Divya Reddy,Female,25,Chennai,Tamil Nadu,25-08-2026,Regular,No
103135,Divya Patel,Female,20,Madurai,Tamil Nadu,20-02-2024,Premium,Yes
103136,Dinesh Reddy,Female,42,Chennai,Tamil Nadu,20-10-2022,Regular,Yes
103137,Divya Joshi,Male,58,Kolkata,West Bengal,04-02-2022,Regular,Yes
103138,Pooja Iyer,Female,61,Pune,Maharashtra,15-06-2026,Premium,Yes
103139,Harini Iyer,,45,Pune,Maharashtra,07-10-2024,Regular,Yes
103140,Sneha Nair,Female,20,Pune,Maharashtra,11-01-2026,Premium,No
103141,Pooja Iyer,Male,48,Pune,Maharashtra,13-08-2025,Premium,Yes
103142,Swathi Iyer,Female,48,Delhi,Delhi,03-08-2026,VIP,No
103143,Swathi Sharma,Female,46,Pune,Maharashtra,21-02-2026,Premium,Yes
103144,Meena Das,Male,52,Kolkata,West Bengal,26-07-2025,Regular,No
103145,Divya Das,Male,44,Trichy,Tamil Nadu,17-12-2025,Regular,No
103146,Pooja Krishnan,Male,51,Kolkata,West Bengal,27-12-2025,Premium,No
103147,Ananya Menon,Male,41,Coimbatore,Tamil Nadu,10-03-2023,Regular,No
103148,Naveen Patel,Female,25,Salem,Tamil Nadu,07-10-2024,Regular,Yes
103149,Naveen Pillai,Male,21,Tirunelveli,Tamil Nadu,04-08-2026,Regular,Yes
103150,Dinesh Menon,Female,61,Bengaluru,Karnataka,14-01-2026,Premium,Yes
103151,Swathi Gupta,Male,39,Madurai,Tamil Nadu,28-06-2022,Regular,Yes
103152,Divya Menon,Female,33,Hyderabad,Telangana,09-07-2022,Regular,Yes
103153,Sneha Singh,Female,32,Hyderabad,Telangana,07-12-2022,VIP,Yes
103154,Santhosh Reddy,Female,20,Trichy,Tamil Nadu,14-06-2025,Premium,No
103155,Dinesh Singh,Female,63,Chennai,Tamil Nadu,01-11-2023,Regular,Yes
103156,Karthik Sharma,Male,21,Salem,Tamil Nadu,04-12-2024,Regular,Yes
103157,Ravi Nair,Female,28,Trichy,Tamil Nadu,26-08-2022,Premium,Yes
103158,Ravi Kumar,Female,39,Tirunelveli,Tamil Nadu,12-04-2022,Regular,Yes
103159,Divya Kumar,Male,35,Madurai,Tamil Nadu,03-08-2025,Regular,Yes
103160,Vikram Joshi,Other,19,Salem,Tamil Nadu,11-05-2023,Premium,No
103161,Sneha Krishnan,Male,33,Bengaluru,Karnataka,15-03-2022,Regular,Yes
103162,Arun Rao,Female,55,Salem,Tamil Nadu,03-01-2023,Regular,No
103163,Santhosh Patel,Male,30,Bengaluru,Karnataka,04-07-2023,Regular,Yes
103164,Sneha Rao,Female,59,Mumbai,Maharashtra,20-11-2023,Regular,Yes
103165,Divya Pillai,Male,35,Bengaluru,Karnataka,05-03-2026,Regular,Yes
103166,Dinesh Krishnan,Male,18,Delhi,Delhi,04-12-2022,Regular,Yes
103167,Ajay Das,Male,23,Madurai,Tamil Nadu,23-10-2024,VIP,Yes
103168,Naveen Nair,Other,56,Mumbai,Maharashtra,13-04-2023,Premium,Yes
103169,Lakshmi Patel,Male,37,Trichy,Tamil Nadu,27-04-2024,Regular,No
103170,Arun Krishnan,Female,65,Coimbatore,Tamil Nadu,19-05-2023,Regular,No
103171,Pooja Joshi,Female,55,Coimbatore,Tamil Nadu,09-08-2023,Regular,Yes
103172,Ananya Singh,Female,19,Tirunelveli,Tamil Nadu,16-10-2024,Regular,No
103173,Keerthi Singh,Male,32,Pune,Maharashtra,29-09-2024,Regular,No
103174,Swathi Singh,Female,52,Delhi,Delhi,18-08-2022,Regular,Yes
103175,Swathi Singh,Female,21,Tirunelveli,Tamil Nadu,24-09-2022,Regular,Yes
103176,Karthik Joshi,Male,65,Kolkata,West Bengal,14-02-2023,Regular,Yes
103177,Ravi Krishnan,Male,25,Coimbatore,Tamil Nadu,09-03-2026,Regular,No
103178,Keerthi Singh,Female,56,Mumbai,Maharashtra,24-06-2023,Premium,Yes
103179,Lakshmi Singh,Male,58,Hyderabad,Telangana,09-09-2024,VIP,Yes
103180,Lakshmi Nair,Male,42,Hyderabad,Telangana,03-02-2024,Premium,Yes
103181,Arun Kumar,Male,56,Hyderabad,Telangana,26-08-2023,VIP,Yes
103182,Lakshmi Rao,Female,60,Hyderabad,Telangana,06-03-2022,Regular,Yes
103183,Ananya Gupta,Female,53,Madurai,Tamil Nadu,21-01-2024,Regular,Yes
103184,Ajay Krishnan,Female,51,Chennai,Tamil Nadu,26-08-2026,Premium,No
103185,Pooja Iyer,Female,36,Coimbatore,Tamil Nadu,19-05-2026,Regular,Yes
103186,Priya Menon,Male,32,Tirunelveli,Tamil Nadu,26-05-2023,Regular,Yes
103187,Arun Menon,Male,59,Trichy,Tamil Nadu,25-06-2024,VIP,Yes
103188,Rahul Reddy,Male,28,Delhi,Delhi,04-05-2023,Premium,Yes
103189,Naveen Das,Male,37,Chennai,Tamil Nadu,16-04-2026,Premium,No
103190,Swathi Das,Male,42,Salem,Tamil Nadu,01-08-2024,Regular,No
103191,Arun Gupta,Female,36,Chennai,Tamil Nadu,14-04-2026,Premium,No
103192,Karthik Sharma,Male,35,Madurai,Tamil Nadu,22-12-2025,Regular,Yes
103193,Harini Iyer,Male,46,Madurai,Tamil Nadu,11-07-2023,Regular,No
103194,Ravi Nair,Male,33,Hyderabad,Telangana,16-02-2024,Premium,No
103195,Swathi Kumar,Male,65,Madurai,Tamil Nadu,26-08-2024,Regular,Yes
103196,Rahul Singh,Male,26,Hyderabad,Telangana,28-02-2023,Premium,No
103197,Meena Gupta,Male,36,Hyderabad,Telangana,14-11-2025,Premium,No
103198,Ajay Iyer,Male,58,Trichy,Tamil Nadu,19-08-2024,Premium,No
103199,Lakshmi Nair,Female,40,Tirunelveli,Tamil Nadu,19-12-2022,Regular,Yes
103200,Lakshmi Joshi,Female,51,Mumbai,Maharashtra,01-04-2024,Regular,Yes
103201,Priya Rao,Female,49,Tirunelveli,Tamil Nadu,28-10-2025,Premium,No
103202,Suresh Nair,Female,33,Salem,Tamil Nadu,21-12-2023,Regular,Yes
103203,Vikram Rao,Female,53,Trichy,Tamil Nadu,22-04-2025,Regular,No
103204,Meena Iyer,Female,29,Bengaluru,Karnataka,31-07-2026,Regular,Yes
103205,Divya Iyer,Female,53,Mumbai,Maharashtra,24-07-2023,Regular,Yes
103206,Dinesh Krishnan,Female,24,Madurai,Tamil Nadu,21-08-2026,VIP,No
103207,Ananya Singh,Male,51,Tirunelveli,Tamil Nadu,06-12-2023,Regular,Yes
103208,Priya Patel,Male,23,Trichy,Tamil Nadu,13-08-2024,Premium,Yes
103209,Santhosh Kumar,Male,59,Pune,Maharashtra,07-08-2025,Regular,No
103210,Rahul Gupta,Male,48,Hyderabad,Telangana,26-04-2022,Regular,No
103211,Ravi Kumar,Female,19,Tirunelveli,Tamil Nadu,07-04-2025,Regular,Yes
103212,Meena Menon,Male,23,Mumbai,Maharashtra,21-08-2024,Premium,Yes
103213,Vikram Singh,Female,26,Delhi,Delhi,19-01-2025,Regular,Yes
103214,Ajay Das,Female,64,Tirunelveli,Tamil Nadu,08-06-2026,Regular,Yes
103215,Santhosh Reddy,Female,46,Kolkata,West Bengal,04-04-2024,Regular,No
103216,Divya Iyer,Male,31,Mumbai,Maharashtra,23-04-2026,Regular,No
103217,Pooja Rao,Male,31,Chennai,Tamil Nadu,23-08-2024,Regular,Yes
103218,Vikram Krishnan,Male,19,Pune,Maharashtra,02-01-2023,Regular,Yes
103219,Ananya Iyer,Other,27,Tirunelveli,Tamil Nadu,14-01-2025,Regular,Yes
103220,Ravi Nair,Female,59,Pune,Maharashtra,20-11-2022,Regular,Yes
103221,Suresh Nair,Female,46,Madurai,Tamil Nadu,09-03-2026,Regular,Yes
103222,Santhosh Reddy,Female,35,Mumbai,Maharashtra,16-09-2022,Premium,No
103223,Divya Rao,Female,19,Trichy,Tamil Nadu,27-04-2024,Premium,No
103224,Arun Iyer,Female,34,Trichy,Tamil Nadu,25-10-2025,Premium,Yes
103225,Keerthi Rao,Male,36,Coimbatore,Tamil Nadu,16-01-2022,Premium,No
103226,Pooja Sharma,Male,23,Trichy,Tamil Nadu,13-04-2024,Regular,No
103227,Harini Nair,Male,47,Kolkata,West Bengal,10-05-2024,Regular,Yes
103228,Sneha Patel,Female,49,Delhi,Delhi,29-07-2023,Regular,Yes
103229,Karthik Nair,Female,65,Madurai,Tamil Nadu,17-02-2025,Regular,Yes
103230,Meena Nair,Female,35,Salem,Tamil Nadu,07-07-2023,Premium,Yes
103231,Meena Pillai,Female,31,Salem,Tamil Nadu,29-09-2023,Regular,No
103232,Lakshmi Nair,Female,57,Hyderabad,Telangana,14-04-2023,Regular,Yes
103233,Lakshmi Gupta,Male,34,Madurai,Tamil Nadu,27-11-2024,Regular,Yes
103234,Dinesh Reddy,Male,48,Chennai,Tamil Nadu,09-02-2026,Premium,Yes
103235,Suresh Patel,Female,53,Kolkata,West Bengal,29-10-2022,Regular,No
103236,Priya Sharma,Female,60,Kolkata,West Bengal,28-11-2023,Regular,Yes
103237,Ajay Singh,Female,33,Delhi,Delhi,19-01-2023,Regular,No
103238,Dinesh Krishnan,Male,47,Tirunelveli,Tamil Nadu,19-02-2023,Premium,No
103239,Priya Gupta,Female,24,Salem,Tamil Nadu,10-07-2026,Premium,Yes
103240,Meena Rao,Female,55,Chennai,Tamil Nadu,22-04-2025,Regular,Yes
103241,Lakshmi Das,Female,20,Hyderabad,Telangana,25-05-2026,Premium,Yes
103242,Arun Iyer,Male,51,Hyderabad,Telangana,16-12-2024,Regular,Yes
103243,Suresh Kumar,Female,28,Salem,Tamil Nadu,07-02-2025,Regular,Yes
103244,Sneha Gupta,Female,40,Kolkata,West Bengal,01-05-2025,Regular,No
103245,Rahul Iyer,Female,21,Madurai,Tamil Nadu,15-01-2025,Regular,No
103246,Ravi Sharma,Female,51,Trichy,Tamil Nadu,29-10-2025,Regular,Yes
103247,Divya Joshi,Female,41,Trichy,Tamil Nadu,09-07-2023,Regular,Yes
103248,Ajay Joshi,Female,49,Bengaluru,Karnataka,22-06-2022,Premium,Yes
103249,Ananya Das,Female,34,Bengaluru,Karnataka,10-04-2024,Regular,Yes
103250,Karthik Singh,Male,18,Delhi,Delhi,04-01-2022,Regular,Yes
103251,Sneha Gupta,Male,45,Delhi,Delhi,22-03-2022,Regular,No
103252,Sneha Iyer,Male,51,Madurai,Tamil Nadu,27-03-2022,Premium,Yes
103253,Meena Nair,Female,49,Bengaluru,Karnataka,12-05-2022,Regular,Yes
103254,Vikram Patel,Male,30,Delhi,Delhi,16-04-2025,Regular,No
103255,Divya Pillai,Male,52,Hyderabad,Telangana,13-10-2024,Regular,Yes
103256,Keerthi Pillai,Female,44,Hyderabad,Telangana,08-05-2026,Regular,No
103257,Lakshmi Krishnan,Female,28,Hyderabad,Telangana,08-05-2023,Regular,No
103258,Dinesh Sharma,Male,23,Hyderabad,Telangana,17-07-2023,Premium,Yes
103259,Santhosh Nair,Male,33,Kolkata,West Bengal,13-04-2024,Regular,Yes
103260,Naveen Reddy,Female,19,Delhi,Delhi,21-08-2025,Regular,No
103261,Priya Pillai,Male,52,Pune,Maharashtra,02-05-2026,Premium,Yes
103262,Suresh Sharma,Male,18,Pune,Maharashtra,24-05-2025,Premium,Yes
103263,Pooja Kumar,Male,20,Madurai,Tamil Nadu,12-05-2024,Regular,No
103264,Meena Krishnan,Male,25,Salem,Tamil Nadu,21-07-2026,Regular,Yes
103265,Naveen Nair,Female,33,Kolkata,West Bengal,05-11-2022,VIP,Yes
103266,Ananya Gupta,Male,18,Coimbatore,Tamil Nadu,11-03-2024,Regular,Yes
103267,Sneha Sharma,Female,48,Madurai,Tamil Nadu,24-02-2023,Regular,Yes
103268,Sneha Gupta,Male,24,Madurai,Tamil Nadu,10-10-2022,Regular,No
103269,Meena Kumar,Male,56,Bengaluru,Karnataka,06-11-2023,Regular,No
103270,Sneha Kumar,Male,44,Tirunelveli,Tamil Nadu,24-07-2025,Regular,Yes
103271,Dinesh Nair,Female,22,Bengaluru,Karnataka,28-06-2023,VIP,Yes
103272,Priya Reddy,Male,37,Delhi,Delhi,23-10-2025,Regular,No
103273,Ajay Das,Male,24,Coimbatore,Tamil Nadu,04-11-2024,Regular,Yes
103274,Dinesh Kumar,Male,65,Delhi,Delhi,17-04-2025,Regular,Yes
103275,Priya Kumar,Female,46,Hyderabad,Telangana,18-02-2023,Regular,Yes
103276,Ananya Menon,Male,56,Tirunelveli,Tamil Nadu,07-01-2026,Premium,Yes
103277,Pooja Iyer,Female,35,Chennai,Tamil Nadu,13-12-2022,VIP,Yes
103278,Pooja Krishnan,Female,25,Hyderabad,Telangana,24-09-2023,Premium,Yes
103279,Sneha Menon,Female,29,Tirunelveli,Tamil Nadu,24-08-2025,VIP,Yes
103280,Suresh Kumar,Female,38,Madurai,Tamil Nadu,19-03-2025,Regular,Yes
103281,Ananya Menon,Male,54,Bengaluru,Karnataka,25-05-2023,Regular,No
103282,Pooja Reddy,Female,38,Trichy,Tamil Nadu,25-03-2023,Regular,Yes
103283,Swathi Singh,Female,62,Tirunelveli,Tamil Nadu,07-01-2024,Premium,No
103284,Meena Sharma,Male,35,Bengaluru,Karnataka,29-01-2024,Regular,Yes
103285,Lakshmi Gupta,Female,29,Delhi,Delhi,12-04-2022,Regular,Yes
103286,Sneha Rao,Male,41,Pune,Maharashtra,17-02-2023,Regular,Yes
103287,Swathi Rao,Female,23,Bengaluru,Karnataka,20-09-2022,Regular,Yes
103288,Karthik Joshi,Female,50,Hyderabad,Telangana,20-09-2022,Regular,Yes
103289,Divya Patel,Female,22,Hyderabad,Telangana,24-08-2023,Premium,Yes
103290,Ananya Pillai,Male,48,Hyderabad,Telangana,03-03-2022,Regular,Yes
103291,Ravi Menon,,36,Delhi,Delhi,25-02-2025,Regular,Yes
103292,Santhosh Pillai,Female,35,Pune,Maharashtra,15-02-2025,Regular,Yes
103293,Harini Pillai,Male,47,Hyderabad,Telangana,10-01-2023,Regular,No
103294,Santhosh Joshi,Female,51,Mumbai,Maharashtra,27-01-2026,Regular,Yes
103295,Ajay Sharma,Female,62,Hyderabad,Telangana,06-10-2024,Regular,No
103296,Rahul Gupta,Female,31,Trichy,Tamil Nadu,19-06-2023,Regular,Yes
103297,Vikram Gupta,Other,56,Hyderabad,Telangana,26-11-2022,Regular,Yes
103298,Santhosh Krishnan,Male,58,Salem,Tamil Nadu,31-12-2023,Premium,Yes
103299,Swathi Reddy,Male,65,Kolkata,West Bengal,21-06-2026,Regular,No
103300,Suresh Joshi,Male,64,Trichy,Tamil Nadu,07-01-2022,Premium,Yes
103301,Dinesh Iyer,Male,55,Coimbatore,Tamil Nadu,04-02-2022,Premium,No
103302,Santhosh Nair,Male,32,Mumbai,Maharashtra,03-12-2023,Regular,No
103303,Dinesh Rao,Female,51,Coimbatore,Tamil Nadu,12-04-2026,Regular,Yes
103304,Ajay Iyer,Male,55,Mumbai,Maharashtra,24-04-2023,Regular,Yes
103305,Vikram Menon,Female,31,Bengaluru,Karnataka,24-06-2025,Regular,Yes
103306,Dinesh Sharma,Male,57,Mumbai,Maharashtra,03-09-2024,Regular,Yes
103307,Priya Krishnan,Male,51,Mumbai,Maharashtra,05-12-2022,Regular,No
103308,Suresh Gupta,Female,41,Bengaluru,Karnataka,25-03-2026,Premium,No
103309,Priya Patel,Female,59,Chennai,Tamil Nadu,05-10-2022,Premium,Yes
103310,Arun Krishnan,Male,22,Tirunelveli,Tamil Nadu,10-05-2024,Regular,Yes
103311,Harini Iyer,Female,50,Kolkata,West Bengal,31-01-2025,Premium,Yes
103312,Vikram Gupta,Female,55,Delhi,Delhi,22-02-2025,VIP,No
103313,Arun Joshi,Male,19,Tirunelveli,Tamil Nadu,23-12-2025,Regular,Yes
103314,Harini Iyer,Male,37,Hyderabad,Telangana,14-04-2025,Regular,No
103315,Rahul Krishnan,Female,42,Delhi,Delhi,22-01-2025,Premium,Yes
103316,Arun Rao,Male,27,Salem,Tamil Nadu,17-09-2022,Premium,No
103317,Priya Rao,Female,60,Coimbatore,Tamil Nadu,06-06-2023,Premium,Yes
103318,Ananya Krishnan,Female,48,Delhi,Delhi,13-08-2023,Regular,Yes
103319,Harini Nair,Male,31,Mumbai,Maharashtra,23-09-2023,Premium,No
103320,Ajay Das,Female,38,Chennai,Tamil Nadu,12-07-2022,Regular,No
103321,Lakshmi Reddy,Male,23,Bengaluru,Karnataka,11-06-2022,Regular,Yes
103322,Karthik Singh,Male,22,Bengaluru,Karnataka,20-01-2024,Regular,No
103323,Naveen Pillai,Male,53,Trichy,Tamil Nadu,13-05-2025,Premium,Yes
103324,Divya Sharma,Male,65,Coimbatore,Tamil Nadu,17-02-2026,Regular,Yes
103325,Ajay Das,Male,31,Pune,Maharashtra,18-05-2026,Regular,Yes
103326,Ananya Iyer,Male,29,Trichy,Tamil Nadu,28-03-2024,Premium,Yes
103327,Dinesh Gupta,Female,50,Bengaluru,Karnataka,07-03-2026,Regular,No
103328,Naveen Das,Male,42,Hyderabad,Telangana,15-02-2024,Premium,Yes
103329,Divya Singh,Male,24,Delhi,Delhi,15-03-2024,Regular,Yes
103330,Priya Reddy,Female,50,Tirunelveli,Tamil Nadu,22-12-2022,Regular,No
103331,Meena Nair,Male,28,Coimbatore,Tamil Nadu,03-12-2024,Regular,Yes
103332,Priya Joshi,Female,23,Salem,Tamil Nadu,12-06-2023,VIP,Yes
103333,Divya Rao,Female,40,Hyderabad,Telangana,04-04-2024,Premium,Yes
103334,Meena Nair,Male,53,Salem,Tamil Nadu,12-05-2026,Regular,No
103335,Dinesh Menon,Male,43,Chennai,Tamil Nadu,17-07-2024,Premium,Yes
103336,Harini Singh,Male,49,Hyderabad,Telangana,31-05-2023,Premium,No
103337,Divya Singh,Male,29,Kolkata,West Bengal,13-02-2025,Regular,No
103338,Keerthi Patel,Female,41,Chennai,Tamil Nadu,28-05-2025,Regular,No
103339,Meena Iyer,Female,52,Salem,Tamil Nadu,28-10-2024,Premium,No
103340,Keerthi Krishnan,Female,43,Salem,Tamil Nadu,13-03-2022,Regular,Yes
103341,Ravi Pillai,Male,29,Kolkata,West Bengal,20-01-2023,Premium,No
103342,Lakshmi Pillai,Female,63,Mumbai,Maharashtra,07-08-2022,Regular,Yes
103343,Priya Pillai,Male,21,Bengaluru,Karnataka,13-06-2026,Premium,Yes
103344,Vikram Nair,Female,61,Coimbatore,Tamil Nadu,14-06-2023,VIP,Yes
103345,Suresh Reddy,Female,52,Kolkata,West Bengal,17-03-2024,Regular,No
103346,Harini Das,Male,23,Trichy,Tamil Nadu,13-03-2026,Regular,Yes
103347,Lakshmi Joshi,Male,30,Coimbatore,Tamil Nadu,13-08-2026,Regular,No
103348,Suresh Menon,Male,35,Bengaluru,Karnataka,08-01-2023,Premium,No
103349,Ravi Nair,Female,63,Bengaluru,Karnataka,31-12-2025,Regular,Yes
103350,Naveen Krishnan,Male,42,Trichy,Tamil Nadu,20-05-2025,Regular,Yes
103351,Santhosh Menon,Female,30,Bengaluru,Karnataka,09-11-2024,Premium,Yes
103352,Ajay Pillai,Female,62,Tirunelveli,Tamil Nadu,12-10-2022,Regular,Yes
103353,Rahul Menon,Male,23,Bengaluru,Karnataka,20-03-2025,Regular,No
103354,Ananya Nair,Female,57,Madurai,Tamil Nadu,07-11-2024,Regular,Yes
103355,Swathi Reddy,Male,57,Tirunelveli,Tamil Nadu,29-01-2024,VIP,Yes
103356,Harini Nair,Male,36,Pune,Maharashtra,24-09-2024,Regular,Yes
103357,Vikram Patel,Female,20,Chennai,Tamil Nadu,25-12-2022,VIP,Yes
103358,Suresh Joshi,Male,60,Salem,Tamil Nadu,23-11-2024,Regular,Yes
103359,Rahul Rao,Female,64,Hyderabad,Telangana,18-09-2022,Premium,Yes
103360,Dinesh Nair,Other,36,Kolkata,West Bengal,02-05-2023,Regular,No
103361,Keerthi Patel,Male,26,Tirunelveli,Tamil Nadu,21-04-2024,Regular,Yes
103362,Rahul Das,Female,31,Madurai,Tamil Nadu,03-10-2022,Premium,Yes
103363,Santhosh Rao,Male,24,Chennai,Tamil Nadu,03-04-2026,Premium,Yes
103364,Suresh Sharma,Female,47,Trichy,Tamil Nadu,16-02-2026,Regular,No
103365,Santhosh Pillai,Other,42,Bengaluru,Karnataka,17-03-2024,Regular,No
103366,Santhosh Singh,Female,35,Madurai,Tamil Nadu,26-08-2024,Regular,Yes
103367,Ajay Nair,Female,49,Coimbatore,Tamil Nadu,11-05-2023,Regular,Yes
103368,Karthik Iyer,Male,47,Mumbai,Maharashtra,27-12-2022,Premium,No
103369,Ananya Rao,Female,18,Pune,Maharashtra,22-06-2026,VIP,No
103370,Rahul Krishnan,Male,37,Bengaluru,Karnataka,04-12-2023,Regular,No
103371,Meena Pillai,Female,59,Tirunelveli,Tamil Nadu,10-06-2026,Regular,No
103372,Divya Kumar,Male,56,Hyderabad,Telangana,25-04-2022,Regular,Yes
103373,Vikram Joshi,Male,59,Mumbai,Maharashtra,01-07-2022,Regular,Yes
103374,Vikram Krishnan,Male,63,Kolkata,West Bengal,19-03-2024,Regular,No
103375,Dinesh Reddy,Male,20,Madurai,Tamil Nadu,22-08-2025,Premium,Yes
103376,Ajay Iyer,Male,30,Kolkata,West Bengal,22-12-2023,Regular,Yes
103377,Ananya Patel,Male,40,Kolkata,West Bengal,28-11-2025,Regular,No
103378,Pooja Pillai,Female,42,Kolkata,West Bengal,14-08-2022,Premium,No
103379,Divya Patel,Female,55,Salem,Tamil Nadu,26-12-2025,Regular,Yes
103380,Dinesh Nair,Male,52,Delhi,Delhi,26-01-2024,Regular,No
103381,Ravi Krishnan,Female,51,Trichy,Tamil Nadu,30-04-2023,Regular,Yes
103382,Rahul Pillai,Male,25,Trichy,Tamil Nadu,23-12-2024,Regular,No
103383,Ananya Krishnan,Female,50,Tirunelveli,Tamil Nadu,16-08-2025,Regular,No
103384,Suresh Menon,Male,56,Salem,Tamil Nadu,28-04-2026,Regular,No
103385,Ajay Iyer,Female,54,Trichy,Tamil Nadu,29-05-2022,Premium,No
103386,Sneha Pillai,Male,45,Hyderabad,Telangana,10-04-2025,Regular,No
103387,Ravi Reddy,Male,22,Trichy,Tamil Nadu,19-06-2023,Regular,No
103388,Rahul Sharma,Female,25,Madurai,Tamil Nadu,04-05-2024,Premium,Yes
103389,Santhosh Joshi,Female,53,Mumbai,Maharashtra,25-02-2024,Regular,Yes
103390,Ananya Iyer,Female,59,Madurai,Tamil Nadu,02-08-2025,Regular,Yes
103391,Suresh Sharma,Male,57,Mumbai,Maharashtra,09-11-2023,Regular,Yes
103392,Ravi Das,Female,38,Kolkata,West Bengal,21-04-2023,Regular,No
103393,Lakshmi Patel,Female,46,Trichy,Tamil Nadu,08-04-2024,Regular,Yes
103394,Sneha Sharma,Male,26,Hyderabad,Telangana,10-02-2025,VIP,No
103395,Ananya Das,Male,46,Delhi,Delhi,09-12-2025,Regular,Yes
103396,Priya Menon,Male,27,Trichy,Tamil Nadu,09-01-2022,Regular,Yes
103397,Meena Gupta,Male,56,Pune,Maharashtra,24-08-2024,Regular,Yes
103398,Meena Iyer,Male,55,Tirunelveli,Tamil Nadu,04-05-2022,Regular,Yes
103399,Arun Rao,Male,20,Chennai,Tamil Nadu,19-11-2024,Premium,Yes
103400,Ravi Gupta,Female,62,Madurai,Tamil Nadu,27-11-2024,Premium,Yes
103401,Harini Iyer,Female,56,Trichy,Tamil Nadu,24-12-2025,VIP,Yes
103402,Vikram Iyer,Female,36,Tirunelveli,Tamil Nadu,24-11-2022,Regular,No
103403,Rahul Kumar,Female,39,Bengaluru,Karnataka,12-09-2025,Regular,
103404,Priya Rao,Male,21,Tirunelveli,Tamil Nadu,16-03-2025,Premium,No
103405,Sneha Iyer,Female,62,Delhi,Delhi,04-02-2025,Regular,No
103406,Rahul Menon,Female,22,Delhi,Delhi,18-12-2024,Regular,Yes
103407,Ajay Joshi,Female,62,Delhi,Delhi,23-07-2024,Regular,Yes
103408,Rahul Iyer,Male,49,Coimbatore,Tamil Nadu,19-04-2022,Regular,No
103409,Meena Krishnan,Female,62,Coimbatore,Tamil Nadu,14-10-2025,Premium,No
103410,Rahul Iyer,Female,35,Pune,Maharashtra,30-10-2023,Premium,Yes
103411,Suresh Kumar,Female,60,Chennai,Tamil Nadu,27-06-2022,Regular,No
103412,Ananya Menon,Female,38,Tirunelveli,Tamil Nadu,08-11-2024,Regular,Yes
103413,Ravi Nair,Female,34,Hyderabad,Telangana,30-05-2026,Premium,Yes
103414,Meena Joshi,Female,34,Bengaluru,Karnataka,27-04-2025,Regular,Yes
103415,Ravi Rao,Female,63,Coimbatore,Tamil Nadu,23-02-2023,Premium,No
103416,Santhosh Iyer,Female,40,Delhi,Delhi,19-10-2025,Regular,Yes
103417,Priya Nair,Female,40,Coimbatore,Tamil Nadu,10-12-2025,VIP,Yes
103418,Vikram Iyer,Male,48,Salem,Tamil Nadu,16-07-2023,Regular,Yes
103419,Rahul Pillai,Female,44,Bengaluru,Karnataka,07-06-2024,Regular,Yes
103420,Ajay Krishnan,Male,43,Mumbai,Maharashtra,23-11-2025,Premium,Yes
103421,Rahul Patel,Male,36,Kolkata,West Bengal,25-09-2022,Premium,Yes
103422,Ajay Rao,Male,25,Trichy,Tamil Nadu,26-08-2023,VIP,No
103423,Pooja Krishnan,Male,65,Coimbatore,Tamil Nadu,15-02-2024,Regular,No
103424,Suresh Menon,Male,41,Delhi,Delhi,12-01-2022,Premium,Yes
103425,Divya Sharma,Male,64,Coimbatore,Tamil Nadu,11-10-2022,Regular,Yes
103426,Santhosh Kumar,Male,40,Tirunelveli,Tamil Nadu,03-11-2024,Regular,Yes
103427,Divya Sharma,Female,46,Pune,Maharashtra,24-03-2023,Regular,No
103428,Karthik Singh,Female,44,Salem,Tamil Nadu,15-02-2023,Regular,Yes
103429,Rahul Nair,Other,64,Trichy,Tamil Nadu,19-05-2023,Premium,No
103430,Santhosh Sharma,Male,23,Mumbai,Maharashtra,31-07-2022,Premium,Yes
103431,Santhosh Singh,Male,42,Hyderabad,Telangana,18-12-2024,Regular,Yes
103432,Keerthi Nair,Female,25,Trichy,Tamil Nadu,16-03-2023,Regular,Yes
103433,Vikram Sharma,Male,59,Hyderabad,Telangana,12-01-2025,Regular,No
103434,Keerthi Pillai,Female,43,Delhi,Delhi,08-11-2025,Regular,Yes
103435,Ravi Das,Female,62,Hyderabad,Telangana,24-03-2024,Regular,Yes
103436,Ajay Singh,Female,31,Coimbatore,Tamil Nadu,03-04-2026,Premium,Yes
103437,Rahul Rao,Male,25,Mumbai,Maharashtra,30-11-2022,Regular,No
103438,Harini Patel,Male,48,Coimbatore,Tamil Nadu,23-06-2026,Regular,Yes
103439,Harini Gupta,Female,24,Tirunelveli,Tamil Nadu,02-07-2023,Premium,No
103440,Karthik Das,Male,35,Trichy,Tamil Nadu,30-05-2023,Regular,No
103441,Naveen Nair,Female,33,Tirunelveli,Tamil Nadu,24-07-2026,Regular,Yes
103442,Pooja Pillai,Female,28,Chennai,Tamil Nadu,15-02-2024,Regular,Yes
103443,Ajay Gupta,Male,24,Pune,Maharashtra,24-06-2025,Regular,Yes
103444,Dinesh Gupta,Male,49,Hyderabad,Telangana,26-09-2025,Regular,No
103445,Harini Reddy,Male,54,Tirunelveli,Tamil Nadu,01-02-2024,Premium,No
103446,Arun Iyer,Male,36,Madurai,Tamil Nadu,25-06-2023,Regular,No
103447,Karthik Krishnan,Female,31,Mumbai,Maharashtra,15-04-2024,Premium,Yes
103448,Ravi Nair,Female,25,Kolkata,West Bengal,17-10-2023,Premium,No
103449,Arun Krishnan,Female,50,Coimbatore,Tamil Nadu,09-12-2023,Premium,Yes
103450,Ananya Menon,Male,56,Pune,Maharashtra,08-02-2023,VIP,Yes
103451,Rahul Patel,Male,44,Pune,Maharashtra,05-04-2026,Premium,Yes
103452,Priya Reddy,Female,38,Chennai,Tamil Nadu,31-08-2024,Premium,Yes
103453,Santhosh Nair,Female,49,Pune,Maharashtra,16-09-2025,Regular,Yes
103454,Suresh Reddy,Female,61,Delhi,Delhi,25-01-2025,Regular,Yes
103455,Divya Krishnan,Female,65,Trichy,Tamil Nadu,24-08-2023,Premium,No
103456,Lakshmi Menon,Female,27,Salem,Tamil Nadu,26-06-2023,Premium,Yes
103457,Naveen Nair,Male,40,Trichy,Tamil Nadu,29-07-2026,Premium,No
103458,Priya Menon,Male,60,Chennai,Tamil Nadu,11-02-2022,Regular,Yes
103459,Dinesh Rao,Female,48,Salem,Tamil Nadu,17-05-2023,Premium,Yes
103460,Priya Krishnan,Male,57,Delhi,Delhi,05-06-2025,Premium,Yes
103461,Santhosh Reddy,Female,65,Delhi,Delhi,16-07-2024,Premium,No
103462,Sneha Menon,Male,22,Tirunelveli,Tamil Nadu,14-11-2024,Regular,No
103463,Vikram Menon,Male,47,Salem,Tamil Nadu,06-02-2022,Regular,Yes
103464,Naveen Reddy,Male,43,Chennai,Tamil Nadu,08-01-2023,Regular,Yes
103465,Arun Rao,Female,31,Delhi,Delhi,16-10-2024,Regular,Yes
103466,Suresh Gupta,Female,49,Madurai,Tamil Nadu,19-06-2023,Regular,Yes
103467,Ananya Reddy,Male,22,Kolkata,West Bengal,10-03-2024,Regular,No
103468,Harini Menon,Male,41,Mumbai,Maharashtra,16-06-2026,Premium,No
103469,Ajay Joshi,Male,37,Kolkata,West Bengal,20-12-2024,Regular,Yes
103470,Swathi Pillai,Male,36,Salem,Tamil Nadu,07-12-2024,Premium,Yes
103471,Swathi Singh,Female,47,Hyderabad,Telangana,30-11-2022,Regular,Yes
103472,Priya Das,Male,63,Madurai,Tamil Nadu,09-10-2024,Premium,No
103473,Swathi Joshi,Male,63,Madurai,Tamil Nadu,21-06-2026,Regular,Yes
103474,Pooja Rao,Male,51,Salem,Tamil Nadu,23-12-2024,Regular,Yes
103475,Keerthi Sharma,Female,33,Mumbai,Maharashtra,27-08-2025,Regular,No
103476,Arun Kumar,Female,64,Hyderabad,Telangana,11-06-2026,Regular,Yes
103477,Santhosh Gupta,Female,65,Kolkata,West Bengal,13-03-2026,Regular,Yes
103478,Divya Singh,Female,58,Kolkata,West Bengal,01-08-2023,Premium,Yes
103479,Meena Reddy,Female,59,Delhi,Delhi,18-05-2023,Premium,No
103480,Suresh Patel,Male,57,Trichy,Tamil Nadu,23-04-2023,Regular,No
103481,Pooja Menon,Female,54,Trichy,Tamil Nadu,02-08-2025,Premium,Yes
103482,Priya Nair,Female,52,Hyderabad,Telangana,03-10-2023,Regular,Yes
103483,Lakshmi Pillai,Male,48,Trichy,Tamil Nadu,30-10-2025,Regular,Yes
103484,Swathi Menon,Female,49,Hyderabad,Telangana,23-09-2025,Regular,No
103485,Arun Joshi,,36,Delhi,Delhi,06-02-2025,Regular,Yes
103486,Naveen Pillai,Female,60,Chennai,Tamil Nadu,25-07-2022,Regular,Yes
103487,Santhosh Reddy,Male,48,Delhi,Delhi,25-04-2025,Premium,Yes
103488,Arun Krishnan,Male,47,Tirunelveli,Tamil Nadu,18-12-2022,Regular,No
103489,Meena Kumar,Female,53,Pune,Maharashtra,28-07-2024,VIP,Yes
103490,Divya Joshi,Male,21,Madurai,Tamil Nadu,24-01-2023,Regular,Yes
103491,Ananya Reddy,Male,62,Bengaluru,Karnataka,16-04-2022,Regular,Yes
103492,Pooja Krishnan,Male,45,Coimbatore,Tamil Nadu,17-12-2024,Regular,No
103493,Vikram Gupta,Male,63,Delhi,Delhi,07-02-2024,Regular,No
103494,Keerthi Iyer,Female,22,Madurai,Tamil Nadu,26-12-2024,Regular,No
103495,Vikram Gupta,Female,29,Tirunelveli,Tamil Nadu,13-04-2024,Premium,Yes
103496,Priya Kumar,Female,63,Kolkata,West Bengal,25-09-2023,Premium,Yes
103497,Pooja Nair,Male,51,Bengaluru,Karnataka,27-01-2022,Regular,Yes
103498,Divya Nair,Male,49,Pune,Maharashtra,15-04-2023,Regular,No
103499,Sneha Singh,Male,37,Bengaluru,Karnataka,05-02-2026,Regular,No
103500,Karthik Das,Male,44,Pune,Maharashtra,06-07-2025,Regular,Yes
103501,Pooja Pillai,Female,44,Chennai,Tamil Nadu,28-02-2024,Premium,Yes
103502,Priya Patel,Male,27,Coimbatore,Tamil Nadu,23-02-2022,Regular,Yes
103503,Divya Das,Male,45,Mumbai,Maharashtra,02-08-2026,Premium,No
103504,Ravi Pillai,Female,42,Hyderabad,Telangana,09-06-2025,VIP,Yes
103505,Santhosh Menon,Female,33,Chennai,Tamil Nadu,07-02-2022,Regular,Yes
103506,Sneha Kumar,Male,34,Salem,Tamil Nadu,24-12-2022,Premium,Yes
103507,Harini Joshi,Female,54,Salem,Tamil Nadu,17-10-2022,Premium,Yes
103508,Divya Kumar,Female,50,Trichy,Tamil Nadu,15-03-2026,Regular,Yes
103509,Pooja Das,Female,40,Chennai,Tamil Nadu,11-06-2026,Premium,No
103510,Harini Das,Female,47,Delhi,Delhi,05-12-2023,Regular,No
103511,Swathi Gupta,Male,29,Tirunelveli,Tamil Nadu,30-10-2022,Premium,Yes
103512,Arun Iyer,Male,41,Kolkata,West Bengal,27-12-2024,Premium,Yes
103513,Swathi Iyer,Male,44,Bengaluru,Karnataka,09-04-2023,Premium,No
103514,Karthik Menon,Female,30,Bengaluru,Karnataka,25-07-2022,Premium,No
103515,Karthik Iyer,Female,26,Mumbai,Maharashtra,17-03-2023,Premium,Yes
103516,Arun Nair,Female,43,Tirunelveli,Tamil Nadu,08-03-2023,Regular,No
103517,Ajay Menon,Female,63,Hyderabad,Telangana,02-04-2022,VIP,No
103518,Santhosh Krishnan,Male,40,Salem,Tamil Nadu,06-04-2025,Premium,No
103519,Swathi Iyer,Male,61,Madurai,Tamil Nadu,22-08-2023,Premium,Yes
103520,Vikram Patel,Male,58,Tirunelveli,Tamil Nadu,24-07-2024,Premium,Yes
103521,Priya Joshi,Male,53,Trichy,Tamil Nadu,24-07-2024,Regular,Yes
103522,Karthik Nair,Female,60,Mumbai,Maharashtra,02-08-2025,Regular,No
103523,Ananya Kumar,Female,37,Trichy,Tamil Nadu,19-07-2025,Premium,No
103524,Santhosh Reddy,Male,54,Hyderabad,Telangana,15-08-2024,Premium,No
103525,Rahul Patel,Female,24,Mumbai,Maharashtra,25-11-2025,Premium,Yes
103526,Rahul Joshi,Male,33,Hyderabad,Telangana,25-08-2024,Regular,Yes
103527,Sneha Patel,Female,45,Bengaluru,Karnataka,14-02-2022,Regular,No
103528,Divya Kumar,Male,19,Bengaluru,Karnataka,30-12-2025,Regular,No
103529,Arun Rao,Female,54,Hyderabad,Telangana,01-08-2025,Regular,No
103530,Karthik Sharma,Male,62,Bengaluru,Karnataka,23-12-2023,Premium,Yes
103531,Divya Reddy,Male,23,Delhi,Delhi,19-10-2023,Regular,No
103532,Suresh Joshi,Female,65,Chennai,Tamil Nadu,02-03-2026,Regular,No
103533,Vikram Krishnan,Male,22,Chennai,Tamil Nadu,25-12-2023,Regular,No
103534,Swathi Kumar,Male,24,Tirunelveli,Tamil Nadu,25-09-2023,VIP,Yes
103535,Ravi Nair,Male,54,Bengaluru,Karnataka,30-05-2025,Regular,No
103536,Ravi Iyer,Female,50,Chennai,Tamil Nadu,13-07-2023,Regular,Yes
103537,Meena Sharma,Male,62,Chennai,Tamil Nadu,18-11-2023,Regular,Yes
103538,Santhosh Das,Female,38,Bengaluru,Karnataka,18-08-2025,Regular,Yes
103539,Arun Rao,Female,45,Kolkata,West Bengal,15-01-2023,Regular,Yes
103540,Santhosh Menon,Female,25,Trichy,Tamil Nadu,20-01-2022,Premium,No
103541,Divya Pillai,Male,51,Madurai,Tamil Nadu,27-07-2023,Regular,No
103542,Sneha Reddy,Female,65,Kolkata,West Bengal,20-10-2022,Regular,Yes
103543,Sneha Pillai,Male,46,Bengaluru,Karnataka,08-09-2023,Regular,No
103544,Naveen Rao,Female,62,Trichy,Tamil Nadu,03-05-2022,Regular,Yes
103545,Pooja Reddy,Male,36,Chennai,Tamil Nadu,28-09-2024,Regular,Yes
103546,Priya Gupta,Female,65,Coimbatore,Tamil Nadu,20-05-2024,Premium,No
103547,Lakshmi Kumar,Female,43,Delhi,Delhi,08-04-2023,Regular,Yes
103548,Priya Rao,Male,24,Salem,Tamil Nadu,03-12-2024,Regular,No
103549,Arun Menon,Male,35,Mumbai,Maharashtra,03-09-2022,Premium,No
103550,Santhosh Reddy,Male,41,Coimbatore,Tamil Nadu,18-01-2022,Premium,Yes
103551,Divya Pillai,Female,21,Pune,Maharashtra,21-03-2024,Regular,Yes
103552,Ananya Reddy,Male,60,Kolkata,West Bengal,02-10-2022,Regular,Yes
103553,Priya Gupta,Female,29,Tirunelveli,Tamil Nadu,26-12-2025,VIP,No
103554,Santhosh Sharma,Female,50,Madurai,Tamil Nadu,30-05-2023,Regular,Yes
103555,Dinesh Iyer,Female,62,Delhi,Delhi,30-12-2023,VIP,No
103556,Rahul Singh,Male,38,Pune,Maharashtra,16-05-2023,Premium,Yes
103557,Suresh Gupta,Male,47,Madurai,Tamil Nadu,08-01-2024,Regular,Yes
103558,Pooja Iyer,Male,42,Delhi,Delhi,15-06-2022,Regular,Yes
103559,Keerthi Pillai,Female,54,Hyderabad,Telangana,07-05-2026,VIP,Yes
103560,Pooja Reddy,Male,19,Pune,Maharashtra,21-10-2022,Regular,Yes
103561,Rahul Nair,Male,35,Chennai,Tamil Nadu,04-11-2023,Regular,Yes
103562,Meena Patel,Male,47,Hyderabad,Telangana,10-12-2025,Regular,No
103563,Rahul Sharma,Female,22,Pune,Maharashtra,27-12-2023,Regular,No
103564,Ravi Joshi,Female,59,Trichy,Tamil Nadu,05-04-2025,Premium,Yes
103565,Keerthi Nair,Male,48,Trichy,Tamil Nadu,27-04-2022,Premium,Yes
103566,Santhosh Krishnan,Male,18,Mumbai,Maharashtra,19-05-2023,Regular,Yes
103567,Naveen Das,Male,18,Pune,Maharashtra,15-07-2025,Regular,No
103568,Swathi Rao,Male,25,Bengaluru,Karnataka,24-03-2023,Premium,No
103569,Ajay Das,Other,49,Trichy,Tamil Nadu,05-12-2023,Regular,No
103570,Swathi Pillai,Male,42,Hyderabad,Telangana,17-05-2022,Premium,Yes
103571,Divya Krishnan,Female,41,Trichy,Tamil Nadu,07-05-2024,Regular,No
103572,Arun Rao,Female,44,Salem,Tamil Nadu,17-08-2023,Regular,No
103573,Harini Krishnan,Female,41,Madurai,Tamil Nadu,02-01-2026,VIP,Yes
103574,Divya Das,Male,34,Mumbai,Maharashtra,08-11-2023,Regular,Yes
103575,Ananya Nair,Female,18,Tirunelveli,Tamil Nadu,07-11-2025,Regular,Yes
103576,Karthik Das,Male,19,Madurai,Tamil Nadu,18-03-2026,Regular,No
103577,Sneha Nair,Male,51,Coimbatore,Tamil Nadu,27-11-2025,Regular,Yes
103578,Santhosh Menon,Female,53,Salem,Tamil Nadu,17-06-2025,Regular,Yes
103579,Suresh Joshi,Male,29,Salem,Tamil Nadu,19-09-2024,Regular,Yes
103580,Arun Joshi,Male,29,Chennai,Tamil Nadu,25-03-2024,Premium,Yes
103581,Ananya Gupta,Male,37,Salem,Tamil Nadu,19-05-2022,Regular,No
103582,Santhosh Das,Male,48,Trichy,Tamil Nadu,18-08-2022,Regular,Yes
103583,Ajay Menon,Female,46,Hyderabad,Telangana,09-10-2023,Premium,Yes
103584,Karthik Iyer,Female,44,Mumbai,Maharashtra,20-01-2025,Premium,Yes
103585,Vikram Nair,Female,19,Trichy,Tamil Nadu,09-01-2022,Regular,No
103586,Naveen Reddy,Male,38,Hyderabad,Telangana,11-05-2026,VIP,Yes
103587,Keerthi Kumar,Male,54,Pune,Maharashtra,15-08-2026,Regular,Yes
103588,Arun Joshi,Male,46,Madurai,Tamil Nadu,13-05-2022,Regular,Yes
103589,Harini Pillai,Female,56,Coimbatore,Tamil Nadu,13-06-2022,Regular,Yes
103590,Vikram Rao,Female,51,Salem,Tamil Nadu,13-12-2025,Regular,No
103591,Pooja Reddy,Female,61,Bengaluru,Karnataka,06-12-2022,Regular,No
103592,Naveen Krishnan,Female,45,Mumbai,Maharashtra,03-11-2022,Regular,Yes
103593,Suresh Nair,Female,45,Tirunelveli,Tamil Nadu,15-11-2022,Regular,Yes
103594,Vikram Gupta,Male,44,Kolkata,West Bengal,07-04-2025,Premium,Yes
103595,Lakshmi Joshi,Female,30,Hyderabad,Telangana,14-08-2022,Premium,Yes
103596,Swathi Patel,Female,38,Mumbai,Maharashtra,09-11-2022,Premium,Yes
103597,Swathi Reddy,Female,26,Delhi,Delhi,08-11-2023,Premium,Yes
103598,Harini Reddy,Male,38,Kolkata,West Bengal,17-10-2024,Premium,Yes
103599,Suresh Sharma,Female,25,Mumbai,Maharashtra,11-08-2026,Regular,No
103600,Priya Singh,Male,41,Coimbatore,Tamil Nadu,08-02-2023,Regular,No
103601,Keerthi Kumar,Female,63,Pune,Maharashtra,10-03-2023,Regular,Yes
103602,Dinesh Sharma,Female,39,Coimbatore,Tamil Nadu,09-07-2024,Regular,No
103603,Lakshmi Reddy,Female,53,Bengaluru,Karnataka,12-12-2023,Regular,No
103604,Ananya Iyer,Male,39,Coimbatore,Tamil Nadu,17-10-2024,Regular,Yes
103605,Dinesh Menon,Male,61,Tirunelveli,Tamil Nadu,23-02-2023,Regular,No
103606,Priya Sharma,Female,28,Bengaluru,Karnataka,17-11-2024,Regular,No
103607,Ajay Pillai,Female,58,Mumbai,Maharashtra,23-04-2026,Premium,Yes
103608,Rahul Reddy,Female,52,Madurai,Tamil Nadu,06-03-2025,Regular,No
103609,Ravi Sharma,Male,60,Coimbatore,Tamil Nadu,03-06-2025,Regular,Yes
103610,Vikram Kumar,Female,24,Madurai,Tamil Nadu,28-04-2022,Regular,Yes
103611,Meena Menon,Female,60,Kolkata,West Bengal,14-03-2026,Regular,Yes
103612,Suresh Reddy,Male,61,Madurai,Tamil Nadu,10-04-2025,Premium,No
103613,Suresh Rao,Male,32,Coimbatore,Tamil Nadu,02-12-2024,Regular,No
103614,Sneha Sharma,Female,47,Chennai,Tamil Nadu,20-09-2022,Regular,Yes
103615,Sneha Joshi,Male,46,Trichy,Tamil Nadu,30-07-2024,VIP,Yes
103616,Naveen Sharma,Female,20,Pune,Maharashtra,24-02-2025,Regular,Yes
103617,Vikram Singh,Female,43,Chennai,Tamil Nadu,26-11-2024,Regular,No
103618,Sneha Gupta,Male,49,Delhi,Delhi,30-07-2022,Regular,Yes
103619,Santhosh Reddy,Male,27,Pune,Maharashtra,11-03-2022,Regular,No
103620,Arun Reddy,Other,35,Bengaluru,Karnataka,26-03-2024,Regular,Yes
103621,Keerthi Gupta,Female,46,Tirunelveli,Tamil Nadu,04-05-2025,Regular,Yes
103622,Vikram Reddy,Female,62,Hyderabad,Telangana,20-10-2023,Regular,Yes
103623,Karthik Kumar,Female,20,Mumbai,Maharashtra,14-03-2025,Regular,Yes
103624,Arun Singh,Female,62,Pune,Maharashtra,03-07-2026,Regular,Yes
103625,Ajay Kumar,Female,57,Trichy,Tamil Nadu,21-02-2026,Regular,No
103626,Karthik Pillai,Female,58,Madurai,Tamil Nadu,08-12-2024,Regular,Yes
103627,Lakshmi Das,Female,20,Trichy,Tamil Nadu,22-05-2025,Regular,Yes
103628,Ravi Das,Male,45,Hyderabad,Telangana,30-05-2022,Regular,No
103629,Ananya Iyer,Male,35,Salem,Tamil Nadu,25-05-2022,Regular,Yes
103630,Ananya Krishnan,Female,62,Trichy,Tamil Nadu,06-04-2025,Regular,No
103631,Pooja Krishnan,Male,53,Pune,Maharashtra,23-09-2025,Premium,No
103632,Ajay Kumar,Female,49,Kolkata,West Bengal,27-11-2022,Premium,No
103633,Ajay Pillai,Female,19,Chennai,Tamil Nadu,04-10-2024,Regular,Yes
103634,Ajay Das,Male,60,Trichy,Tamil Nadu,02-05-2023,Premium,Yes
103635,Karthik Gupta,,41,Tirunelveli,Tamil Nadu,04-07-2022,Regular,Yes
103636,Meena Reddy,Female,25,Pune,Maharashtra,06-10-2023,Regular,
103637,Meena Sharma,Male,59,Kolkata,West Bengal,01-02-2024,Regular,Yes
103638,Santhosh Krishnan,Female,61,Pune,Maharashtra,12-08-2025,Regular,Yes
103639,Vikram Gupta,Female,41,Chennai,Tamil Nadu,09-01-2026,Premium,Yes
103640,Priya Singh,Male,49,Coimbatore,Tamil Nadu,24-05-2026,Regular,No
103641,Pooja Kumar,Female,47,Madurai,Tamil Nadu,27-06-2022,Regular,No
103642,Naveen Gupta,Female,32,Tirunelveli,Tamil Nadu,21-04-2026,Premium,Yes
103643,Keerthi Iyer,Male,53,Tirunelveli,Tamil Nadu,30-05-2024,Regular,No
103644,Naveen Patel,Male,65,Pune,Maharashtra,18-10-2022,Regular,No
103645,Naveen Das,Male,62,Tirunelveli,Tamil Nadu,05-01-2025,Regular,Yes
103646,Priya Sharma,Female,50,Kolkata,West Bengal,13-04-2022,VIP,No
103647,Arun Sharma,Male,35,Coimbatore,Tamil Nadu,24-02-2024,Regular,No
103648,Divya Kumar,Male,61,Coimbatore,Tamil Nadu,09-11-2025,Premium,No
103649,Santhosh Pillai,Male,62,Tirunelveli,Tamil Nadu,10-07-2026,Regular,No
103650,Sneha Patel,Male,18,Madurai,Tamil Nadu,05-05-2023,VIP,Yes
103651,Naveen Krishnan,Male,34,Bengaluru,Karnataka,24-10-2022,VIP,Yes
103652,Keerthi Joshi,Female,44,Chennai,Tamil Nadu,17-09-2024,Premium,No
103653,Ajay Krishnan,Male,45,Delhi,Delhi,25-09-2022,Regular,Yes
103654,Ravi Rao,Female,52,Kolkata,West Bengal,22-07-2026,Regular,Yes
103655,Divya Rao,Male,42,Madurai,Tamil Nadu,12-07-2023,Premium,No
103656,Santhosh Singh,Male,18,Pune,Maharashtra,13-11-2022,Regular,No
103657,Rahul Das,Male,25,Kolkata,West Bengal,09-02-2023,Premium,No
103658,Swathi Joshi,Female,54,Tirunelveli,Tamil Nadu,30-09-2023,Premium,Yes
103659,Ravi Gupta,Female,51,Delhi,Delhi,14-06-2025,Regular,Yes
103660,Divya Singh,Male,49,Pune,Maharashtra,14-01-2026,Regular,Yes
103661,Suresh Patel,,39,Kolkata,West Bengal,05-06-2025,Regular,No
103662,Naveen Pillai,Male,31,Pune,Maharashtra,09-01-2025,Premium,Yes
103663,Vikram Sharma,Female,32,Tirunelveli,Tamil Nadu,05-04-2023,Regular,No
103664,Dinesh Gupta,Female,51,Tirunelveli,Tamil Nadu,13-05-2026,Regular,Yes
103665,Santhosh Reddy,Male,42,Kolkata,West Bengal,27-08-2026,Premium,Yes
103666,Naveen Menon,Male,24,Pune,Maharashtra,09-12-2024,Regular,No
103667,Swathi Gupta,Male,37,Coimbatore,Tamil Nadu,24-08-2025,Regular,Yes
103668,Lakshmi Nair,Female,57,Hyderabad,Telangana,01-06-2023,Regular,Yes
103669,Priya Iyer,Male,46,Pune,Maharashtra,31-01-2024,Regular,Yes
103670,Harini Gupta,,59,Hyderabad,Telangana,30-09-2025,Regular,Yes
103671,Arun Singh,Male,42,Bengaluru,Karnataka,23-12-2023,Premium,No
103672,Karthik Patel,Female,41,Bengaluru,Karnataka,14-07-2025,Premium,Yes
103673,Ajay Rao,Male,63,Coimbatore,Tamil Nadu,01-01-2026,Premium,No
103674,Meena Nair,Female,42,Chennai,Tamil Nadu,07-05-2026,VIP,Yes
103675,Ajay Krishnan,Male,24,Coimbatore,Tamil Nadu,11-05-2023,Regular,Yes
103676,Arun Sharma,,37,Pune,Maharashtra,20-03-2024,Regular,No
103677,Vikram Nair,Male,49,Delhi,Delhi,18-10-2023,Regular,No
103678,Lakshmi Pillai,Female,34,Trichy,Tamil Nadu,04-05-2024,Premium,No
103679,Ajay Kumar,Male,37,Kolkata,West Bengal,16-06-2025,Regular,No
103680,Rahul Nair,Female,59,Madurai,Tamil Nadu,05-07-2023,VIP,Yes
103681,Keerthi Krishnan,Female,38,Madurai,Tamil Nadu,01-02-2023,Regular,Yes
103682,Rahul Pillai,Male,32,Chennai,Tamil Nadu,02-04-2023,Premium,Yes
103683,Meena Das,Male,23,Hyderabad,Telangana,26-07-2025,Regular,No
103684,Arun Gupta,Male,37,Kolkata,West Bengal,22-08-2026,Premium,Yes
103685,Ravi Reddy,,54,Tirunelveli,Tamil Nadu,25-06-2022,Regular,Yes
103686,Vikram Patel,Male,32,Bengaluru,Karnataka,20-07-2026,Regular,Yes
103687,Arun Joshi,Female,40,Bengaluru,Karnataka,24-02-2022,Premium,Yes
103688,Dinesh Pillai,Male,49,Tirunelveli,Tamil Nadu,19-06-2024,Regular,No
103689,Ananya Rao,Male,62,Tirunelveli,Tamil Nadu,16-08-2022,Premium,Yes
103690,Meena Nair,Female,57,Hyderabad,Telangana,12-06-2026,Premium,No
103691,Keerthi Nair,Male,31,Delhi,Delhi,19-07-2025,Premium,Yes
103692,Swathi Kumar,Female,25,Coimbatore,Tamil Nadu,29-08-2023,Regular,No
103693,Sneha Pillai,Female,50,Hyderabad,Telangana,12-03-2025,Regular,Yes
103694,Harini Gupta,Male,30,Mumbai,Maharashtra,15-12-2025,Regular,Yes
103695,Ananya Nair,Female,36,Delhi,Delhi,05-01-2023,Regular,Yes
103696,Arun Reddy,Female,22,Coimbatore,Tamil Nadu,15-12-2024,Regular,Yes
103697,Naveen Patel,Female,55,Mumbai,Maharashtra,25-05-2023,VIP,No
103698,Meena Sharma,Female,25,Delhi,Delhi,04-05-2025,VIP,No
103699,Meena Menon,Female,36,Mumbai,Maharashtra,22-08-2024,Regular,Yes
103700,Keerthi Rao,Female,37,Trichy,Tamil Nadu,05-05-2025,Premium,Yes
103701,Santhosh Reddy,Female,20,Bengaluru,Karnataka,18-12-2024,Regular,Yes
103702,Divya Das,Female,55,Hyderabad,Telangana,16-12-2024,Regular,Yes
103703,Meena Joshi,,47,Hyderabad,Telangana,24-05-2022,Regular,Yes
103704,Priya Sharma,Female,43,Salem,Tamil Nadu,19-12-2025,Premium,Yes
103705,Vikram Nair,Male,26,Tirunelveli,Tamil Nadu,19-10-2022,Premium,Yes
103706,Harini Nair,Female,20,Kolkata,West Bengal,29-10-2023,Regular,No
103707,Suresh Iyer,Male,20,Bengaluru,Karnataka,18-05-2024,Regular,Yes
103708,Suresh Rao,Male,48,Trichy,Tamil Nadu,14-12-2025,Regular,No
103709,Keerthi Das,Male,53,Pune,Maharashtra,05-12-2024,Regular,No
103710,Suresh Iyer,Male,56,Salem,Tamil Nadu,08-11-2022,Regular,Yes
103711,Sneha Iyer,Female,56,Delhi,Delhi,02-05-2023,Premium,Yes
103712,Ajay Gupta,Male,36,Tirunelveli,Tamil Nadu,06-12-2022,VIP,Yes
103713,Harini Patel,Female,18,Trichy,Tamil Nadu,01-10-2024,Regular,No
103714,Priya Das,Female,29,Hyderabad,Telangana,04-05-2025,Premium,Yes
103715,Arun Das,Male,55,Madurai,Tamil Nadu,20-04-2025,Premium,Yes
103716,Ananya Gupta,Male,54,Mumbai,Maharashtra,29-06-2025,Regular,Yes
103717,Ajay Menon,Female,42,Delhi,Delhi,08-04-2025,Premium,No
103718,Suresh Gupta,Female,19,Mumbai,Maharashtra,14-03-2026,Regular,No
103719,Ravi Das,Male,55,Madurai,Tamil Nadu,22-03-2026,Regular,Yes
103720,Ananya Nair,Male,57,Mumbai,Maharashtra,12-04-2023,Regular,No
103721,Dinesh Singh,Male,28,Coimbatore,Tamil Nadu,02-06-2023,Premium,Yes
103722,Arun Singh,Male,56,Kolkata,West Bengal,06-04-2022,Regular,Yes
103723,Ananya Singh,Male,48,Trichy,Tamil Nadu,31-03-2023,Regular,Yes
103724,Priya Sharma,Female,60,Tirunelveli,Tamil Nadu,12-05-2024,Regular,No
103725,Vikram Singh,Male,48,Chennai,Tamil Nadu,24-01-2025,Regular,No
103726,Arun Singh,Male,22,Tirunelveli,Tamil Nadu,28-01-2026,Regular,Yes
103727,Vikram Kumar,Female,49,Bengaluru,Karnataka,06-10-2024,Regular,Yes
103728,Divya Reddy,Female,23,Kolkata,West Bengal,10-07-2026,Premium,Yes
103729,Rahul Menon,Male,30,Delhi,Delhi,29-07-2024,Regular,Yes
103730,Priya Das,Female,59,Coimbatore,Tamil Nadu,29-12-2025,Regular,Yes
103731,Pooja Gupta,Female,64,Madurai,Tamil Nadu,05-10-2025,Premium,Yes
103732,Ravi Rao,Male,40,Salem,Tamil Nadu,12-04-2024,Premium,Yes
103733,Swathi Gupta,Male,31,Delhi,Delhi,23-01-2026,Regular,Yes
103734,Karthik Gupta,Female,36,Tirunelveli,Tamil Nadu,07-01-2026,Regular,Yes
103735,Meena Sharma,Female,29,Mumbai,Maharashtra,16-06-2023,Regular,Yes
103736,Ajay Joshi,Other,45,Hyderabad,Telangana,30-12-2022,Regular,Yes
103737,Rahul Kumar,Male,38,Delhi,Delhi,26-07-2022,Premium,Yes
103738,Santhosh Das,Female,20,Kolkata,West Bengal,15-04-2026,Regular,No
103739,Karthik Gupta,Male,47,Madurai,Tamil Nadu,22-01-2024,Regular,Yes
103740,Ananya Patel,Female,48,Trichy,Tamil Nadu,21-08-2024,Regular,Yes
103741,Divya Das,Female,50,Hyderabad,Telangana,10-04-2023,Regular,Yes
103742,Rahul Singh,Male,63,Mumbai,Maharashtra,24-10-2023,Regular,Yes
103743,Vikram Kumar,Male,51,Tirunelveli,Tamil Nadu,16-11-2023,Premium,No
103744,Swathi Kumar,Female,50,Pune,Maharashtra,15-09-2024,Regular,Yes
103745,Lakshmi Sharma,Female,28,Hyderabad,Telangana,25-10-2022,Regular,Yes
103746,Ananya Sharma,Male,40,Tirunelveli,Tamil Nadu,25-08-2025,Premium,Yes
103747,Ananya Das,Female,38,Pune,Maharashtra,27-10-2023,Regular,Yes
103748,Priya Rao,Male,64,Tirunelveli,Tamil Nadu,13-02-2023,Regular,No
103749,Swathi Nair,Male,40,Tirunelveli,Tamil Nadu,25-01-2022,Regular,No
103750,Rahul Krishnan,Male,51,Salem,Tamil Nadu,23-06-2022,Regular,Yes
103751,Sneha Kumar,Female,43,Kolkata,West Bengal,03-04-2023,Regular,Yes
103752,Suresh Reddy,Male,20,Trichy,Tamil Nadu,31-05-2025,Regular,Yes
103753,Arun Menon,Female,62,Tirunelveli,Tamil Nadu,24-12-2025,Premium,Yes
103754,Keerthi Pillai,Male,50,Mumbai,Maharashtra,08-06-2026,Premium,Yes
103755,Meena Nair,Female,29,Chennai,Tamil Nadu,22-05-2023,Regular,Yes
103756,Dinesh Sharma,Female,20,Mumbai,Maharashtra,18-12-2024,Regular,Yes
103757,Ananya Gupta,Male,62,Coimbatore,Tamil Nadu,01-04-2023,Premium,Yes
103758,Divya Pillai,Male,32,Kolkata,West Bengal,31-08-2022,Regular,Yes
103759,Divya Singh,Male,18,Chennai,Tamil Nadu,11-07-2024,Regular,Yes
103760,Harini Reddy,Male,47,Kolkata,West Bengal,29-12-2024,Premium,No
103761,Lakshmi Kumar,Female,18,Hyderabad,Telangana,17-07-2025,Regular,Yes
103762,Divya Das,Female,28,Kolkata,West Bengal,18-07-2022,VIP,No
103763,Keerthi Pillai,Male,60,Kolkata,West Bengal,23-06-2025,Regular,Yes
103764,Lakshmi Krishnan,Female,19,Coimbatore,Tamil Nadu,31-05-2023,Premium,Yes
103765,Pooja Patel,Male,54,Delhi,Delhi,19-04-2023,Regular,No
103766,Dinesh Krishnan,Male,47,Delhi,Delhi,23-02-2022,Regular,Yes
103767,Arun Gupta,Male,32,Madurai,Tamil Nadu,14-12-2022,Regular,No
103768,Ananya Nair,Male,31,Madurai,Tamil Nadu,08-04-2024,VIP,No
103769,Meena Gupta,Female,40,Trichy,Tamil Nadu,18-11-2022,Regular,Yes
103770,Divya Singh,Male,43,Delhi,Delhi,01-07-2023,Regular,Yes
103771,Arun Patel,Female,60,Pune,Maharashtra,20-06-2024,VIP,Yes
103772,Priya Das,Male,30,Mumbai,Maharashtra,15-06-2022,Regular,No
103773,Harini Nair,Female,46,Kolkata,West Bengal,27-01-2026,Regular,Yes
103774,Santhosh Joshi,Male,50,Bengaluru,Karnataka,10-06-2023,Regular,No
103775,Priya Rao,Male,18,Pune,Maharashtra,14-07-2025,Premium,Yes
103776,Ravi Singh,Male,60,Hyderabad,Telangana,05-01-2025,Regular,Yes
103777,Dinesh Singh,Male,65,Kolkata,West Bengal,01-07-2025,Regular,Yes
103778,Priya Rao,Male,22,Salem,Tamil Nadu,07-05-2023,VIP,No
103779,Karthik Patel,Male,30,Tirunelveli,Tamil Nadu,20-10-2022,Regular,No
103780,Ravi Menon,Female,55,Pune,Maharashtra,01-09-2022,Regular,Yes
103781,Divya Singh,Male,56,Chennai,Tamil Nadu,26-01-2023,Regular,Yes
103782,Priya Singh,Female,25,Hyderabad,Telangana,15-07-2024,Regular,Yes
103783,Keerthi Das,Female,62,Bengaluru,Karnataka,27-11-2024,Regular,Yes
103784,Divya Kumar,Female,33,Trichy,Tamil Nadu,04-07-2025,Regular,No
103785,Keerthi Krishnan,Female,32,Tirunelveli,Tamil Nadu,27-06-2026,Regular,Yes
103786,Priya Rao,Male,35,Kolkata,West Bengal,12-11-2025,Premium,No
103787,Priya Nair,Female,50,Hyderabad,Telangana,30-08-2023,Regular,Yes
103788,Ajay Menon,Female,27,Chennai,Tamil Nadu,13-03-2024,Regular,No
103789,Naveen Menon,Female,44,Tirunelveli,Tamil Nadu,12-06-2026,Regular,No
103790,Karthik Gupta,Male,21,Mumbai,Maharashtra,23-04-2025,Premium,No
103791,Vikram Singh,Female,25,Bengaluru,Karnataka,10-12-2023,Premium,No
103792,Swathi Patel,Male,54,Hyderabad,Telangana,17-11-2025,Premium,Yes
103793,Priya Menon,Female,36,Mumbai,Maharashtra,20-08-2022,VIP,No
103794,Pooja Das,Male,56,Coimbatore,Tamil Nadu,17-02-2025,Premium,Yes
103795,Rahul Das,Male,53,Salem,Tamil Nadu,01-06-2026,VIP,Yes
103796,Sneha Rao,Female,65,Mumbai,Maharashtra,15-06-2024,Regular,Yes
103797,Ravi Menon,Female,24,Madurai,Tamil Nadu,08-11-2024,Regular,No
103798,Lakshmi Iyer,Male,62,Chennai,Tamil Nadu,12-04-2022,Regular,No
103799,Rahul Rao,Female,60,Chennai,Tamil Nadu,25-10-2024,Regular,Yes
103800,Lakshmi Iyer,Female,38,Chennai,Tamil Nadu,09-05-2023,Regular,No
103801,Meena Singh,Female,24,Tirunelveli,Tamil Nadu,18-08-2026,Regular,No
103802,Vikram Krishnan,Female,24,Kolkata,West Bengal,28-06-2023,Regular,No
103803,Divya Nair,Male,42,Trichy,Tamil Nadu,18-06-2023,Premium,Yes
103804,Dinesh Singh,Male,18,Chennai,Tamil Nadu,03-11-2023,Regular,Yes
103805,Arun Pillai,Female,22,Chennai,Tamil Nadu,30-03-2025,Regular,Yes
103806,Divya Menon,Male,43,Salem,Tamil Nadu,05-06-2026,Premium,No
103807,Swathi Rao,Female,45,Bengaluru,Karnataka,12-08-2023,Regular,Yes
103808,Priya Joshi,Female,59,Bengaluru,Karnataka,22-12-2022,Regular,No
103809,Pooja Singh,Female,64,Kolkata,West Bengal,23-07-2025,Regular,No
103810,Harini Gupta,Male,30,Coimbatore,Tamil Nadu,09-07-2024,Regular,Yes
103811,Swathi Iyer,Female,33,Hyderabad,Telangana,13-02-2024,Premium,No
103812,Ajay Patel,Female,27,Pune,Maharashtra,13-08-2026,Regular,Yes
103813,Priya Patel,Male,28,Madurai,Tamil Nadu,22-04-2024,VIP,No
103814,Rahul Sharma,Male,39,Pune,Maharashtra,17-11-2024,Regular,Yes
103815,Naveen Rao,Male,65,Delhi,Delhi,27-07-2026,Premium,No
103816,Ananya Iyer,Male,60,Chennai,Tamil Nadu,22-12-2022,Regular,No
103817,Swathi Das,Female,61,Pune,Maharashtra,15-03-2026,Regular,No
103818,Keerthi Iyer,Female,39,Trichy,Tamil Nadu,21-06-2026,Regular,Yes
103819,Rahul Sharma,Male,49,Coimbatore,Tamil Nadu,11-03-2024,Regular,Yes
103820,Arun Joshi,Female,52,Salem,Tamil Nadu,26-07-2023,VIP,No
103821,Ananya Krishnan,Male,29,Bengaluru,Karnataka,04-10-2022,Premium,No
103822,Lakshmi Joshi,Male,40,Chennai,Tamil Nadu,23-03-2022,Regular,No
103823,Vikram Nair,Male,44,Kolkata,West Bengal,31-07-2026,Premium,No
103824,Meena Kumar,Female,35,Hyderabad,Telangana,04-01-2024,Regular,No
103825,Swathi Das,Female,40,Coimbatore,Tamil Nadu,09-02-2025,Premium,Yes
103826,Ananya Rao,Female,39,Salem,Tamil Nadu,14-02-2023,Regular,No
103827,Naveen Kumar,Female,20,Delhi,Delhi,05-07-2023,Regular,Yes
103828,Ajay Pillai,Male,54,Kolkata,West Bengal,24-10-2025,Regular,No
103829,Naveen Das,Female,61,Madurai,Tamil Nadu,20-01-2025,Regular,Yes
103830,Priya Menon,Male,54,Bengaluru,Karnataka,09-01-2023,VIP,No
103831,Swathi Nair,Male,62,Salem,Tamil Nadu,10-01-2022,Regular,Yes
103832,Keerthi Das,Female,38,Hyderabad,Telangana,25-10-2025,Regular,Yes
103833,Rahul Reddy,Male,20,Trichy,Tamil Nadu,17-05-2022,Premium,Yes
103834,Swathi Joshi,Male,30,Coimbatore,Tamil Nadu,03-03-2022,Regular,No
103835,Divya Singh,Male,58,Bengaluru,Karnataka,26-05-2023,Regular,No
103836,Santhosh Iyer,Male,24,Madurai,Tamil Nadu,29-04-2026,Premium,No
103837,Divya Kumar,Female,44,Hyderabad,Telangana,31-12-2024,Regular,Yes
103838,Karthik Das,Male,18,Coimbatore,Tamil Nadu,13-03-2022,Premium,Yes
103839,Vikram Joshi,Female,33,Tirunelveli,Tamil Nadu,09-04-2026,Regular,No
103840,Harini Pillai,Other,23,Tirunelveli,Tamil Nadu,15-05-2026,Regular,No
103841,Naveen Krishnan,Female,23,Salem,Tamil Nadu,30-03-2025,Regular,No
103842,Ravi Joshi,Male,25,Pune,Maharashtra,06-05-2022,Regular,Yes
103843,Priya Menon,Female,43,Kolkata,West Bengal,25-01-2022,Regular,No
103844,Rahul Patel,Male,51,Mumbai,Maharashtra,23-01-2026,Regular,Yes
103845,Divya Das,Male,31,Tirunelveli,Tamil Nadu,30-10-2025,Premium,No
103846,Swathi Sharma,Female,57,Pune,Maharashtra,14-11-2025,Regular,Yes
103847,Ajay Reddy,Male,36,Trichy,Tamil Nadu,07-04-2024,Premium,Yes
103848,Priya Singh,Female,53,Delhi,Delhi,07-10-2024,Regular,Yes
103849,Keerthi Iyer,Male,43,Madurai,Tamil Nadu,22-10-2022,Premium,No
103850,Ananya Joshi,Female,52,Hyderabad,Telangana,03-03-2022,Regular,No
103851,Vikram Joshi,Female,64,Madurai,Tamil Nadu,11-01-2023,Premium,No
103852,Dinesh Singh,Female,65,Chennai,Tamil Nadu,21-11-2024,Regular,Yes
103853,Keerthi Krishnan,Male,46,Bengaluru,Karnataka,15-11-2023,Regular,No
103854,Meena Singh,Male,64,Delhi,Delhi,16-11-2024,Regular,Yes
103855,Vikram Sharma,Female,51,Pune,Maharashtra,20-01-2024,Premium,Yes
103856,Arun Patel,Female,30,Madurai,Tamil Nadu,05-08-2024,Premium,No
103857,Swathi Reddy,Male,62,Delhi,Delhi,06-06-2026,Premium,Yes
103858,Sneha Patel,Male,24,Chennai,Tamil Nadu,09-12-2024,Regular,Yes
103859,Keerthi Reddy,Female,40,Mumbai,Maharashtra,10-06-2026,Regular,Yes
103860,Karthik Sharma,Female,25,Pune,Maharashtra,04-07-2026,Regular,No
103861,Vikram Reddy,Female,55,Kolkata,West Bengal,15-11-2024,Regular,Yes
103862,Dinesh Pillai,Female,60,Coimbatore,Tamil Nadu,20-08-2026,Regular,
103863,Ananya Sharma,Male,57,Hyderabad,Telangana,28-02-2023,Premium,Yes
103864,Priya Patel,Male,22,Coimbatore,Tamil Nadu,03-06-2024,Premium,No
103865,Meena Rao,Female,30,Coimbatore,Tamil Nadu,07-05-2022,Regular,Yes
103866,Vikram Patel,Female,34,Trichy,Tamil Nadu,06-06-2022,Premium,Yes
103867,Divya Rao,Male,23,Kolkata,West Bengal,14-08-2022,Regular,Yes
103868,Pooja Kumar,Female,43,Trichy,Tamil Nadu,16-08-2022,Regular,Yes
103869,Meena Krishnan,Male,19,Hyderabad,Telangana,29-11-2023,Regular,Yes
103870,Pooja Rao,Male,47,Madurai,Tamil Nadu,09-05-2025,Regular,No
103871,Ravi Krishnan,Female,45,Chennai,Tamil Nadu,04-08-2026,Regular,Yes
103872,Ananya Rao,Male,46,Bengaluru,Karnataka,28-07-2026,Premium,Yes
103873,Vikram Nair,Male,61,Salem,Tamil Nadu,31-10-2022,Premium,Yes
103874,Rahul Patel,Female,55,Pune,Maharashtra,12-01-2024,Regular,Yes
103875,Rahul Reddy,Male,30,Coimbatore,Tamil Nadu,04-01-2024,VIP,No
103876,Suresh Rao,Male,45,Coimbatore,Tamil Nadu,16-06-2022,Premium,No
103877,Santhosh Kumar,Female,56,Madurai,Tamil Nadu,09-03-2022,Regular,No
103878,Harini Patel,Male,58,Hyderabad,Telangana,24-08-2023,Regular,Yes
103879,Naveen Krishnan,Female,48,Hyderabad,Telangana,27-12-2025,Premium,Yes
103880,Lakshmi Sharma,Male,22,Chennai,Tamil Nadu,17-10-2023,Regular,Yes
103881,Lakshmi Kumar,Male,38,Salem,Tamil Nadu,14-10-2023,Regular,Yes
103882,Harini Krishnan,Female,59,Hyderabad,Telangana,22-08-2026,VIP,No
103883,Meena Singh,Male,21,Kolkata,West Bengal,04-10-2023,Premium,Yes
103884,Priya Gupta,Female,46,Pune,Maharashtra,13-03-2025,Premium,Yes
103885,Naveen Joshi,Female,43,Bengaluru,Karnataka,27-07-2026,Premium,No
103886,Naveen Joshi,Female,28,Delhi,Delhi,20-07-2022,Regular,Yes
103887,Harini Singh,Male,34,Chennai,Tamil Nadu,18-05-2024,Premium,No
103888,Naveen Reddy,Male,64,Hyderabad,Telangana,28-07-2023,Premium,Yes
103889,Swathi Das,Female,46,Bengaluru,Karnataka,21-07-2022,Regular,No
103890,Suresh Das,Male,63,Trichy,Tamil Nadu,24-03-2022,Regular,No
103891,Divya Das,Female,40,Kolkata,West Bengal,06-01-2025,Regular,No
103892,Meena Patel,Female,58,Tirunelveli,Tamil Nadu,15-01-2025,Premium,Yes
103893,Lakshmi Kumar,Male,47,Pune,Maharashtra,13-08-2024,Premium,Yes
103894,Swathi Iyer,Male,61,Hyderabad,Telangana,17-02-2025,Premium,Yes
103895,Karthik Iyer,Female,33,Coimbatore,Tamil Nadu,07-05-2025,Regular,No
103896,Rahul Sharma,Female,36,Tirunelveli,Tamil Nadu,08-04-2022,Regular,Yes
103897,Dinesh Pillai,Male,19,Kolkata,West Bengal,27-02-2022,Regular,Yes
103898,Keerthi Kumar,Female,28,Chennai,Tamil Nadu,25-07-2023,VIP,Yes
103899,Harini Das,Female,24,Mumbai,Maharashtra,24-08-2024,Regular,No
103900,Ravi Joshi,Male,26,Tirunelveli,Tamil Nadu,15-03-2026,Premium,Yes
103901,Suresh Singh,Male,32,Kolkata,West Bengal,24-07-2026,Regular,Yes
103902,Swathi Rao,Female,59,Tirunelveli,Tamil Nadu,06-11-2025,Regular,No
103903,Naveen Krishnan,Female,36,Kolkata,West Bengal,11-05-2023,Regular,No
103904,Dinesh Patel,Female,57,Chennai,Tamil Nadu,03-09-2024,Premium,No
103905,Priya Nair,Male,57,Salem,Tamil Nadu,17-07-2022,Regular,Yes
103906,Ajay Gupta,Female,65,Trichy,Tamil Nadu,03-04-2024,Premium,Yes
103907,Divya Menon,Female,42,Madurai,Tamil Nadu,17-06-2022,Regular,Yes
103908,Dinesh Gupta,Female,58,Tirunelveli,Tamil Nadu,15-08-2026,Regular,Yes
103909,Dinesh Joshi,Male,38,Hyderabad,Telangana,06-02-2024,Regular,Yes
103910,Pooja Singh,Male,48,Salem,Tamil Nadu,12-05-2025,Regular,Yes
103911,Suresh Menon,Female,56,Hyderabad,Telangana,26-06-2022,Regular,Yes
103912,Karthik Das,Male,24,Tirunelveli,Tamil Nadu,08-06-2026,Regular,Yes
103913,Keerthi Krishnan,Male,20,Hyderabad,Telangana,09-06-2024,Regular,No
103914,Suresh Menon,Female,25,Kolkata,West Bengal,02-05-2022,Regular,Yes
103915,Priya Menon,Male,52,Trichy,Tamil Nadu,19-09-2023,Regular,No
103916,Dinesh Pillai,Female,40,Chennai,Tamil Nadu,27-12-2022,Regular,No
103917,Santhosh Patel,Female,31,Chennai,Tamil Nadu,28-04-2022,Premium,Yes
103918,Arun Krishnan,Female,54,Salem,Tamil Nadu,22-02-2022,Regular,Yes
103919,Priya Reddy,Male,18,Chennai,Tamil Nadu,25-04-2025,Regular,No
103920,Naveen Das,,26,Coimbatore,Tamil Nadu,15-01-2026,Regular,No
103921,Ajay Menon,Female,40,Tirunelveli,Tamil Nadu,27-01-2025,Regular,Yes
103922,Sneha Gupta,Female,61,Coimbatore,Tamil Nadu,26-03-2025,Regular,Yes
103923,Keerthi Singh,Male,53,Pune,Maharashtra,05-03-2022,Regular,No
103924,Meena Rao,Male,50,Pune,Maharashtra,30-10-2022,Regular,No
103925,Keerthi Patel,Female,52,Coimbatore,Tamil Nadu,28-02-2022,Premium,No
103926,Karthik Iyer,Male,32,Kolkata,West Bengal,15-07-2026,Premium,Yes
103927,Vikram Reddy,Female,39,Kolkata,West Bengal,08-06-2025,Regular,No
103928,Ravi Pillai,Male,60,Bengaluru,Karnataka,13-06-2026,Regular,Yes
103929,Rahul Patel,Male,53,Coimbatore,Tamil Nadu,19-03-2026,Regular,Yes
103930,Arun Joshi,Female,46,Madurai,Tamil Nadu,17-01-2023,Regular,No
103931,Naveen Reddy,Female,21,Madurai,Tamil Nadu,19-05-2024,VIP,Yes
103932,Suresh Menon,Female,53,Chennai,Tamil Nadu,04-01-2025,Regular,Yes
103933,Lakshmi Das,Male,35,Madurai,Tamil Nadu,14-06-2025,Regular,No
103934,Divya Krishnan,Female,36,Madurai,Tamil Nadu,09-02-2025,Premium,No
103935,Pooja Krishnan,Other,50,Hyderabad,Telangana,10-02-2024,Premium,No
103936,Arun Krishnan,Male,36,Salem,Tamil Nadu,07-01-2022,Regular,
103937,Arun Pillai,Male,45,Kolkata,West Bengal,16-05-2026,Premium,Yes
103938,Harini Rao,Male,18,Pune,Maharashtra,16-03-2025,Premium,Yes
103939,Ajay Kumar,Female,26,Madurai,Tamil Nadu,22-11-2025,Premium,Yes
103940,Harini Reddy,Male,43,Kolkata,West Bengal,12-01-2023,Regular,Yes
103941,Divya Krishnan,Female,63,Kolkata,West Bengal,01-07-2022,Premium,Yes
103942,Santhosh Nair,Male,54,Mumbai,Maharashtra,13-03-2026,Regular,Yes
103943,Ravi Rao,Female,38,Tirunelveli,Tamil Nadu,01-10-2025,Regular,Yes
103944,Divya Das,Female,64,Tirunelveli,Tamil Nadu,26-11-2025,Regular,Yes
103945,Lakshmi Singh,Female,31,Bengaluru,Karnataka,19-01-2024,Regular,Yes
103946,Swathi Menon,Male,60,Madurai,Tamil Nadu,19-03-2026,Regular,Yes
103947,Harini Menon,Male,37,Chennai,Tamil Nadu,17-01-2023,Regular,Yes
103948,Santhosh Menon,Female,22,Delhi,Delhi,11-07-2025,Regular,Yes
103949,Lakshmi Menon,Male,18,Tirunelveli,Tamil Nadu,20-04-2024,VIP,No
103950,Dinesh Pillai,Female,65,Hyderabad,Telangana,08-10-2022,Regular,Yes
103951,Lakshmi Das,Male,48,Delhi,Delhi,04-05-2025,Regular,No
103952,Naveen Joshi,Male,25,Hyderabad,Telangana,05-09-2023,Premium,No
103953,Ananya Sharma,Male,65,Madurai,Tamil Nadu,27-09-2022,Regular,No
103954,Harini Das,Female,19,Pune,Maharashtra,20-04-2025,Premium,
103955,Suresh Menon,Female,34,Coimbatore,Tamil Nadu,05-08-2025,Regular,Yes
103956,Arun Nair,Male,53,Tirunelveli,Tamil Nadu,04-07-2023,Regular,Yes
103957,Divya Patel,Male,20,Kolkata,West Bengal,02-07-2026,Regular,No
103958,Lakshmi Rao,Male,61,Madurai,Tamil Nadu,22-04-2025,Regular,Yes
103959,Rahul Singh,Female,50,Bengaluru,Karnataka,08-02-2022,Regular,Yes
103960,Karthik Pillai,Female,63,Hyderabad,Telangana,26-07-2023,Regular,No
103961,Divya Patel,Male,58,Tirunelveli,Tamil Nadu,15-07-2026,Regular,Yes
103962,Vikram Iyer,Female,57,Salem,Tamil Nadu,30-10-2022,Regular,Yes
103963,Swathi Das,Female,28,Coimbatore,Tamil Nadu,10-06-2026,Premium,No
103964,Suresh Singh,Female,27,Delhi,Delhi,30-05-2024,Regular,No
103965,Pooja Sharma,Male,29,Hyderabad,Telangana,21-02-2025,Premium,No
103966,Santhosh Rao,Female,25,Salem,Tamil Nadu,12-03-2025,Premium,No
103967,Karthik Rao,Female,49,Trichy,Tamil Nadu,19-05-2024,Regular,Yes
103968,Harini Iyer,Male,20,Hyderabad,Telangana,29-05-2024,Premium,Yes
103969,Ravi Das,Male,38,Coimbatore,Tamil Nadu,22-08-2024,Premium,Yes
103970,Dinesh Rao,Male,45,Coimbatore,Tamil Nadu,27-12-2024,Regular,Yes
103971,Naveen Menon,Male,43,Pune,Maharashtra,07-06-2025,Regular,No
103972,Harini Singh,Male,41,Tirunelveli,Tamil Nadu,15-01-2024,Regular,No
103973,Naveen Reddy,Female,28,Bengaluru,Karnataka,11-01-2024,Premium,No
103974,Dinesh Joshi,Female,23,Mumbai,Maharashtra,16-08-2025,Regular,Yes
103975,Divya Rao,Male,65,Bengaluru,Karnataka,11-07-2025,Regular,Yes
103976,Dinesh Kumar,Male,40,Madurai,Tamil Nadu,09-01-2025,Premium,Yes
103977,Naveen Gupta,Female,46,Coimbatore,Tamil Nadu,23-02-2024,Regular,Yes
103978,Harini Iyer,Female,45,Tirunelveli,Tamil Nadu,03-09-2024,Regular,Yes
103979,Swathi Gupta,Male,35,Kolkata,West Bengal,28-08-2024,Regular,Yes
103980,Arun Krishnan,Female,52,Bengaluru,Karnataka,11-01-2024,Premium,Yes
103981,Ajay Joshi,Male,36,Pune,Maharashtra,31-10-2022,Regular,Yes
103982,Arun Joshi,Male,37,Bengaluru,Karnataka,29-06-2024,Regular,No
103983,Keerthi Reddy,Female,56,Madurai,Tamil Nadu,23-01-2024,Regular,No
103984,Ananya Menon,Female,33,Madurai,Tamil Nadu,28-03-2022,Regular,Yes
103985,Lakshmi Patel,Male,51,Salem,Tamil Nadu,13-06-2026,VIP,No
103986,Lakshmi Das,Female,49,Delhi,Delhi,07-02-2025,Regular,Yes
103987,Sneha Das,Female,19,Mumbai,Maharashtra,13-07-2022,Regular,Yes
103988,Dinesh Kumar,Male,50,Chennai,Tamil Nadu,14-12-2022,Premium,No
103989,Priya Kumar,Female,56,Delhi,Delhi,29-08-2024,Regular,Yes
103990,Keerthi Kumar,Male,30,Pune,Maharashtra,02-01-2026,Regular,No
103991,Santhosh Sharma,Male,61,Trichy,Tamil Nadu,05-04-2024,VIP,Yes
103992,Priya Reddy,Male,18,Trichy,Tamil Nadu,12-10-2025,Premium,Yes
103993,Swathi Pillai,Male,26,Bengaluru,Karnataka,06-08-2022,Regular,Yes
103994,Divya Rao,Male,63,Mumbai,Maharashtra,16-06-2024,Regular,Yes
103995,Swathi Gupta,Female,59,Kolkata,West Bengal,07-11-2025,Regular,Yes
103996,Sneha Gupta,Male,54,Delhi,Delhi,11-12-2025,Regular,Yes
103997,Harini Menon,Female,46,Chennai,Tamil Nadu,13-02-2023,Regular,Yes
103998,Ravi Singh,Male,27,Salem,Tamil Nadu,14-02-2025,Regular,Yes
103999,Harini Pillai,Female,41,Madurai,Tamil Nadu,09-03-2022,Regular,Yes
104000,Ravi Menon,Female,45,Kolkata,West Bengal,29-08-2022,Regular,No
104001,Ananya Menon,Male,22,Mumbai,Maharashtra,11-03-2026,VIP,No
104002,Priya Pillai,Female,46,Salem,Tamil Nadu,13-06-2025,VIP,No
104003,Ravi Das,Female,22,Chennai,Tamil Nadu,18-12-2022,Premium,No
104004,Sneha Rao,Male,24,Pune,Maharashtra,20-08-2026,Regular,Yes
104005,Arun Pillai,Male,26,Trichy,Tamil Nadu,15-08-2026,Regular,No
104006,Naveen Nair,Female,27,Tirunelveli,Tamil Nadu,11-03-2022,Regular,No
104007,Dinesh Gupta,Female,21,Mumbai,Maharashtra,13-02-2022,Regular,No
104008,Rahul Kumar,Male,63,Coimbatore,Tamil Nadu,21-02-2023,Premium,No
104009,Divya Kumar,Female,56,Hyderabad,Telangana,11-09-2025,Premium,No
104010,Keerthi Rao,Male,42,Bengaluru,Karnataka,13-10-2024,Regular,Yes
104011,Ravi Sharma,Male,35,Delhi,Delhi,21-05-2024,Regular,No
104012,Santhosh Joshi,Female,27,Salem,Tamil Nadu,07-12-2023,Regular,Yes
104013,Keerthi Kumar,Other,63,Madurai,Tamil Nadu,26-03-2024,Premium,Yes
104014,Ananya Menon,Male,56,Pune,Maharashtra,19-12-2024,Regular,Yes
104015,Naveen Reddy,Male,54,Mumbai,Maharashtra,19-04-2022,Regular,Yes
104016,Dinesh Joshi,Male,40,Bengaluru,Karnataka,23-09-2024,Regular,Yes
104017,Ravi Singh,Female,19,Mumbai,Maharashtra,11-01-2023,Premium,Yes
104018,Ravi Kumar,Male,48,Bengaluru,Karnataka,01-09-2025,Regular,Yes
104019,Ravi Kumar,Male,41,Hyderabad,Telangana,29-11-2022,Regular,No
104020,Arun Rao,Male,32,Madurai,Tamil Nadu,01-05-2022,Premium,Yes
104021,Ravi Joshi,Female,33,Bengaluru,Karnataka,10-01-2024,Premium,Yes
104022,Ravi Joshi,Male,20,Chennai,Tamil Nadu,20-01-2024,Regular,No
104023,Dinesh Patel,Female,59,Kolkata,West Bengal,31-05-2024,Premium,No
104024,Santhosh Nair,Male,25,Mumbai,Maharashtra,02-01-2026,Regular,No
104025,Keerthi Sharma,,57,Pune,Maharashtra,04-04-2025,Premium,Yes
104026,Karthik Rao,Male,64,Bengaluru,Karnataka,09-09-2023,Regular,No
104027,Divya Das,Male,20,Hyderabad,Telangana,20-05-2025,Premium,No
104028,Priya Reddy,Male,47,Pune,Maharashtra,06-05-2024,Premium,Yes
104029,Pooja Das,Male,21,Madurai,Tamil Nadu,16-01-2023,Regular,Yes
104030,Lakshmi Pillai,Male,57,Delhi,Delhi,06-02-2022,Regular,Yes
104031,Dinesh Kumar,Male,42,Kolkata,West Bengal,07-01-2022,Premium,No
104032,Ajay Reddy,Male,19,Kolkata,West Bengal,17-01-2023,Regular,No
104033,Divya Iyer,Male,55,Mumbai,Maharashtra,24-10-2025,Premium,No
104034,Meena Sharma,Male,54,Mumbai,Maharashtra,28-02-2024,Regular,No
104035,Ravi Iyer,Male,62,Pune,Maharashtra,07-02-2024,Regular,No
104036,Ravi Das,Female,41,Chennai,Tamil Nadu,10-11-2023,Premium,Yes
104037,Sneha Sharma,Female,62,Madurai,Tamil Nadu,12-03-2023,Regular,Yes
104038,Dinesh Menon,Female,49,Coimbatore,Tamil Nadu,29-04-2025,Premium,Yes
104039,Divya Pillai,Male,43,Mumbai,Maharashtra,22-01-2022,Regular,Yes
104040,Karthik Pillai,Other,35,Delhi,Delhi,06-11-2024,Regular,Yes
104041,Rahul Krishnan,Female,32,Mumbai,Maharashtra,12-05-2026,Regular,Yes
104042,Arun Iyer,Male,47,Coimbatore,Tamil Nadu,05-02-2026,Regular,
104043,Suresh Sharma,Male,53,Trichy,Tamil Nadu,20-09-2023,Premium,Yes
104044,Meena Reddy,Female,19,Bengaluru,Karnataka,24-12-2025,Regular,No
104045,Priya Joshi,Female,37,Delhi,Delhi,08-02-2023,Regular,No
104046,Lakshmi Joshi,Female,20,Chennai,Tamil Nadu,15-02-2023,VIP,Yes
104047,Sneha Singh,Female,37,Pune,Maharashtra,07-08-2023,Regular,Yes
104048,Vikram Patel,Female,56,Hyderabad,Telangana,30-01-2022,Regular,Yes
104049,Suresh Rao,Female,51,Delhi,Delhi,28-03-2023,Premium,No
104050,Meena Patel,Male,23,Pune,Maharashtra,23-12-2025,Premium,No
104051,Lakshmi Joshi,Male,52,Mumbai,Maharashtra,20-07-2025,Regular,Yes
104052,Vikram Reddy,Female,18,Delhi,Delhi,14-07-2023,VIP,No
104053,Ravi Singh,Male,18,Trichy,Tamil Nadu,16-06-2023,Regular,No
104054,Lakshmi Nair,Male,61,Trichy,Tamil Nadu,14-08-2023,Regular,Yes
104055,Arun Sharma,Male,19,Chennai,Tamil Nadu,22-07-2022,Regular,No
104056,Priya Singh,Male,30,Delhi,Delhi,27-09-2022,VIP,Yes
104057,Vikram Gupta,Male,24,Salem,Tamil Nadu,15-08-2026,Regular,Yes
104058,Harini Sharma,Female,45,Kolkata,West Bengal,24-03-2025,Premium,No
104059,Santhosh Das,Male,43,Hyderabad,Telangana,25-02-2025,Regular,Yes
104060,Vikram Singh,Female,58,Coimbatore,Tamil Nadu,22-04-2023,Regular,No
104061,Suresh Iyer,Male,65,Bengaluru,Karnataka,26-12-2025,Premium,No
104062,Harini Kumar,Female,53,Chennai,Tamil Nadu,28-10-2022,VIP,Yes
104063,Priya Reddy,Female,40,Coimbatore,Tamil Nadu,05-07-2026,Regular,No
104064,Rahul Kumar,Female,20,Kolkata,West Bengal,05-05-2024,Regular,Yes
104065,Ananya Singh,Male,62,Trichy,Tamil Nadu,17-07-2023,Premium,Yes
104066,Rahul Gupta,Male,44,Delhi,Delhi,29-06-2025,Regular,Yes
104067,Harini Menon,Female,28,Salem,Tamil Nadu,11-12-2023,Regular,No
104068,Ravi Joshi,Female,44,Pune,Maharashtra,04-04-2023,Regular,No
104069,Ananya Singh,Male,36,Madurai,Tamil Nadu,08-03-2025,VIP,Yes
104070,Arun Krishnan,Female,34,Bengaluru,Karnataka,12-05-2025,Regular,Yes
104071,Priya Krishnan,Female,39,Bengaluru,Karnataka,22-10-2024,Regular,No
104072,Swathi Reddy,Male,54,Trichy,Tamil Nadu,25-02-2024,Regular,No
104073,Ajay Patel,Female,25,Salem,Tamil Nadu,13-07-2023,Regular,Yes
104074,Ananya Rao,Male,64,Tirunelveli,Tamil Nadu,18-11-2023,Regular,Yes
104075,Karthik Gupta,Male,20,Mumbai,Maharashtra,26-01-2026,Regular,Yes
104076,Ananya Nair,Female,25,Chennai,Tamil Nadu,04-09-2023,Regular,Yes
104077,Dinesh Reddy,Female,50,Tirunelveli,Tamil Nadu,03-07-2026,Regular,Yes
104078,Meena Joshi,Female,24,Coimbatore,Tamil Nadu,05-09-2022,Regular,No
104079,Ananya Sharma,Female,55,Hyderabad,Telangana,04-10-2022,Premium,No
104080,Divya Joshi,Other,53,Trichy,Tamil Nadu,20-07-2023,Regular,Yes
104081,Swathi Gupta,Male,38,Salem,Tamil Nadu,06-01-2022,Regular,No
104082,Divya Gupta,Male,39,Mumbai,Maharashtra,03-02-2026,Regular,Yes
104083,Ananya Gupta,Male,65,Trichy,Tamil Nadu,02-08-2023,Regular,No
104084,Harini Iyer,Female,56,Trichy,Tamil Nadu,23-06-2022,Premium,Yes
104085,Santhosh Das,Male,48,Kolkata,West Bengal,17-11-2024,Premium,Yes
104086,Naveen Menon,Female,24,Coimbatore,Tamil Nadu,18-06-2026,Premium,Yes
104087,Sneha Menon,Male,46,Mumbai,Maharashtra,17-08-2026,Regular,Yes
104088,Karthik Reddy,Male,19,Tirunelveli,Tamil Nadu,02-07-2022,VIP,No
104089,Rahul Iyer,Female,30,Tirunelveli,Tamil Nadu,09-09-2025,Regular,Yes
104090,Lakshmi Patel,Female,51,Tirunelveli,Tamil Nadu,08-09-2023,Regular,Yes
104091,Ananya Nair,Male,37,Madurai,Tamil Nadu,22-11-2025,Regular,Yes
104092,Naveen Das,Female,65,Chennai,Tamil Nadu,27-10-2024,Regular,No
104093,Ravi Gupta,Female,63,Delhi,Delhi,28-05-2025,Regular,No
104094,Meena Menon,,22,Pune,Maharashtra,25-11-2025,Regular,No
104095,Santhosh Krishnan,Male,60,Tirunelveli,Tamil Nadu,03-03-2026,Premium,No
104096,Arun Reddy,Female,59,Kolkata,West Bengal,02-09-2022,Premium,No
104097,Ajay Nair,Male,23,Kolkata,West Bengal,15-05-2025,Regular,Yes
104098,Divya Patel,Male,36,Bengaluru,Karnataka,28-08-2022,Regular,No
104099,Priya Reddy,Female,63,Trichy,Tamil Nadu,24-05-2026,Regular,Yes
104100,Swathi Kumar,Male,18,Delhi,Delhi,04-12-2024,Premium,No
104101,Dinesh Patel,Male,20,Bengaluru,Karnataka,24-11-2022,Regular,No
104102,Dinesh Reddy,Male,42,Tirunelveli,Tamil Nadu,13-05-2023,Regular,Yes
104103,Dinesh Das,Male,63,Hyderabad,Telangana,03-03-2026,Regular,Yes
104104,Harini Kumar,Female,31,Chennai,Tamil Nadu,31-12-2024,Regular,Yes
104105,Swathi Reddy,Male,55,Chennai,Tamil Nadu,25-01-2023,Regular,No
104106,Ananya Kumar,Female,51,Pune,Maharashtra,26-10-2025,Premium,Yes
104107,Lakshmi Das,Female,25,Bengaluru,Karnataka,06-05-2025,Premium,No
104108,Lakshmi Rao,Male,31,Salem,Tamil Nadu,11-05-2022,VIP,Yes
104109,Sneha Patel,Female,47,Kolkata,West Bengal,27-04-2023,Regular,Yes
104110,Suresh Iyer,Male,41,Mumbai,Maharashtra,06-12-2025,Regular,Yes
104111,Santhosh Joshi,Male,29,Chennai,Tamil Nadu,20-08-2023,Premium,No
104112,Keerthi Das,Male,27,Pune,Maharashtra,05-03-2022,Regular,Yes
104113,Naveen Krishnan,Male,44,Bengaluru,Karnataka,23-10-2024,Regular,No
104114,Priya Rao,Male,57,Tirunelveli,Tamil Nadu,09-03-2026,Premium,No
104115,Swathi Gupta,Male,37,Mumbai,Maharashtra,03-08-2024,Regular,No
104116,Keerthi Pillai,Female,62,Pune,Maharashtra,17-07-2026,Regular,Yes
104117,Keerthi Singh,Female,50,Chennai,Tamil Nadu,14-07-2022,Regular,Yes
104118,Suresh Krishnan,Female,37,Bengaluru,Karnataka,08-02-2025,Regular,Yes
104119,Harini Reddy,Female,51,Hyderabad,Telangana,09-01-2025,Regular,Yes
104120,Divya Krishnan,Female,39,Chennai,Tamil Nadu,01-08-2026,Regular,Yes
104121,Swathi Singh,Male,54,Madurai,Tamil Nadu,04-06-2024,Regular,Yes
104122,Ajay Kumar,Female,65,Tirunelveli,Tamil Nadu,29-10-2025,Premium,No
104123,Divya Joshi,Male,55,Tirunelveli,Tamil Nadu,05-09-2022,Premium,Yes
104124,Keerthi Pillai,Female,24,Mumbai,Maharashtra,17-03-2022,Premium,Yes
104125,Karthik Patel,Female,21,Trichy,Tamil Nadu,03-05-2025,Premium,Yes
104126,Lakshmi Joshi,Male,56,Kolkata,West Bengal,07-01-2022,Regular,Yes
104127,Harini Patel,Female,58,Chennai,Tamil Nadu,27-01-2026,Regular,Yes
104128,Dinesh Nair,Female,45,Bengaluru,Karnataka,05-02-2022,Regular,No
104129,Dinesh Gupta,Female,29,Kolkata,West Bengal,16-03-2025,Regular,Yes
104130,Suresh Patel,Male,60,Pune,Maharashtra,08-02-2024,Premium,Yes
104131,Lakshmi Nair,Female,39,Chennai,Tamil Nadu,02-01-2025,Regular,Yes
104132,Suresh Krishnan,Female,32,Tirunelveli,Tamil Nadu,25-11-2024,VIP,Yes
104133,Santhosh Sharma,Male,35,Madurai,Tamil Nadu,26-01-2024,Regular,Yes
104134,Lakshmi Singh,Female,32,Kolkata,West Bengal,29-03-2024,Regular,No
104135,Arun Patel,Male,31,Tirunelveli,Tamil Nadu,05-05-2024,Premium,Yes
104136,Meena Krishnan,Female,33,Tirunelveli,Tamil Nadu,25-02-2025,Regular,Yes
104137,Keerthi Sharma,Male,50,Tirunelveli,Tamil Nadu,22-04-2025,Premium,Yes
104138,Meena Reddy,Male,18,Mumbai,Maharashtra,04-02-2024,Premium,No
104139,Divya Krishnan,Male,35,Salem,Tamil Nadu,23-08-2023,Premium,Yes
104140,Dinesh Iyer,Female,26,Kolkata,West Bengal,14-03-2022,Premium,Yes
104141,Ajay Singh,Female,49,Madurai,Tamil Nadu,17-08-2025,Regular,Yes
104142,Vikram Krishnan,Male,65,Salem,Tamil Nadu,20-01-2023,Regular,Yes
104143,Karthik Menon,Male,55,Bengaluru,Karnataka,09-01-2024,Premium,Yes
104144,Suresh Sharma,Female,29,Pune,Maharashtra,15-08-2026,Regular,Yes
104145,Swathi Gupta,Male,42,Bengaluru,Karnataka,27-08-2025,Regular,Yes
104146,Keerthi Menon,Male,18,Mumbai,Maharashtra,11-08-2023,Regular,Yes
104147,Rahul Patel,Female,37,Delhi,Delhi,18-03-2024,Regular,No
104148,Vikram Menon,Male,31,Salem,Tamil Nadu,07-07-2023,Regular,Yes
104149,Ananya Menon,Female,42,Salem,Tamil Nadu,30-11-2024,VIP,Yes
104150,Vikram Das,Male,37,Delhi,Delhi,17-09-2022,Regular,Yes
104151,Karthik Rao,Female,50,Mumbai,Maharashtra,08-06-2026,Regular,Yes
104152,Priya Menon,Female,44,Kolkata,West Bengal,06-08-2026,Regular,Yes
104153,Arun Joshi,Male,63,Salem,Tamil Nadu,23-05-2023,Regular,Yes
104154,Dinesh Das,Female,21,Tirunelveli,Tamil Nadu,27-01-2023,Regular,Yes
104155,Santhosh Gupta,Female,63,Hyderabad,Telangana,05-07-2024,Premium,Yes
104156,Rahul Menon,Female,55,Hyderabad,Telangana,04-01-2025,Regular,Yes
104157,Ananya Gupta,Male,52,Madurai,Tamil Nadu,30-12-2024,Regular,Yes
104158,Harini Joshi,Male,57,Mumbai,Maharashtra,13-03-2022,Regular,Yes
104159,Meena Iyer,Female,20,Hyderabad,Telangana,23-04-2025,Regular,Yes
104160,Rahul Iyer,Male,28,Chennai,Tamil Nadu,24-04-2022,Premium,Yes
104161,Lakshmi Das,Male,18,Delhi,Delhi,05-08-2023,Premium,Yes
104162,Ananya Nair,Male,56,Delhi,Delhi,03-05-2025,Premium,Yes
104163,Sneha Rao,Female,35,Kolkata,West Bengal,17-02-2026,Premium,No
104164,Suresh Gupta,Male,35,Hyderabad,Telangana,15-12-2024,Regular,Yes
104165,Arun Joshi,Male,47,Madurai,Tamil Nadu,29-09-2022,Premium,Yes
104166,Priya Singh,Female,38,Madurai,Tamil Nadu,02-03-2025,Regular,No
104167,Vikram Menon,Male,48,Pune,Maharashtra,04-03-2022,Premium,Yes
104168,Pooja Iyer,Male,62,Hyderabad,Telangana,28-01-2023,Regular,Yes
104169,Meena Rao,Male,33,Kolkata,West Bengal,30-07-2022,Regular,No
104170,Meena Kumar,Male,60,Madurai,Tamil Nadu,02-08-2026,Regular,Yes
104171,Sneha Rao,Other,43,Delhi,Delhi,19-09-2023,Regular,Yes
104172,Divya Rao,Male,36,Mumbai,Maharashtra,07-08-2024,Regular,Yes
104173,Sneha Menon,Female,62,Kolkata,West Bengal,06-09-2025,Regular,Yes
104174,Sneha Krishnan,Male,41,Delhi,Delhi,07-07-2026,VIP,Yes
104175,Dinesh Singh,Male,24,Delhi,Delhi,20-08-2026,Regular,No
104176,Rahul Kumar,Male,31,Delhi,Delhi,07-10-2022,Regular,Yes
104177,Ananya Sharma,Female,58,Mumbai,Maharashtra,01-11-2023,Regular,Yes
104178,Harini Joshi,Male,42,Madurai,Tamil Nadu,20-11-2023,Regular,No
104179,Lakshmi Pillai,Male,44,Pune,Maharashtra,15-09-2025,Regular,No
104180,Keerthi Patel,Female,50,Pune,Maharashtra,25-07-2023,Regular,Yes
104181,Suresh Reddy,Male,27,Coimbatore,Tamil Nadu,29-01-2023,Regular,Yes
104182,Dinesh Nair,Female,22,Delhi,Delhi,07-07-2025,Regular,No
104183,Ananya Krishnan,Male,39,Bengaluru,Karnataka,21-04-2024,Regular,No
104184,Ananya Patel,Male,62,Salem,Tamil Nadu,24-06-2025,Regular,No
104185,Karthik Kumar,Female,24,Chennai,Tamil Nadu,08-10-2023,Premium,No
104186,Arun Singh,Male,52,Kolkata,West Bengal,07-04-2024,Premium,No
104187,Lakshmi Reddy,Male,65,Mumbai,Maharashtra,16-01-2022,Regular,Yes
104188,Ajay Patel,Male,22,Hyderabad,Telangana,28-01-2022,Regular,Yes
104189,Vikram Iyer,Male,24,Chennai,Tamil Nadu,01-01-2022,Premium,Yes
104190,Keerthi Krishnan,Female,59,Salem,Tamil Nadu,25-10-2022,Regular,No
104191,Ananya Rao,Male,23,Pune,Maharashtra,14-08-2023,Regular,Yes
104192,Meena Reddy,Female,53,Delhi,Delhi,27-03-2022,Regular,Yes
104193,Pooja Rao,Male,56,Madurai,Tamil Nadu,01-10-2022,Regular,Yes
104194,Priya Nair,Male,33,Chennai,Tamil Nadu,10-12-2025,Premium,No
104195,Ananya Gupta,Male,31,Kolkata,West Bengal,23-12-2025,Premium,Yes
104196,Vikram Joshi,Female,43,Pune,Maharashtra,08-05-2023,Regular,No
104197,Ajay Sharma,Female,42,Kolkata,West Bengal,29-05-2026,Regular,Yes
104198,Suresh Pillai,Female,59,Bengaluru,Karnataka,20-07-2022,Premium,Yes
104199,Divya Krishnan,Male,46,Tirunelveli,Tamil Nadu,23-02-2022,Regular,Yes
104200,Swathi Krishnan,Male,64,Hyderabad,Telangana,26-08-2023,Regular,Yes
104201,Priya Singh,Female,29,Madurai,Tamil Nadu,27-03-2023,Regular,No
104202,Vikram Patel,Male,31,Madurai,Tamil Nadu,12-05-2022,Premium,Yes
104203,Harini Kumar,Female,29,Delhi,Delhi,11-12-2025,Premium,No
104204,Ravi Joshi,Male,49,Bengaluru,Karnataka,23-07-2026,Regular,No
104205,Harini Das,Male,19,Mumbai,Maharashtra,05-04-2023,Premium,Yes
104206,Lakshmi Singh,Male,59,Trichy,Tamil Nadu,20-06-2023,Regular,Yes
104207,Ajay Rao,Male,55,Salem,Tamil Nadu,06-05-2025,Regular,Yes
104208,Arun Kumar,Female,65,Tirunelveli,Tamil Nadu,06-05-2026,Premium,Yes
104209,Harini Iyer,Female,64,Hyderabad,Telangana,03-05-2023,Premium,Yes
104210,Ananya Das,Female,21,Coimbatore,Tamil Nadu,06-03-2025,Regular,Yes
104211,Keerthi Rao,Female,53,Bengaluru,Karnataka,09-02-2022,Regular,No
104212,Lakshmi Gupta,Male,42,Madurai,Tamil Nadu,20-08-2024,VIP,No
104213,Santhosh Krishnan,Female,53,Delhi,Delhi,06-08-2026,Regular,No
104214,Lakshmi Das,Male,59,Madurai,Tamil Nadu,19-03-2024,Regular,Yes
104215,Ravi Gupta,Female,45,Madurai,Tamil Nadu,26-12-2024,Regular,Yes
104216,Harini Kumar,Male,18,Tirunelveli,Tamil Nadu,14-03-2025,Regular,No
104217,Santhosh Krishnan,Female,59,Pune,Maharashtra,10-12-2024,Regular,Yes
104218,Harini Menon,Female,38,Delhi,Delhi,12-03-2025,Regular,No
104219,Santhosh Reddy,Female,40,Kolkata,West Bengal,16-02-2026,Regular,No
104220,Sneha Iyer,Female,46,Bengaluru,Karnataka,18-01-2022,Regular,No
104221,Divya Iyer,Female,61,Bengaluru,Karnataka,12-02-2026,Regular,Yes
104222,Suresh Iyer,Female,43,Kolkata,West Bengal,24-03-2026,Regular,
104223,Sneha Rao,Female,27,Trichy,Tamil Nadu,17-03-2026,Regular,Yes
104224,Swathi Sharma,Male,53,Kolkata,West Bengal,18-09-2023,Regular,Yes
104225,Ravi Krishnan,Female,48,Trichy,Tamil Nadu,18-09-2024,Premium,Yes
104226,Naveen Sharma,Male,21,Hyderabad,Telangana,24-08-2023,VIP,Yes
104227,Naveen Kumar,Female,43,Pune,Maharashtra,29-11-2025,Regular,Yes
104228,Karthik Patel,Female,55,Coimbatore,Tamil Nadu,23-11-2023,Premium,Yes
104229,Harini Iyer,Male,60,Delhi,Delhi,17-06-2023,Premium,Yes
104230,Swathi Joshi,Female,31,Chennai,Tamil Nadu,10-03-2025,Regular,No
104231,Lakshmi Patel,Male,43,Chennai,Tamil Nadu,25-03-2022,Premium,No
104232,Priya Reddy,Female,57,Tirunelveli,Tamil Nadu,02-10-2023,Regular,No
104233,Swathi Iyer,Female,46,Coimbatore,Tamil Nadu,17-12-2022,Regular,Yes
104234,Ajay Singh,Female,38,Mumbai,Maharashtra,28-09-2023,Regular,No
104235,Swathi Das,Female,26,Mumbai,Maharashtra,02-02-2024,Regular,Yes
104236,Keerthi Menon,Male,20,Chennai,Tamil Nadu,18-04-2022,Premium,Yes
104237,Lakshmi Singh,Male,51,Tirunelveli,Tamil Nadu,09-01-2026,Premium,Yes
104238,Ravi Das,Female,64,Bengaluru,Karnataka,10-12-2023,Regular,Yes
104239,Dinesh Nair,Male,46,Trichy,Tamil Nadu,02-09-2023,Regular,Yes
104240,Ananya Gupta,Male,55,Hyderabad,Telangana,12-09-2022,VIP,Yes
104241,Lakshmi Rao,Male,50,Delhi,Delhi,20-08-2026,Premium,No
104242,Rahul Patel,Male,34,Mumbai,Maharashtra,25-12-2025,Regular,Yes
104243,Meena Krishnan,Other,43,Trichy,Tamil Nadu,30-03-2024,Regular,Yes
104244,Pooja Gupta,Male,30,Chennai,Tamil Nadu,23-07-2023,Regular,Yes
104245,Arun Nair,Male,28,Delhi,Delhi,05-03-2024,Regular,Yes
104246,Naveen Joshi,Female,46,Mumbai,Maharashtra,22-06-2026,Premium,No
104247,Rahul Pillai,Female,49,Mumbai,Maharashtra,12-01-2023,Premium,Yes
104248,Arun Iyer,Male,65,Hyderabad,Telangana,09-03-2025,Premium,Yes
104249,Dinesh Gupta,Female,29,Salem,Tamil Nadu,17-03-2026,Regular,No
104250,Lakshmi Das,Male,31,Delhi,Delhi,09-07-2025,VIP,Yes
104251,Ajay Rao,Female,25,Pune,Maharashtra,19-01-2026,VIP,Yes
104252,Ravi Rao,Male,63,Delhi,Delhi,31-05-2026,Premium,Yes
104253,Divya Gupta,Male,55,Tirunelveli,Tamil Nadu,12-04-2022,Premium,Yes
104254,Ananya Das,Male,33,Delhi,Delhi,11-02-2023,Regular,
104255,Pooja Rao,Female,64,Delhi,Delhi,03-09-2022,Regular,No
104256,Ajay Kumar,Male,51,Mumbai,Maharashtra,22-08-2024,Regular,Yes
104257,Vikram Nair,Male,40,Mumbai,Maharashtra,24-11-2023,Regular,No
104258,Ananya Pillai,Female,36,Bengaluru,Karnataka,11-03-2022,Regular,No
104259,Harini Krishnan,Male,45,Coimbatore,Tamil Nadu,05-08-2024,Premium,Yes
104260,Ananya Kumar,Female,22,Chennai,Tamil Nadu,21-06-2022,Regular,Yes
104261,Swathi Pillai,Male,26,Hyderabad,Telangana,24-11-2023,Regular,Yes
104262,Meena Gupta,Male,62,Hyderabad,Telangana,16-09-2023,Regular,Yes
104263,Santhosh Rao,Male,27,Mumbai,Maharashtra,28-02-2026,Premium,Yes
104264,Karthik Kumar,Male,25,Trichy,Tamil Nadu,06-03-2025,VIP,Yes
104265,Swathi Rao,Male,59,Coimbatore,Tamil Nadu,27-11-2024,Regular,Yes
104266,Sneha Kumar,Female,63,Tirunelveli,Tamil Nadu,14-11-2025,Premium,No
104267,Lakshmi Patel,Female,57,Delhi,Delhi,03-11-2022,VIP,Yes
104268,Vikram Das,Male,22,Tirunelveli,Tamil Nadu,12-03-2023,Premium,No
104269,Ananya Pillai,Male,58,Chennai,Tamil Nadu,02-07-2025,Premium,Yes
104270,Pooja Singh,Female,30,Kolkata,West Bengal,27-06-2025,Regular,Yes
104271,Divya Pillai,Male,18,Trichy,Tamil Nadu,06-02-2022,VIP,Yes
104272,Keerthi Pillai,Female,62,Kolkata,West Bengal,17-01-2023,Regular,Yes
104273,Vikram Kumar,Female,30,Tirunelveli,Tamil Nadu,22-01-2023,Premium,No
104274,Harini Reddy,Male,49,Mumbai,Maharashtra,11-01-2022,Regular,Yes
104275,Dinesh Krishnan,Female,21,Chennai,Tamil Nadu,29-01-2025,Regular,Yes
104276,Karthik Menon,Female,27,Trichy,Tamil Nadu,03-04-2022,Premium,Yes
104277,Priya Singh,Female,60,Chennai,Tamil Nadu,01-12-2025,Premium,Yes
104278,Ananya Krishnan,Female,46,Trichy,Tamil Nadu,22-09-2024,Premium,No
104279,Ravi Das,Male,65,Madurai,Tamil Nadu,18-07-2025,Premium,No
104280,Meena Menon,Female,26,Salem,Tamil Nadu,25-04-2024,Premium,Yes
104281,Sneha Menon,Male,60,Pune,Maharashtra,08-07-2026,Regular,No
104282,Priya Sharma,Male,59,Salem,Tamil Nadu,05-04-2023,VIP,No
104283,Naveen Iyer,Other,62,Hyderabad,Telangana,06-08-2024,Regular,Yes
104284,Swathi Sharma,Male,20,Pune,Maharashtra,12-01-2022,Regular,Yes
104285,Rahul Joshi,Female,23,Bengaluru,Karnataka,16-11-2025,Regular,No
104286,Sneha Pillai,Female,43,Trichy,Tamil Nadu,23-08-2024,Regular,No
104287,Vikram Gupta,Female,23,Madurai,Tamil Nadu,27-10-2022,Premium,Yes
104288,Santhosh Sharma,Female,21,Trichy,Tamil Nadu,21-10-2025,Premium,Yes
104289,Vikram Das,Female,56,Trichy,Tamil Nadu,09-08-2026,Regular,No
104290,Harini Iyer,Other,51,Mumbai,Maharashtra,27-04-2022,Premium,No
104291,Sneha Singh,Female,58,Chennai,Tamil Nadu,08-12-2025,Regular,Yes
104292,Karthik Reddy,Female,62,Tirunelveli,Tamil Nadu,06-06-2025,VIP,No
104293,Rahul Gupta,Female,24,Pune,Maharashtra,26-08-2023,Regular,Yes
104294,Swathi Iyer,Male,57,Bengaluru,Karnataka,14-12-2024,Regular,Yes
104295,Ravi Krishnan,Male,20,Tirunelveli,Tamil Nadu,28-08-2025,Premium,No
104296,Ajay Joshi,Male,35,Tirunelveli,Tamil Nadu,25-03-2024,Regular,Yes
104297,Ajay Krishnan,Male,32,Pune,Maharashtra,07-02-2025,Regular,Yes
104298,Arun Sharma,Male,29,Trichy,Tamil Nadu,24-03-2022,Regular,No
104299,Ajay Pillai,Female,52,Chennai,Tamil Nadu,23-04-2026,Regular,Yes
104300,Ananya Krishnan,Female,23,Bengaluru,Karnataka,20-04-2026,Regular,Yes
104301,Karthik Nair,,56,Mumbai,Maharashtra,24-12-2022,Regular,Yes
104302,Swathi Krishnan,Female,59,Coimbatore,Tamil Nadu,22-03-2024,Regular,Yes
104303,Rahul Pillai,Female,49,Bengaluru,Karnataka,10-02-2023,Premium,Yes
104304,Santhosh Nair,Female,21,Chennai,Tamil Nadu,11-11-2023,Regular,Yes
104305,Vikram Rao,Female,46,Madurai,Tamil Nadu,13-04-2023,Regular,No
104306,Dinesh Nair,Male,48,Trichy,Tamil Nadu,04-01-2026,Premium,No
104307,Arun Sharma,Female,35,Madurai,Tamil Nadu,27-03-2025,Premium,No
104308,Dinesh Gupta,Male,35,Trichy,Tamil Nadu,08-12-2025,Premium,Yes
104309,Swathi Sharma,Male,40,Trichy,Tamil Nadu,09-09-2025,Premium,Yes
104310,Sneha Singh,Male,65,Coimbatore,Tamil Nadu,21-05-2025,VIP,No
104311,Karthik Singh,Female,18,Kolkata,West Bengal,11-10-2022,VIP,No
104312,Keerthi Reddy,Female,42,Salem,Tamil Nadu,10-11-2025,Regular,No
104313,Rahul Singh,Male,33,Delhi,Delhi,24-08-2025,Regular,Yes
104314,Naveen Das,Female,44,Bengaluru,Karnataka,31-07-2022,Regular,Yes
104315,Vikram Patel,Male,18,Trichy,Tamil Nadu,30-05-2022,Regular,Yes
104316,Keerthi Iyer,Male,62,Mumbai,Maharashtra,17-07-2025,Regular,Yes
104317,Dinesh Pillai,Male,39,Tirunelveli,Tamil Nadu,26-10-2023,Regular,No
104318,Arun Joshi,Male,64,Delhi,Delhi,12-07-2023,Regular,Yes
104319,Arun Nair,Female,25,Salem,Tamil Nadu,06-11-2023,VIP,Yes
104320,Pooja Patel,Male,46,Chennai,Tamil Nadu,14-01-2026,Regular,Yes
104321,Karthik Kumar,Male,50,Coimbatore,Tamil Nadu,11-09-2023,Premium,No
104322,Naveen Kumar,Male,56,Pune,Maharashtra,22-09-2023,Premium,No
104323,Meena Singh,Female,18,Pune,Maharashtra,10-11-2023,Premium,Yes
104324,Lakshmi Joshi,Other,48,Mumbai,Maharashtra,03-04-2022,Regular,No
104325,Dinesh Menon,Female,25,Tirunelveli,Tamil Nadu,05-03-2022,Premium,Yes
104326,Ravi Patel,Female,38,Delhi,Delhi,06-12-2023,Premium,No
104327,Sneha Joshi,Female,20,Salem,Tamil Nadu,29-01-2022,Regular,No
104328,Ananya Nair,Male,20,Pune,Maharashtra,10-07-2025,Regular,No
104329,Rahul Reddy,Male,54,Chennai,Tamil Nadu,23-12-2023,Regular,No
104330,Ajay Singh,Female,52,Salem,Tamil Nadu,01-05-2024,Premium,Yes
104331,Keerthi Iyer,Male,60,Hyderabad,Telangana,26-07-2023,Premium,Yes
104332,Priya Pillai,Male,51,Mumbai,Maharashtra,22-07-2025,Regular,No
104333,Suresh Singh,Male,46,Salem,Tamil Nadu,28-12-2023,VIP,No
104334,Divya Krishnan,Male,23,Salem,Tamil Nadu,01-03-2022,Regular,Yes
104335,Keerthi Singh,Male,54,Tirunelveli,Tamil Nadu,10-04-2024,Premium,No
104336,Santhosh Pillai,Male,29,Pune,Maharashtra,29-10-2022,Premium,Yes
104337,Sneha Das,Male,23,Trichy,Tamil Nadu,08-10-2024,Regular,Yes
104338,Lakshmi Nair,Female,53,Mumbai,Maharashtra,16-08-2024,Premium,Yes
104339,Arun Sharma,Female,46,Madurai,Tamil Nadu,17-03-2024,Premium,No
104340,Pooja Pillai,Male,25,Kolkata,West Bengal,18-10-2023,Regular,No
104341,Rahul Rao,Male,44,Chennai,Tamil Nadu,10-10-2024,Premium,No
104342,Meena Reddy,Male,51,Pune,Maharashtra,02-03-2025,Regular,Yes
104343,Ajay Pillai,Male,41,Pune,Maharashtra,02-02-2026,Regular,Yes
104344,Karthik Kumar,Male,52,Mumbai,Maharashtra,25-06-2026,Regular,Yes
104345,Ananya Patel,Male,42,Delhi,Delhi,22-05-2022,Regular,Yes
104346,Naveen Rao,Female,34,Kolkata,West Bengal,26-01-2025,Regular,Yes
104347,Arun Patel,Female,28,Chennai,Tamil Nadu,24-05-2022,Regular,No
104348,Naveen Nair,Female,30,Bengaluru,Karnataka,11-12-2023,VIP,No
104349,Keerthi Reddy,Female,56,Trichy,Tamil Nadu,14-06-2025,Regular,No
104350,Vikram Sharma,Female,35,Delhi,Delhi,11-07-2024,Premium,Yes
104351,Priya Kumar,Female,52,Coimbatore,Tamil Nadu,05-10-2025,Regular,No
104352,Ajay Iyer,Female,35,Kolkata,West Bengal,01-04-2026,Regular,Yes
104353,Keerthi Joshi,Female,43,Kolkata,West Bengal,14-07-2026,Premium,Yes
104354,Pooja Das,Female,47,Delhi,Delhi,18-02-2025,Regular,No
104355,Rahul Nair,Female,40,Pune,Maharashtra,18-02-2025,Regular,No
104356,Harini Singh,Female,53,Trichy,Tamil Nadu,27-09-2025,VIP,Yes
104357,Dinesh Krishnan,Male,62,Tirunelveli,Tamil Nadu,01-02-2023,Regular,No
104358,Divya Sharma,Male,59,Mumbai,Maharashtra,28-05-2023,Regular,Yes
104359,Arun Reddy,Male,62,Madurai,Tamil Nadu,04-08-2023,Regular,Yes
104360,Vikram Krishnan,Male,19,Tirunelveli,Tamil Nadu,19-06-2025,Regular,Yes
104361,Keerthi Nair,Male,54,Chennai,Tamil Nadu,21-08-2023,Premium,Yes
104362,Naveen Menon,Male,52,Trichy,Tamil Nadu,26-08-2022,Regular,No
104363,Naveen Pillai,Male,37,Pune,Maharashtra,19-09-2025,Regular,Yes
104364,Ananya Gupta,Female,33,Tirunelveli,Tamil Nadu,28-06-2025,Regular,No
104365,Suresh Iyer,Male,20,Kolkata,West Bengal,07-10-2024,Regular,No
104366,Rahul Sharma,Male,58,Salem,Tamil Nadu,07-02-2026,Regular,No
104367,Lakshmi Iyer,Male,58,Bengaluru,Karnataka,08-09-2025,VIP,Yes
104368,Dinesh Menon,Male,21,Bengaluru,Karnataka,11-03-2026,Premium,Yes
104369,Suresh Pillai,Female,45,Tirunelveli,Tamil Nadu,18-03-2023,Regular,Yes
104370,Santhosh Pillai,Female,44,Kolkata,West Bengal,18-07-2022,VIP,Yes
104371,Meena Patel,Male,26,Kolkata,West Bengal,04-08-2023,Premium,Yes
104372,Arun Gupta,Female,44,Hyderabad,Telangana,11-11-2025,Regular,Yes
104373,Harini Rao,Male,56,Hyderabad,Telangana,21-04-2026,Regular,No
104374,Priya Gupta,Female,33,Trichy,Tamil Nadu,06-07-2022,Regular,Yes
104375,Divya Rao,Female,52,Mumbai,Maharashtra,25-12-2025,Regular,Yes
104376,Pooja Iyer,Female,64,Coimbatore,Tamil Nadu,24-03-2024,Regular,No
104377,Priya Sharma,Male,39,Mumbai,Maharashtra,22-10-2025,Regular,No
104378,Lakshmi Joshi,Female,23,Mumbai,Maharashtra,06-03-2025,VIP,No
104379,Suresh Singh,Female,32,Bengaluru,Karnataka,13-04-2022,Regular,Yes
104380,Suresh Patel,Female,24,Tirunelveli,Tamil Nadu,03-04-2024,Regular,No
104381,Ravi Patel,Male,34,Tirunelveli,Tamil Nadu,01-06-2022,VIP,Yes
104382,Ajay Singh,Male,48,Bengaluru,Karnataka,01-08-2023,Regular,No
104383,Ajay Joshi,Male,27,Delhi,Delhi,11-07-2025,Regular,Yes
104384,Karthik Kumar,Male,42,Kolkata,West Bengal,08-03-2025,Regular,No
104385,Ravi Sharma,Female,65,Delhi,Delhi,12-04-2025,Premium,Yes
104386,Karthik Gupta,Male,30,Madurai,Tamil Nadu,28-01-2025,Regular,No
104387,Suresh Rao,Male,60,Mumbai,Maharashtra,26-01-2022,Regular,No
104388,Swathi Sharma,Female,32,Chennai,Tamil Nadu,17-09-2024,Premium,No
104389,Meena Kumar,Female,47,Delhi,Delhi,04-04-2024,Premium,Yes
104390,Meena Reddy,Other,25,Coimbatore,Tamil Nadu,17-06-2024,Premium,Yes
104391,Santhosh Reddy,Female,30,Hyderabad,Telangana,28-12-2022,Premium,Yes
104392,Karthik Kumar,Female,59,Trichy,Tamil Nadu,14-04-2025,Premium,No
104393,Rahul Reddy,Female,46,Chennai,Tamil Nadu,29-10-2024,Regular,Yes
104394,Karthik Menon,Male,45,Chennai,Tamil Nadu,17-11-2023,Regular,Yes
104395,Harini Gupta,Male,42,Kolkata,West Bengal,07-04-2022,Regular,No
104396,Lakshmi Pillai,Female,29,Kolkata,West Bengal,27-04-2022,Regular,Yes
104397,Meena Singh,Male,62,Mumbai,Maharashtra,03-09-2023,Regular,No
104398,Ajay Patel,Male,36,Mumbai,Maharashtra,02-07-2024,Regular,Yes
104399,Ajay Joshi,Female,18,Chennai,Tamil Nadu,22-08-2026,Regular,No
104400,Sneha Menon,Male,61,Coimbatore,Tamil Nadu,14-05-2025,Regular,Yes
104401,Santhosh Rao,Male,20,Delhi,Delhi,05-04-2024,Regular,No
104402,Ananya Reddy,Male,60,Bengaluru,Karnataka,24-05-2023,Premium,Yes
104403,Sneha Patel,Male,30,Delhi,Delhi,14-10-2022,Regular,Yes
104404,Naveen Rao,Female,21,Tirunelveli,Tamil Nadu,28-08-2022,Premium,Yes
104405,Karthik Rao,Male,28,Mumbai,Maharashtra,03-05-2022,Regular,No
104406,Dinesh Kumar,Male,49,Salem,Tamil Nadu,31-03-2026,Regular,Yes
104407,Arun Joshi,Male,44,Mumbai,Maharashtra,27-01-2022,Premium,Yes
104408,Naveen Das,Female,25,Hyderabad,Telangana,08-01-2026,Premium,Yes
104409,Santhosh Das,,32,Mumbai,Maharashtra,18-09-2024,Premium,No
104410,Ravi Iyer,Male,28,Mumbai,Maharashtra,17-11-2024,VIP,Yes
104411,Dinesh Menon,Female,49,Bengaluru,Karnataka,18-06-2026,Regular,Yes
104412,Divya Menon,Male,59,Coimbatore,Tamil Nadu,30-08-2025,Premium,Yes
104413,Naveen Sharma,Female,30,Delhi,Delhi,08-09-2022,Premium,Yes
104414,Sneha Das,Male,60,Madurai,Tamil Nadu,05-07-2026,Premium,Yes
104415,Ajay Krishnan,Male,37,Pune,Maharashtra,27-10-2022,Premium,Yes
104416,Ananya Gupta,Male,21,Pune,Maharashtra,25-08-2024,Premium,Yes
104417,Suresh Iyer,,33,Pune,Maharashtra,25-12-2024,Regular,No
104418,Rahul Pillai,Male,59,Bengaluru,Karnataka,20-02-2023,Regular,Yes
104419,Naveen Nair,Male,56,Madurai,Tamil Nadu,07-12-2024,Regular,No
104420,Karthik Sharma,Female,52,Bengaluru,Karnataka,21-12-2024,Premium,Yes
104421,Sneha Sharma,Male,37,Madurai,Tamil Nadu,24-07-2026,Regular,Yes
104422,Ravi Iyer,Female,55,Tirunelveli,Tamil Nadu,04-04-2026,Premium,No
104423,Rahul Reddy,Other,52,Trichy,Tamil Nadu,11-11-2023,Regular,No
104424,Pooja Nair,Female,56,Pune,Maharashtra,19-03-2025,Regular,No
104425,Sneha Menon,Male,44,Mumbai,Maharashtra,27-10-2025,Regular,No
104426,Meena Iyer,Male,42,Salem,Tamil Nadu,14-02-2022,Regular,Yes
104427,Pooja Joshi,Female,64,Mumbai,Maharashtra,10-03-2025,Regular,No
104428,Ravi Iyer,Male,63,Pune,Maharashtra,09-04-2026,Regular,Yes
104429,Vikram Das,Male,43,Trichy,Tamil Nadu,24-07-2022,Regular,No
104430,Lakshmi Joshi,Female,27,Tirunelveli,Tamil Nadu,05-07-2025,Regular,No
104431,Santhosh Gupta,Female,37,Tirunelveli,Tamil Nadu,13-04-2022,Regular,Yes
104432,Keerthi Krishnan,Male,42,Bengaluru,Karnataka,15-11-2023,Regular,Yes
104433,Naveen Menon,Male,50,Salem,Tamil Nadu,25-10-2025,Regular,No
104434,Ajay Sharma,Female,33,Bengaluru,Karnataka,06-08-2026,Premium,Yes
104435,Harini Kumar,Female,20,Coimbatore,Tamil Nadu,22-05-2025,Premium,Yes
104436,Suresh Nair,Female,57,Tirunelveli,Tamil Nadu,11-05-2025,VIP,No
104437,Lakshmi Sharma,Male,63,Coimbatore,Tamil Nadu,17-03-2023,Regular,Yes
104438,Meena Singh,Male,21,Tirunelveli,Tamil Nadu,04-11-2025,Regular,Yes
104439,Priya Reddy,Male,33,Delhi,Delhi,25-01-2025,Regular,No
104440,Suresh Pillai,Male,38,Mumbai,Maharashtra,23-05-2026,Regular,No
104441,Ananya Pillai,Female,54,Mumbai,Maharashtra,21-10-2024,Regular,Yes
104442,Naveen Gupta,Male,55,Delhi,Delhi,09-03-2022,Regular,No
104443,Harini Krishnan,Male,34,Madurai,Tamil Nadu,18-05-2024,Regular,Yes
104444,Naveen Iyer,Female,32,Pune,Maharashtra,09-08-2025,Regular,Yes
104445,Naveen Kumar,Male,37,Madurai,Tamil Nadu,01-09-2025,Regular,Yes
104446,Naveen Krishnan,Male,29,Delhi,Delhi,19-10-2023,Regular,Yes
104447,Swathi Das,Female,38,Mumbai,Maharashtra,18-10-2022,Premium,No
104448,Ananya Singh,,30,Hyderabad,Telangana,17-01-2026,Regular,Yes
104449,Keerthi Nair,Female,20,Kolkata,West Bengal,31-10-2025,Regular,Yes
104450,Vikram Nair,Male,52,Salem,Tamil Nadu,03-02-2026,Regular,No
104451,Ravi Reddy,Male,55,Salem,Tamil Nadu,14-02-2025,Regular,No
104452,Ajay Patel,Female,31,Mumbai,Maharashtra,09-11-2025,Regular,No
104453,Divya Singh,Male,37,Pune,Maharashtra,16-11-2023,Regular,Yes
104454,Rahul Das,Female,37,Madurai,Tamil Nadu,17-08-2025,Regular,No
104455,Naveen Joshi,Male,19,Coimbatore,Tamil Nadu,10-04-2024,Regular,No
104456,Divya Rao,Female,44,Chennai,Tamil Nadu,12-09-2025,Premium,No
104457,Ravi Menon,Male,40,Coimbatore,Tamil Nadu,06-09-2022,Premium,No
104458,Ajay Gupta,Female,63,Chennai,Tamil Nadu,20-05-2023,Regular,No
104459,Harini Sharma,Female,35,Bengaluru,Karnataka,31-12-2022,Regular,Yes
104460,Ananya Krishnan,,56,Coimbatore,Tamil Nadu,23-11-2023,VIP,Yes
104461,Ravi Nair,Male,36,Bengaluru,Karnataka,16-10-2025,Regular,Yes
104462,Sneha Das,Female,26,Delhi,Delhi,15-07-2022,Premium,Yes
104463,Naveen Kumar,Female,34,Coimbatore,Tamil Nadu,26-05-2025,Regular,Yes
104464,Keerthi Pillai,Male,60,Coimbatore,Tamil Nadu,13-11-2025,VIP,Yes
104465,Keerthi Joshi,Female,30,Pune,Maharashtra,14-02-2025,Regular,Yes
104466,Ananya Kumar,Male,58,Bengaluru,Karnataka,03-01-2025,Regular,No
104467,Pooja Iyer,Male,49,Trichy,Tamil Nadu,24-08-2022,VIP,Yes
104468,Arun Iyer,Female,53,Tirunelveli,Tamil Nadu,07-11-2024,Premium,No
104469,Santhosh Menon,Male,54,Salem,Tamil Nadu,20-01-2023,Regular,No
104470,Divya Das,Male,42,Madurai,Tamil Nadu,23-02-2023,Premium,No
104471,Vikram Iyer,Female,46,Delhi,Delhi,04-01-2026,Premium,Yes
104472,Lakshmi Gupta,Female,21,Salem,Tamil Nadu,11-11-2024,Regular,No
104473,Ananya Patel,Male,51,Pune,Maharashtra,16-08-2026,Regular,Yes
104474,Dinesh Nair,Male,52,Bengaluru,Karnataka,12-02-2024,Regular,No
104475,Ananya Singh,Male,22,Salem,Tamil Nadu,01-09-2023,VIP,Yes
104476,Suresh Rao,Female,42,Mumbai,Maharashtra,19-08-2026,Regular,Yes
104477,Arun Nair,Male,42,Tirunelveli,Tamil Nadu,24-11-2024,Regular,Yes
104478,Suresh Reddy,Female,32,Delhi,Delhi,07-01-2026,Regular,No
104479,Ananya Singh,Female,21,Salem,Tamil Nadu,17-03-2022,Regular,No
104480,Ananya Pillai,Female,18,Kolkata,West Bengal,13-06-2024,Regular,No
104481,Ravi Rao,Male,28,Pune,Maharashtra,20-10-2025,Regular,No
104482,Divya Pillai,Male,29,Mumbai,Maharashtra,06-10-2025,Regular,Yes
104483,Arun Rao,Male,28,Salem,Tamil Nadu,30-04-2025,Regular,No
104484,Sneha Menon,Male,47,Chennai,Tamil Nadu,07-10-2022,Regular,Yes
104485,Ananya Patel,Male,38,Pune,Maharashtra,18-07-2024,Regular,No
104486,Priya Gupta,Female,23,Delhi,Delhi,22-06-2022,Regular,No
104487,Ananya Reddy,Male,22,Kolkata,West Bengal,25-09-2025,Premium,Yes
104488,Dinesh Kumar,Male,49,Mumbai,Maharashtra,08-12-2024,Regular,Yes
104489,Meena Iyer,Female,62,Coimbatore,Tamil Nadu,26-11-2022,Regular,No
104490,Rahul Kumar,Other,57,Delhi,Delhi,20-05-2025,Regular,No
104491,Sneha Joshi,Male,54,Hyderabad,Telangana,07-05-2025,Premium,No
104492,Suresh Joshi,Female,33,Hyderabad,Telangana,01-04-2022,Premium,No
104493,Divya Menon,Female,51,Madurai,Tamil Nadu,01-06-2022,VIP,No
104494,Priya Sharma,Male,21,Mumbai,Maharashtra,08-12-2022,Regular,Yes
104495,Arun Pillai,Female,26,Mumbai,Maharashtra,30-04-2022,Regular,Yes
104496,Pooja Menon,Male,24,Coimbatore,Tamil Nadu,02-07-2024,Regular,Yes
104497,Santhosh Patel,Male,26,Mumbai,Maharashtra,04-02-2026,Regular,Yes
104498,Naveen Rao,Male,35,Delhi,Delhi,17-04-2022,VIP,No
104499,Ravi Krishnan,Male,20,Hyderabad,Telangana,10-11-2024,Regular,Yes
104500,Meena Kumar,Female,57,Delhi,Delhi,22-12-2023,Premium,No
104501,Priya Rao,Female,52,Madurai,Tamil Nadu,22-11-2025,VIP,Yes
104502,Keerthi Menon,Male,48,Kolkata,West Bengal,30-03-2024,Premium,No
104503,Keerthi Iyer,Female,26,Tirunelveli,Tamil Nadu,10-02-2025,Regular,Yes
104504,Ananya Nair,Male,59,Trichy,Tamil Nadu,17-04-2026,Premium,Yes
104505,Lakshmi Rao,Male,18,Chennai,Tamil Nadu,20-08-2022,Regular,Yes
104506,Ajay Menon,Female,65,Delhi,Delhi,21-06-2023,Regular,No
104507,Ananya Joshi,Male,52,Mumbai,Maharashtra,04-04-2023,Regular,Yes
104508,Pooja Gupta,Female,27,Coimbatore,Tamil Nadu,14-10-2022,Premium,Yes
104509,Naveen Das,Male,27,Mumbai,Maharashtra,06-01-2025,Premium,No
104510,Arun Das,Female,51,Tirunelveli,Tamil Nadu,13-01-2022,Regular,Yes
104511,Rahul Das,Male,56,Mumbai,Maharashtra,19-10-2023,Premium,Yes
104512,Naveen Rao,Male,40,Kolkata,West Bengal,26-07-2022,Regular,Yes
104513,Vikram Kumar,Female,20,Bengaluru,Karnataka,11-11-2024,Premium,Yes
104514,Pooja Krishnan,Female,41,Salem,Tamil Nadu,30-06-2025,Regular,Yes
104515,Meena Menon,Male,41,Salem,Tamil Nadu,04-03-2024,Regular,Yes
104516,Swathi Rao,Female,33,Trichy,Tamil Nadu,27-01-2024,Regular,Yes
104517,Arun Pillai,Male,61,Delhi,Delhi,04-02-2024,Premium,Yes
104518,Meena Krishnan,Male,34,Chennai,Tamil Nadu,04-12-2022,VIP,Yes
104519,Santhosh Singh,Male,29,Madurai,Tamil Nadu,01-10-2023,Regular,Yes
104520,Ajay Kumar,Female,50,Pune,Maharashtra,06-05-2026,Regular,Yes
104521,Harini Kumar,Female,47,Tirunelveli,Tamil Nadu,11-03-2022,Regular,Yes
104522,Ravi Patel,Female,47,Madurai,Tamil Nadu,31-08-2025,Premium,Yes
104523,Arun Nair,Female,42,Kolkata,West Bengal,08-10-2022,Regular,No
104524,Santhosh Iyer,,33,Tirunelveli,Tamil Nadu,14-07-2022,Regular,Yes
104525,Divya Iyer,Male,30,Trichy,Tamil Nadu,01-05-2023,Regular,No
104526,Rahul Reddy,Male,23,Pune,Maharashtra,03-04-2023,Regular,Yes
104527,Keerthi Menon,Female,26,Chennai,Tamil Nadu,22-06-2023,Premium,Yes
104528,Pooja Menon,Male,45,Bengaluru,Karnataka,15-12-2025,Regular,No
104529,Naveen Singh,Female,37,Pune,Maharashtra,18-03-2026,Regular,Yes
104530,Santhosh Iyer,Female,53,Kolkata,West Bengal,23-03-2025,Regular,No
104531,Pooja Sharma,Female,56,Chennai,Tamil Nadu,06-09-2022,Regular,Yes
104532,Swathi Sharma,Male,44,Bengaluru,Karnataka,27-05-2026,Regular,Yes
104533,Karthik Singh,Male,23,Madurai,Tamil Nadu,11-12-2025,Regular,Yes
104534,Pooja Kumar,Female,18,Trichy,Tamil Nadu,10-05-2022,Premium,No
104535,Divya Patel,Female,28,Chennai,Tamil Nadu,21-10-2023,Regular,Yes
104536,Naveen Joshi,Male,31,Kolkata,West Bengal,11-08-2025,Regular,Yes
104537,Ajay Rao,Female,21,Chennai,Tamil Nadu,01-06-2022,Regular,No
104538,Vikram Gupta,Female,55,Madurai,Tamil Nadu,10-05-2022,Regular,Yes
104539,Rahul Sharma,Male,35,Salem,Tamil Nadu,27-10-2024,Regular,Yes
104540,Karthik Reddy,Female,53,Salem,Tamil Nadu,27-07-2023,Premium,Yes
104541,Meena Joshi,Male,28,Coimbatore,Tamil Nadu,21-01-2024,Regular,Yes
104542,Pooja Singh,Female,18,Coimbatore,Tamil Nadu,30-06-2025,Premium,Yes
104543,Karthik Krishnan,Male,24,Tirunelveli,Tamil Nadu,15-07-2024,Regular,No
104544,Divya Joshi,Male,40,Coimbatore,Tamil Nadu,23-04-2025,Regular,No
104545,Meena Rao,Male,41,Pune,Maharashtra,03-08-2022,Regular,Yes
104546,Santhosh Patel,Female,38,Trichy,Tamil Nadu,04-01-2022,Premium,Yes
104547,Meena Rao,Other,64,Coimbatore,Tamil Nadu,04-03-2023,Regular,Yes
104548,Divya Kumar,Male,49,Salem,Tamil Nadu,10-12-2022,Premium,Yes
104549,Divya Sharma,Male,53,Kolkata,West Bengal,05-07-2023,Regular,Yes
104550,Pooja Kumar,Male,23,Salem,Tamil Nadu,16-08-2025,Regular,Yes
104551,Vikram Pillai,Male,40,Chennai,Tamil Nadu,16-09-2022,Regular,No
104552,Keerthi Krishnan,Female,47,Chennai,Tamil Nadu,03-08-2022,Regular,Yes
104553,Pooja Patel,Male,46,Bengaluru,Karnataka,08-12-2022,Regular,No
104554,Ajay Reddy,Female,63,Kolkata,West Bengal,09-07-2023,Regular,No
104555,Ajay Krishnan,Female,40,Madurai,Tamil Nadu,02-12-2022,Regular,Yes
104556,Harini Pillai,Male,35,Hyderabad,Telangana,09-11-2022,Regular,No
104557,Arun Patel,Female,63,Bengaluru,Karnataka,12-09-2024,Premium,No
104558,Ravi Patel,Other,34,Salem,Tamil Nadu,09-07-2022,Premium,Yes
104559,Ajay Gupta,Female,45,Trichy,Tamil Nadu,19-09-2022,Regular,Yes
104560,Divya Pillai,Female,19,Coimbatore,Tamil Nadu,23-11-2025,Regular,Yes
104561,Harini Pillai,Male,25,Pune,Maharashtra,31-01-2022,Regular,Yes
104562,Priya Patel,Male,20,Pune,Maharashtra,15-04-2022,Regular,No
104563,Rahul Sharma,Female,38,Chennai,Tamil Nadu,29-04-2022,Regular,Yes
104564,Priya Nair,Male,62,Hyderabad,Telangana,30-06-2024,Regular,Yes
104565,Priya Patel,Female,21,Salem,Tamil Nadu,27-03-2025,Regular,No
104566,Lakshmi Pillai,Female,64,Delhi,Delhi,23-03-2025,Regular,No
104567,Santhosh Kumar,Male,59,Madurai,Tamil Nadu,19-03-2025,Regular,Yes
104568,Pooja Das,Male,18,Madurai,Tamil Nadu,08-04-2022,Regular,Yes
104569,Rahul Pillai,Male,18,Mumbai,Maharashtra,09-08-2023,Regular,Yes
104570,Suresh Joshi,Female,61,Hyderabad,Telangana,12-12-2024,Regular,No
104571,Rahul Krishnan,Male,46,Madurai,Tamil Nadu,05-03-2025,Premium,Yes
104572,Rahul Joshi,Male,26,Bengaluru,Karnataka,22-07-2023,Regular,Yes
104573,Ajay Sharma,Female,63,Pune,Maharashtra,10-12-2025,Regular,Yes
104574,Karthik Singh,Female,44,Salem,Tamil Nadu,18-11-2025,Premium,Yes
104575,Arun Kumar,Female,48,Madurai,Tamil Nadu,25-07-2025,Regular,Yes
104576,Santhosh Joshi,Female,50,Trichy,Tamil Nadu,18-09-2025,Regular,No
104577,Ravi Pillai,Male,27,Chennai,Tamil Nadu,16-07-2026,Premium,No
104578,Pooja Kumar,Other,35,Hyderabad,Telangana,11-09-2025,Premium,Yes
104579,Naveen Kumar,Female,24,Mumbai,Maharashtra,22-09-2024,VIP,No
104580,Dinesh Singh,Male,43,Mumbai,Maharashtra,09-11-2023,Premium,Yes
104581,Rahul Reddy,Male,65,Hyderabad,Telangana,08-09-2023,Premium,Yes
104582,Pooja Gupta,Male,48,Tirunelveli,Tamil Nadu,30-10-2025,Regular,Yes
104583,Keerthi Iyer,Female,51,Bengaluru,Karnataka,19-05-2023,Regular,Yes
104584,Santhosh Gupta,Female,27,Madurai,Tamil Nadu,06-12-2024,Regular,Yes
104585,Suresh Rao,Female,44,Coimbatore,Tamil Nadu,04-05-2024,Regular,Yes
104586,Lakshmi Singh,Female,65,Coimbatore,Tamil Nadu,06-10-2023,Premium,Yes
104587,Arun Iyer,Male,22,Hyderabad,Telangana,06-02-2024,Regular,No
104588,Ajay Joshi,Female,27,Mumbai,Maharashtra,18-05-2022,Premium,Yes
104589,Naveen Das,Female,52,Coimbatore,Tamil Nadu,21-04-2025,Regular,Yes
104590,Vikram Nair,Female,18,Mumbai,Maharashtra,24-04-2022,Regular,Yes
104591,Arun Singh,Male,27,Madurai,Tamil Nadu,06-05-2022,Premium,No
104592,Ajay Pillai,Female,63,Chennai,Tamil Nadu,04-03-2023,Regular,Yes
104593,Santhosh Gupta,Female,18,Chennai,Tamil Nadu,22-06-2024,Regular,Yes
104594,Arun Gupta,Male,38,Madurai,Tamil Nadu,25-05-2023,Regular,No
104595,Karthik Das,Female,33,Coimbatore,Tamil Nadu,05-02-2026,Regular,Yes
104596,Santhosh Pillai,Male,37,Chennai,Tamil Nadu,26-04-2026,Regular,No
104597,Pooja Patel,Male,30,Salem,Tamil Nadu,31-10-2023,Premium,Yes
104598,Ravi Krishnan,Female,31,Chennai,Tamil Nadu,27-08-2026,Premium,No
104599,Ravi Singh,Male,54,Tirunelveli,Tamil Nadu,01-06-2022,Premium,Yes
104600,Suresh Das,Female,19,Madurai,Tamil Nadu,02-09-2022,Premium,No
104601,Arun Joshi,Female,24,Tirunelveli,Tamil Nadu,14-08-2023,Premium,Yes
104602,Rahul Joshi,Male,30,Tirunelveli,Tamil Nadu,22-05-2026,Regular,Yes
104603,Arun Rao,Male,57,Mumbai,Maharashtra,06-05-2024,Premium,No
104604,Suresh Das,Male,36,Trichy,Tamil Nadu,16-04-2025,Premium,Yes
104605,Suresh Pillai,Male,19,Hyderabad,Telangana,14-01-2025,Regular,Yes
104606,Arun Joshi,Female,42,Pune,Maharashtra,27-04-2024,Regular,Yes
104607,Pooja Menon,Male,48,Hyderabad,Telangana,03-05-2026,Premium,Yes
104608,Rahul Kumar,Female,39,Pune,Maharashtra,11-06-2026,VIP,Yes
104609,Ananya Patel,Male,22,Salem,Tamil Nadu,01-02-2024,VIP,Yes
104610,Swathi Pillai,Male,60,Pune,Maharashtra,28-04-2025,Regular,Yes
104611,Suresh Menon,Female,59,Bengaluru,Karnataka,26-11-2024,Premium,Yes
104612,Priya Menon,Male,61,Mumbai,Maharashtra,06-10-2024,Regular,No
104613,Priya Krishnan,Female,64,Trichy,Tamil Nadu,22-06-2022,Premium,Yes
104614,Ananya Singh,Female,33,Kolkata,West Bengal,23-12-2022,Regular,Yes
104615,Divya Singh,Female,38,Kolkata,West Bengal,11-08-2026,VIP,Yes
104616,Harini Gupta,Male,64,Pune,Maharashtra,20-02-2023,VIP,Yes
104617,Vikram Patel,Male,39,Mumbai,Maharashtra,12-01-2025,Regular,Yes
104618,Ravi Krishnan,Other,59,Coimbatore,Tamil Nadu,30-03-2026,VIP,Yes
104619,Sneha Menon,Male,49,Coimbatore,Tamil Nadu,21-10-2024,Premium,Yes
104620,Santhosh Gupta,Female,62,Salem,Tamil Nadu,01-01-2023,Regular,No
104621,Ravi Patel,Female,18,Coimbatore,Tamil Nadu,01-01-2026,Regular,Yes
104622,Vikram Menon,Female,51,Tirunelveli,Tamil Nadu,24-02-2022,Premium,Yes
104623,Meena Sharma,Female,56,Trichy,Tamil Nadu,14-05-2025,Regular,Yes
104624,Pooja Sharma,Other,27,Chennai,Tamil Nadu,29-03-2023,Regular,Yes
104625,Lakshmi Singh,Male,53,Delhi,Delhi,24-12-2024,Regular,No
104626,Vikram Kumar,Female,27,Delhi,Delhi,27-03-2024,Regular,No
104627,Sneha Joshi,Female,61,Chennai,Tamil Nadu,25-08-2024,Regular,No
104628,Ravi Pillai,Male,61,Hyderabad,Telangana,12-10-2023,Premium,Yes
104629,Lakshmi Kumar,Female,18,Trichy,Tamil Nadu,18-06-2024,Regular,Yes
104630,Ananya Gupta,Male,42,Delhi,Delhi,10-05-2026,Regular,No
104631,Meena Rao,,36,Bengaluru,Karnataka,05-11-2025,Regular,No
104632,Keerthi Krishnan,Female,60,Mumbai,Maharashtra,13-12-2023,Premium,Yes
104633,Santhosh Pillai,Female,33,Mumbai,Maharashtra,20-05-2026,Regular,Yes
104634,Ajay Das,Male,52,Hyderabad,Telangana,20-02-2026,Premium,Yes
104635,Ananya Sharma,Female,23,Bengaluru,Karnataka,02-12-2024,Premium,Yes
104636,Naveen Kumar,Male,28,Trichy,Tamil Nadu,07-10-2024,Premium,Yes
104637,Pooja Nair,Male,65,Trichy,Tamil Nadu,02-03-2022,Regular,Yes
104638,Swathi Joshi,Male,36,Pune,Maharashtra,10-06-2024,Regular,No
104639,Keerthi Das,Female,54,Coimbatore,Tamil Nadu,28-12-2022,Regular,Yes
104640,Meena Singh,Male,64,Tirunelveli,Tamil Nadu,30-09-2022,Regular,No
104641,Priya Kumar,Male,64,Salem,Tamil Nadu,30-12-2025,Regular,Yes
104642,Naveen Pillai,Female,18,Chennai,Tamil Nadu,06-04-2023,Regular,Yes
104643,Priya Patel,Male,29,Tirunelveli,Tamil Nadu,12-11-2024,Regular,No
104644,Ajay Krishnan,Male,52,Chennai,Tamil Nadu,14-01-2026,Regular,Yes
104645,Naveen Krishnan,Male,62,Chennai,Tamil Nadu,13-10-2024,Regular,Yes
104646,Priya Reddy,Female,64,Delhi,Delhi,18-08-2025,Regular,Yes
104647,Meena Kumar,Female,52,Madurai,Tamil Nadu,10-08-2025,Premium,Yes
104648,Vikram Singh,Female,22,Chennai,Tamil Nadu,31-01-2024,Regular,No
104649,Lakshmi Patel,Male,53,Mumbai,Maharashtra,17-04-2026,Regular,No
104650,Lakshmi Krishnan,Male,31,Mumbai,Maharashtra,26-03-2026,Regular,No
104651,Pooja Gupta,Female,56,Delhi,Delhi,29-07-2023,Premium,Yes
104652,Dinesh Reddy,Male,44,Tirunelveli,Tamil Nadu,24-10-2025,Premium,No
104653,Suresh Rao,Male,26,Mumbai,Maharashtra,08-11-2022,Regular,Yes
104654,Lakshmi Kumar,Male,58,Hyderabad,Telangana,10-07-2022,Regular,Yes
104655,Meena Iyer,Male,65,Bengaluru,Karnataka,20-06-2024,Premium,No
104656,Karthik Menon,Male,42,Hyderabad,Telangana,27-10-2024,Premium,Yes
104657,Karthik Gupta,Female,57,Bengaluru,Karnataka,19-09-2024,Regular,Yes
104658,Lakshmi Menon,Male,20,Kolkata,West Bengal,20-09-2025,Regular,No
104659,Sneha Sharma,Female,31,Pune,Maharashtra,27-10-2023,Regular,Yes
104660,Suresh Rao,Male,24,Pune,Maharashtra,06-10-2025,Premium,Yes
104661,Swathi Singh,Female,31,Trichy,Tamil Nadu,14-03-2026,Regular,Yes
104662,Sneha Joshi,Female,36,Kolkata,West Bengal,05-06-2022,Premium,No
104663,Santhosh Krishnan,Female,38,Bengaluru,Karnataka,03-02-2024,Premium,Yes
104664,Pooja Joshi,Male,33,Delhi,Delhi,17-01-2023,Premium,Yes
104665,Meena Iyer,Female,44,Mumbai,Maharashtra,21-01-2025,VIP,Yes
104666,Ajay Nair,Male,28,Trichy,Tamil Nadu,04-12-2023,Regular,Yes
104667,Swathi Menon,Female,34,Mumbai,Maharashtra,24-04-2023,Premium,Yes
104668,Meena Singh,Female,58,Bengaluru,Karnataka,04-03-2023,Premium,No
104669,Suresh Das,Female,44,Madurai,Tamil Nadu,27-08-2023,Premium,No
104670,Ajay Rao,Female,19,Pune,Maharashtra,05-07-2022,Regular,No
104671,Ravi Joshi,Female,33,Bengaluru,Karnataka,27-06-2022,Regular,No
104672,Divya Iyer,Female,57,Madurai,Tamil Nadu,04-12-2024,VIP,Yes
104673,Swathi Joshi,Male,26,Hyderabad,Telangana,22-05-2026,Regular,Yes
104674,Ajay Singh,Male,62,Salem,Tamil Nadu,12-05-2024,VIP,Yes
104675,Vikram Nair,Female,32,Trichy,Tamil Nadu,26-04-2026,Regular,Yes
104676,Priya Rao,Other,48,Delhi,Delhi,21-09-2022,Regular,No
104677,Divya Reddy,Female,40,Kolkata,West Bengal,13-07-2026,VIP,Yes
104678,Keerthi Joshi,Male,48,Kolkata,West Bengal,23-09-2024,Premium,No
104679,Karthik Pillai,Female,56,Coimbatore,Tamil Nadu,18-06-2025,Regular,Yes
104680,Ravi Joshi,Male,25,Chennai,Tamil Nadu,16-04-2022,Regular,Yes
104681,Ananya Joshi,Male,34,Mumbai,Maharashtra,23-10-2024,Regular,No
104682,Pooja Krishnan,Male,45,Hyderabad,Telangana,14-10-2023,Regular,Yes
104683,Keerthi Nair,Male,30,Madurai,Tamil Nadu,08-03-2026,Regular,Yes
104684,Ravi Gupta,Female,36,Chennai,Tamil Nadu,09-09-2025,Regular,Yes
104685,Swathi Kumar,Male,60,Kolkata,West Bengal,09-01-2026,Regular,Yes
104686,Pooja Gupta,Male,28,Madurai,Tamil Nadu,22-02-2026,Regular,Yes
104687,Naveen Nair,Female,27,Tirunelveli,Tamil Nadu,10-05-2025,VIP,No
104688,Vikram Krishnan,Male,45,Mumbai,Maharashtra,21-02-2023,Premium,No
104689,Pooja Singh,Male,22,Chennai,Tamil Nadu,26-04-2023,Regular,No
104690,Suresh Singh,Male,18,Madurai,Tamil Nadu,01-01-2026,VIP,No
104691,Arun Kumar,Male,59,Chennai,Tamil Nadu,19-10-2024,Regular,Yes
104692,Priya Singh,Female,31,Chennai,Tamil Nadu,24-02-2026,Regular,No
104693,Ravi Singh,Male,23,Tirunelveli,Tamil Nadu,13-09-2025,Regular,Yes
104694,Lakshmi Reddy,Male,49,Salem,Tamil Nadu,28-10-2024,Premium,Yes
104695,Ananya Reddy,Male,41,Madurai,Tamil Nadu,17-09-2022,Regular,No
104696,Divya Das,Male,39,Salem,Tamil Nadu,28-07-2026,Regular,Yes
104697,Vikram Patel,Male,39,Chennai,Tamil Nadu,18-02-2023,VIP,Yes
104698,Pooja Gupta,Male,24,Bengaluru,Karnataka,23-02-2023,Premium,No
104699,Karthik Sharma,Male,59,Mumbai,Maharashtra,06-09-2022,Premium,Yes
104700,Karthik Das,Male,18,Chennai,Tamil Nadu,28-04-2022,Premium,Yes
104701,Lakshmi Iyer,Female,41,Salem,Tamil Nadu,30-09-2023,Premium,Yes
104702,Arun Rao,Male,30,Chennai,Tamil Nadu,04-12-2025,Regular,Yes
104703,Lakshmi Rao,Male,48,Kolkata,West Bengal,11-01-2026,Premium,Yes
104704,Santhosh Das,Female,44,Salem,Tamil Nadu,14-04-2024,Regular,Yes
104705,Arun Singh,Male,36,Madurai,Tamil Nadu,19-06-2023,Regular,Yes
104706,Swathi Rao,Female,43,Hyderabad,Telangana,12-08-2023,VIP,Yes
104707,Sneha Iyer,Male,28,Pune,Maharashtra,12-04-2026,Regular,Yes
104708,Pooja Nair,Male,24,Kolkata,West Bengal,04-04-2022,Regular,Yes
104709,Keerthi Singh,Female,61,Trichy,Tamil Nadu,08-04-2022,Regular,Yes
104710,Vikram Krishnan,Male,47,Pune,Maharashtra,20-04-2022,Premium,Yes
104711,Arun Nair,Male,49,Mumbai,Maharashtra,18-02-2026,VIP,Yes
104712,Ananya Menon,Female,65,Trichy,Tamil Nadu,04-06-2022,Regular,Yes
104713,Naveen Singh,Female,61,Salem,Tamil Nadu,20-05-2026,Regular,No
104714,Divya Reddy,Male,46,Pune,Maharashtra,09-11-2022,Premium,Yes
104715,Karthik Reddy,Female,56,Chennai,Tamil Nadu,21-07-2024,Regular,Yes
104716,Swathi Kumar,Male,43,Kolkata,West Bengal,08-07-2026,Regular,Yes
104717,Arun Rao,Female,29,Salem,Tamil Nadu,16-07-2022,Regular,Yes
104718,Karthik Gupta,Male,47,Tirunelveli,Tamil Nadu,24-04-2023,Regular,Yes
104719,Swathi Menon,Female,61,Delhi,Delhi,21-05-2025,Regular,No
104720,Meena Nair,Male,60,Bengaluru,Karnataka,20-10-2025,Premium,No
104721,Suresh Iyer,Female,42,Kolkata,West Bengal,23-03-2026,Regular,Yes
104722,Keerthi Pillai,Male,63,Trichy,Tamil Nadu,03-02-2022,Premium,Yes
104723,Divya Kumar,Female,27,Tirunelveli,Tamil Nadu,13-08-2025,Premium,No
104724,Keerthi Singh,Female,19,Chennai,Tamil Nadu,02-07-2023,Regular,Yes
104725,Swathi Gupta,Female,37,Mumbai,Maharashtra,06-08-2024,Premium,Yes
104726,Lakshmi Singh,Other,27,Pune,Maharashtra,21-03-2026,Regular,Yes
104727,Santhosh Sharma,Male,63,Bengaluru,Karnataka,14-03-2026,Regular,Yes
104728,Ananya Reddy,Female,23,Salem,Tamil Nadu,11-11-2022,Regular,No
104729,Santhosh Das,Male,43,Bengaluru,Karnataka,11-03-2024,Premium,Yes
104730,Ananya Iyer,Female,55,Coimbatore,Tamil Nadu,28-04-2023,Premium,Yes
104731,Swathi Krishnan,Female,23,Tirunelveli,Tamil Nadu,11-11-2024,Regular,Yes
104732,Harini Nair,Male,20,Madurai,Tamil Nadu,06-11-2025,Premium,No
104733,Rahul Patel,Male,44,Trichy,Tamil Nadu,25-06-2023,Regular,Yes
104734,Ajay Reddy,Female,61,Mumbai,Maharashtra,26-07-2022,Regular,Yes
104735,Priya Gupta,Female,18,Trichy,Tamil Nadu,20-04-2022,Regular,Yes
104736,Ravi Singh,Female,18,Pune,Maharashtra,01-04-2022,Premium,No
104737,Keerthi Menon,Female,62,Chennai,Tamil Nadu,15-09-2023,Regular,Yes
104738,Arun Nair,Male,46,Delhi,Delhi,01-07-2026,Regular,Yes
104739,Divya Sharma,Female,51,Delhi,Delhi,04-03-2023,Premium,No
104740,Arun Nair,Female,31,Kolkata,West Bengal,20-11-2023,Regular,No
104741,Ravi Rao,Female,32,Mumbai,Maharashtra,21-02-2025,Regular,Yes
104742,Swathi Nair,Female,40,Pune,Maharashtra,23-01-2025,Regular,No
104743,Keerthi Gupta,Female,28,Pune,Maharashtra,05-04-2023,Regular,Yes
104744,Pooja Pillai,Female,39,Mumbai,Maharashtra,05-08-2022,Regular,No
104745,Karthik Gupta,Female,63,Madurai,Tamil Nadu,24-09-2022,Regular,No
104746,Pooja Das,Female,53,Mumbai,Maharashtra,10-01-2023,Premium,No
104747,Arun Rao,Female,59,Trichy,Tamil Nadu,27-05-2022,Premium,Yes
104748,Harini Krishnan,Male,41,Mumbai,Maharashtra,21-02-2024,Premium,No
104749,Arun Patel,Male,55,Salem,Tamil Nadu,02-01-2025,Regular,No
104750,Keerthi Gupta,Female,38,Delhi,Delhi,21-02-2025,Regular,Yes
104751,Suresh Gupta,Female,47,Chennai,Tamil Nadu,26-03-2026,Regular,No
104752,Swathi Reddy,Female,53,Bengaluru,Karnataka,14-05-2023,Regular,Yes
104753,Sneha Pillai,Female,57,Trichy,Tamil Nadu,18-01-2025,Regular,Yes
104754,Keerthi Gupta,Male,62,Salem,Tamil Nadu,12-02-2026,Regular,No
104755,Santhosh Singh,Male,23,Hyderabad,Telangana,18-02-2022,Premium,Yes
104756,Arun Pillai,Female,56,Coimbatore,Tamil Nadu,20-08-2025,Premium,No
104757,Keerthi Sharma,Female,52,Kolkata,West Bengal,30-05-2022,Regular,Yes
104758,Ravi Kumar,Male,53,Bengaluru,Karnataka,26-07-2024,VIP,Yes
104759,Divya Patel,Male,18,Pune,Maharashtra,13-11-2025,Regular,No
104760,Meena Rao,Male,41,Madurai,Tamil Nadu,20-02-2024,VIP,No
104761,Dinesh Patel,Male,64,Tirunelveli,Tamil Nadu,09-08-2024,Regular,No
104762,Naveen Joshi,Female,61,Salem,Tamil Nadu,19-11-2024,Regular,Yes
104763,Naveen Reddy,Male,29,Bengaluru,Karnataka,09-09-2024,Regular,Yes
104764,Pooja Reddy,Male,41,Hyderabad,Telangana,28-05-2025,Regular,No
104765,Meena Das,Female,59,Pune,Maharashtra,31-12-2025,Premium,No
104766,Divya Kumar,Female,62,Bengaluru,Karnataka,18-08-2022,Regular,No
104767,Dinesh Menon,Female,33,Kolkata,West Bengal,08-12-2023,Premium,Yes
104768,Rahul Singh,Male,56,Chennai,Tamil Nadu,20-12-2025,Regular,Yes
104769,Divya Joshi,Male,58,Bengaluru,Karnataka,11-10-2023,VIP,Yes
104770,Santhosh Krishnan,Male,25,Chennai,Tamil Nadu,11-04-2024,Regular,Yes
104771,Suresh Kumar,Female,19,Mumbai,Maharashtra,15-06-2025,Premium,Yes
104772,Karthik Sharma,Male,20,Trichy,Tamil Nadu,10-05-2026,Premium,Yes
104773,Swathi Sharma,Female,24,Hyderabad,Telangana,04-03-2023,Regular,Yes
104774,Pooja Joshi,Female,53,Tirunelveli,Tamil Nadu,13-06-2026,Regular,Yes
104775,Vikram Krishnan,Female,36,Mumbai,Maharashtra,21-04-2025,Regular,Yes
104776,Harini Singh,Male,50,Chennai,Tamil Nadu,22-02-2022,Premium,No
104777,Suresh Iyer,Male,22,Delhi,Delhi,04-01-2026,Premium,Yes
104778,Suresh Pillai,Female,46,Madurai,Tamil Nadu,16-10-2023,Regular,No
104779,Pooja Iyer,Male,53,Bengaluru,Karnataka,25-04-2023,Premium,No
104780,Ravi Krishnan,Female,64,Chennai,Tamil Nadu,13-06-2024,Premium,No
104781,Priya Menon,Male,33,Salem,Tamil Nadu,06-09-2024,Premium,No
104782,Karthik Patel,Other,44,Coimbatore,Tamil Nadu,06-07-2024,Regular,No
104783,Suresh Rao,Female,41,Delhi,Delhi,04-04-2022,Regular,Yes
104784,Santhosh Reddy,Male,34,Trichy,Tamil Nadu,30-10-2025,VIP,No
104785,Divya Singh,,48,Salem,Tamil Nadu,04-08-2023,Premium,No
104786,Harini Joshi,Female,45,Delhi,Delhi,28-08-2022,Regular,Yes
104787,Meena Krishnan,Female,57,Kolkata,West Bengal,19-08-2024,Premium,No
104788,Santhosh Gupta,Male,19,Chennai,Tamil Nadu,24-11-2024,Regular,Yes
104789,Pooja Rao,Male,28,Mumbai,Maharashtra,25-06-2022,Premium,Yes
104790,Lakshmi Reddy,Female,45,Coimbatore,Tamil Nadu,22-05-2026,Premium,Yes
104791,Ananya Krishnan,Male,45,Hyderabad,Telangana,18-10-2024,Premium,No
104792,Arun Rao,Female,61,Tirunelveli,Tamil Nadu,22-08-2026,Premium,Yes
104793,Harini Iyer,Male,50,Tirunelveli,Tamil Nadu,13-02-2025,Regular,Yes
104794,Dinesh Singh,Female,18,Mumbai,Maharashtra,18-01-2022,Regular,Yes
104795,Harini Das,Male,41,Delhi,Delhi,21-12-2022,Premium,No
104796,Sneha Menon,Female,58,Hyderabad,Telangana,12-07-2026,Premium,No
104797,Priya Reddy,Male,59,Kolkata,West Bengal,09-08-2024,Regular,Yes
104798,Harini Pillai,Male,56,Bengaluru,Karnataka,27-07-2022,VIP,Yes
104799,Arun Singh,Male,40,Delhi,Delhi,07-05-2022,Regular,No
104800,Priya Reddy,Female,23,Kolkata,West Bengal,01-07-2024,Regular,Yes
104801,Lakshmi Iyer,Male,28,Coimbatore,Tamil Nadu,07-10-2024,VIP,Yes
104802,Ajay Gupta,Female,58,Coimbatore,Tamil Nadu,23-02-2023,Premium,No
104803,Harini Patel,Male,34,Hyderabad,Telangana,28-11-2022,Premium,No
104804,Pooja Nair,Female,54,Trichy,Tamil Nadu,27-10-2024,Premium,Yes
104805,Rahul Reddy,Female,19,Madurai,Tamil Nadu,11-01-2024,Regular,Yes
104806,Naveen Krishnan,Male,41,Trichy,Tamil Nadu,04-03-2022,Regular,Yes
104807,Ravi Menon,Male,63,Pune,Maharashtra,09-04-2022,Premium,No
104808,Pooja Patel,Male,29,Salem,Tamil Nadu,10-02-2023,Regular,No
104809,Divya Joshi,Female,19,Delhi,Delhi,16-08-2024,Regular,Yes
104810,Lakshmi Kumar,Female,31,Trichy,Tamil Nadu,26-05-2023,Regular,No
104811,Swathi Sharma,Male,21,Hyderabad,Telangana,26-01-2022,Regular,Yes
104812,Harini Das,Female,47,Hyderabad,Telangana,06-04-2026,Regular,No
104813,Pooja Krishnan,Female,27,Kolkata,West Bengal,24-03-2025,Regular,No
104814,Ajay Reddy,Female,29,Kolkata,West Bengal,19-09-2024,Premium,No
104815,Dinesh Rao,Female,46,Madurai,Tamil Nadu,20-02-2023,Regular,No
104816,Ravi Patel,Female,33,Mumbai,Maharashtra,18-04-2025,Regular,Yes
104817,Arun Rao,Female,49,Salem,Tamil Nadu,28-05-2026,Regular,Yes
104818,Vikram Krishnan,Female,62,Mumbai,Maharashtra,23-02-2025,Premium,Yes
104819,Ananya Joshi,Male,62,Kolkata,West Bengal,18-05-2023,Regular,No
104820,Pooja Nair,Female,53,Tirunelveli,Tamil Nadu,29-10-2023,Regular,Yes
104821,Naveen Krishnan,Other,64,Kolkata,West Bengal,29-04-2026,Premium,Yes
104822,Ajay Das,Female,53,Madurai,Tamil Nadu,24-01-2022,Regular,Yes
104823,Santhosh Patel,Male,21,Salem,Tamil Nadu,12-01-2023,Regular,Yes
104824,Suresh Reddy,Female,63,Tirunelveli,Tamil Nadu,01-07-2022,Premium,Yes
104825,Keerthi Joshi,Male,45,Pune,Maharashtra,26-12-2024,Regular,Yes
104826,Ajay Iyer,Female,18,Pune,Maharashtra,19-02-2024,Regular,Yes
104827,Santhosh Gupta,Male,47,Hyderabad,Telangana,15-08-2022,Regular,Yes
104828,Suresh Iyer,Female,29,Kolkata,West Bengal,20-05-2026,Premium,Yes
104829,Suresh Gupta,Male,43,Tirunelveli,Tamil Nadu,26-07-2024,Premium,No
104830,Keerthi Iyer,Male,49,Pune,Maharashtra,27-02-2023,Premium,Yes
104831,Sneha Joshi,Male,19,Delhi,Delhi,27-05-2026,VIP,No
104832,Suresh Krishnan,Male,39,Bengaluru,Karnataka,02-04-2025,Premium,No
104833,Ananya Sharma,Male,20,Delhi,Delhi,09-08-2022,Regular,Yes
104834,Suresh Krishnan,Female,23,Hyderabad,Telangana,06-11-2025,Regular,Yes
104835,Vikram Das,Female,28,Tirunelveli,Tamil Nadu,11-04-2022,Premium,Yes
104836,Suresh Patel,Female,55,Kolkata,West Bengal,22-03-2026,Premium,Yes
104837,Divya Reddy,Female,37,Bengaluru,Karnataka,31-10-2023,Regular,Yes
104838,Divya Menon,Male,20,Chennai,Tamil Nadu,14-05-2023,Regular,
104839,Vikram Menon,Female,53,Salem,Tamil Nadu,01-04-2022,Regular,Yes
104840,Vikram Patel,Female,44,Tirunelveli,Tamil Nadu,03-05-2026,Regular,Yes
104841,Santhosh Pillai,Male,24,Trichy,Tamil Nadu,09-08-2024,Regular,No
104842,Suresh Reddy,Female,44,Bengaluru,Karnataka,30-10-2024,Premium,Yes
104843,Naveen Kumar,Female,29,Bengaluru,Karnataka,16-12-2025,Premium,No
104844,Meena Das,Female,48,Hyderabad,Telangana,14-05-2024,Regular,No
104845,Pooja Sharma,Female,63,Trichy,Tamil Nadu,08-05-2023,Premium,Yes
104846,Arun Reddy,Male,33,Trichy,Tamil Nadu,16-08-2025,Regular,Yes
104847,Rahul Rao,Female,53,Salem,Tamil Nadu,20-06-2024,Regular,Yes
104848,Santhosh Patel,Male,19,Bengaluru,Karnataka,10-02-2023,Premium,No
104849,Meena Reddy,Female,37,Bengaluru,Karnataka,06-12-2025,VIP,No
104850,Arun Krishnan,Male,60,Salem,Tamil Nadu,13-10-2025,VIP,No
104851,Divya Rao,Female,21,Tirunelveli,Tamil Nadu,25-02-2023,Regular,Yes
104852,Pooja Gupta,Male,62,Madurai,Tamil Nadu,09-01-2025,Regular,Yes
104853,Sneha Das,Male,22,Bengaluru,Karnataka,15-04-2026,Premium,Yes
104854,Santhosh Nair,Male,41,Chennai,Tamil Nadu,20-09-2025,Premium,No
104855,Arun Reddy,Male,26,Chennai,Tamil Nadu,04-12-2022,Regular,Yes
104856,Swathi Gupta,Female,18,Madurai,Tamil Nadu,25-12-2025,Regular,Yes
104857,Vikram Iyer,Female,34,Salem,Tamil Nadu,06-04-2022,Regular,Yes
104858,Divya Reddy,Male,45,Coimbatore,Tamil Nadu,15-11-2024,Regular,Yes
104859,Naveen Gupta,Female,52,Mumbai,Maharashtra,19-05-2024,Regular,No
104860,Arun Menon,Female,33,Trichy,Tamil Nadu,04-03-2022,Premium,No
104861,Swathi Das,Male,41,Chennai,Tamil Nadu,19-05-2025,Regular,Yes
104862,Harini Kumar,Female,26,Trichy,Tamil Nadu,22-05-2023,Premium,Yes
104863,Pooja Sharma,Male,53,Salem,Tamil Nadu,19-12-2025,Regular,Yes
104864,Harini Nair,Male,26,Madurai,Tamil Nadu,01-02-2026,Regular,Yes
104865,Priya Menon,Male,59,Salem,Tamil Nadu,30-09-2024,Regular,Yes
104866,Naveen Nair,Male,26,Coimbatore,Tamil Nadu,01-12-2024,Premium,Yes
104867,Vikram Kumar,Female,49,Pune,Maharashtra,30-03-2022,Regular,Yes
104868,Santhosh Iyer,Female,33,Mumbai,Maharashtra,22-02-2026,Premium,No
104869,Dinesh Das,Male,65,Tirunelveli,Tamil Nadu,04-03-2025,Regular,No
104870,Pooja Krishnan,Female,31,Madurai,Tamil Nadu,16-10-2023,Regular,No
104871,Harini Kumar,Male,63,Hyderabad,Telangana,26-05-2022,VIP,Yes
104872,Lakshmi Kumar,Male,58,Tirunelveli,Tamil Nadu,08-05-2024,Regular,Yes
104873,Lakshmi Reddy,Female,40,Chennai,Tamil Nadu,12-03-2026,Regular,Yes
104874,Dinesh Sharma,Female,41,Coimbatore,Tamil Nadu,06-01-2026,Premium,Yes
104875,Meena Rao,Female,34,Hyderabad,Telangana,17-06-2022,Regular,Yes
104876,Lakshmi Sharma,Male,38,Coimbatore,Tamil Nadu,19-07-2025,Regular,Yes
104877,Arun Krishnan,,40,Delhi,Delhi,20-05-2022,VIP,No
104878,Arun Menon,Male,25,Pune,Maharashtra,04-10-2023,Regular,No
104879,Arun Joshi,Female,33,Madurai,Tamil Nadu,31-01-2024,Regular,No
104880,Ravi Joshi,Male,60,Trichy,Tamil Nadu,08-02-2022,Premium,Yes
104881,Rahul Reddy,Female,64,Delhi,Delhi,22-08-2022,Premium,No
104882,Meena Kumar,Male,20,Tirunelveli,Tamil Nadu,05-02-2026,Regular,Yes
104883,Rahul Patel,Male,53,Pune,Maharashtra,05-12-2024,Regular,No
104884,Naveen Krishnan,Male,29,Bengaluru,Karnataka,29-08-2025,Premium,Yes
104885,Priya Kumar,Female,49,Chennai,Tamil Nadu,29-08-2024,Premium,No
104886,Pooja Singh,Female,47,Hyderabad,Telangana,03-02-2024,Regular,No
104887,Swathi Patel,Other,60,Madurai,Tamil Nadu,31-01-2022,Regular,Yes
104888,Ananya Reddy,Female,51,Kolkata,West Bengal,17-07-2024,Regular,Yes
104889,Divya Krishnan,Female,57,Delhi,Delhi,02-08-2025,Regular,No
104890,Meena Krishnan,Male,56,Pune,Maharashtra,14-12-2022,Premium,No
104891,Priya Rao,Female,49,Salem,Tamil Nadu,14-04-2024,Premium,Yes
104892,Meena Pillai,Female,37,Kolkata,West Bengal,02-12-2023,Regular,Yes
104893,Suresh Sharma,Female,34,Chennai,Tamil Nadu,20-01-2026,Premium,Yes
104894,Pooja Iyer,Male,34,Chennai,Tamil Nadu,05-10-2022,Premium,Yes
104895,Santhosh Singh,,35,Pune,Maharashtra,29-06-2022,Premium,Yes
104896,Swathi Krishnan,Female,31,Delhi,Delhi,24-12-2022,VIP,Yes
104897,Meena Das,Male,32,Salem,Tamil Nadu,23-09-2022,Regular,Yes
104898,Sneha Sharma,Male,45,Kolkata,West Bengal,09-12-2025,Premium,Yes
104899,Swathi Joshi,Male,30,Trichy,Tamil Nadu,20-03-2023,Regular,No
104900,Harini Patel,Female,34,Coimbatore,Tamil Nadu,09-09-2023,Regular,Yes
104901,Ananya Singh,Male,52,Delhi,Delhi,14-03-2023,Regular,Yes
104902,Naveen Das,Female,33,Coimbatore,Tamil Nadu,17-10-2025,Regular,Yes
104903,Swathi Joshi,Female,23,Coimbatore,Tamil Nadu,02-02-2025,Premium,No
104904,Ananya Krishnan,Female,18,Madurai,Tamil Nadu,16-03-2024,Regular,Yes
104905,Ravi Joshi,Male,54,Hyderabad,Telangana,20-09-2025,Regular,Yes
104906,Ananya Iyer,Female,63,Coimbatore,Tamil Nadu,01-05-2022,Regular,Yes
104907,Ananya Das,Male,50,Mumbai,Maharashtra,27-02-2025,Regular,Yes
104908,Lakshmi Gupta,Male,20,Trichy,Tamil Nadu,07-09-2023,Regular,No
104909,Arun Rao,Male,45,Trichy,Tamil Nadu,07-10-2023,Regular,Yes
104910,Sneha Singh,Male,31,Coimbatore,Tamil Nadu,27-09-2022,VIP,Yes
104911,Santhosh Joshi,Female,33,Tirunelveli,Tamil Nadu,15-06-2022,Premium,Yes
104912,Sneha Sharma,Male,62,Kolkata,West Bengal,25-03-2025,Regular,Yes
104913,Pooja Singh,Female,57,Chennai,Tamil Nadu,16-12-2025,Premium,No
104914,Suresh Pillai,Male,53,Coimbatore,Tamil Nadu,30-03-2026,Regular,No
104915,Santhosh Pillai,Other,42,Trichy,Tamil Nadu,19-02-2023,Regular,No
104916,Swathi Joshi,Female,45,Bengaluru,Karnataka,21-07-2025,Regular,Yes
104917,Naveen Pillai,Male,61,Bengaluru,Karnataka,09-07-2022,Regular,Yes
104918,Ravi Kumar,Female,49,Mumbai,Maharashtra,16-08-2025,Regular,No
104919,Dinesh Joshi,Male,45,Salem,Tamil Nadu,20-08-2024,Premium,Yes
104920,Vikram Singh,Female,22,Kolkata,West Bengal,05-01-2026,Regular,No
104921,Keerthi Krishnan,Female,65,Tirunelveli,Tamil Nadu,25-04-2022,Regular,Yes
104922,Pooja Singh,Female,56,Salem,Tamil Nadu,13-08-2025,Regular,Yes
104923,Harini Gupta,Male,35,Kolkata,West Bengal,05-03-2024,Premium,No
104924,Santhosh Das,Other,30,Madurai,Tamil Nadu,24-08-2024,VIP,Yes
104925,Priya Gupta,Female,64,Mumbai,Maharashtra,05-07-2024,Regular,No
104926,Priya Iyer,Female,63,Bengaluru,Karnataka,29-04-2025,Regular,Yes
104927,Divya Iyer,Male,38,Delhi,Delhi,15-10-2024,Premium,Yes
104928,Naveen Nair,Male,29,Coimbatore,Tamil Nadu,09-12-2023,Regular,Yes
104929,Karthik Kumar,Female,56,Hyderabad,Telangana,11-01-2024,Regular,Yes
104930,Karthik Krishnan,,48,Hyderabad,Telangana,01-05-2022,Premium,No
104931,Swathi Patel,Female,61,Chennai,Tamil Nadu,16-05-2025,Regular,Yes
104932,Priya Rao,Female,44,Madurai,Tamil Nadu,14-04-2025,Regular,Yes
104933,Swathi Kumar,Female,44,Salem,Tamil Nadu,21-08-2024,Regular,Yes
104934,Swathi Iyer,Male,24,Trichy,Tamil Nadu,11-05-2025,Regular,No
104935,Divya Das,Female,46,Delhi,Delhi,03-04-2023,Premium,Yes
104936,Priya Patel,Male,35,Coimbatore,Tamil Nadu,16-01-2023,Regular,Yes
104937,Rahul Reddy,Female,27,Tirunelveli,Tamil Nadu,22-04-2026,Regular,No
104938,Swathi Reddy,Male,55,Coimbatore,Tamil Nadu,10-06-2026,Premium,No
104939,Arun Reddy,Female,34,Mumbai,Maharashtra,20-12-2025,Premium,No
104940,Priya Das,Female,28,Delhi,Delhi,31-03-2022,Regular,No
104941,Lakshmi Iyer,Female,64,Madurai,Tamil Nadu,21-07-2024,Regular,Yes
104942,Naveen Singh,Male,64,Pune,Maharashtra,05-06-2025,Regular,No
104943,Priya Krishnan,Female,41,Salem,Tamil Nadu,05-03-2022,Regular,Yes
104944,Karthik Rao,Male,32,Salem,Tamil Nadu,05-07-2026,Regular,Yes
104945,Ravi Das,Male,25,Chennai,Tamil Nadu,31-08-2025,Premium,Yes
104946,Rahul Reddy,Female,48,Madurai,Tamil Nadu,10-06-2023,Regular,Yes
104947,Naveen Joshi,Female,47,Delhi,Delhi,10-05-2024,Regular,Yes
104948,Arun Singh,Male,47,Kolkata,West Bengal,01-04-2026,Regular,Yes
104949,Harini Patel,Female,54,Mumbai,Maharashtra,22-12-2025,Regular,
104950,Suresh Pillai,Male,40,Delhi,Delhi,05-11-2025,Regular,No
104951,Lakshmi Krishnan,Female,50,Mumbai,Maharashtra,31-07-2026,Regular,Yes
104952,Pooja Das,Female,49,Chennai,Tamil Nadu,18-06-2025,Premium,Yes
104953,Divya Pillai,Female,56,Trichy,Tamil Nadu,10-05-2026,Premium,Yes
104954,Arun Kumar,Female,53,Bengaluru,Karnataka,10-06-2026,Regular,Yes
104955,Ajay Gupta,Female,19,Delhi,Delhi,03-02-2022,Regular,No
104956,Dinesh Krishnan,Female,47,Hyderabad,Telangana,16-01-2025,VIP,Yes
104957,Ananya Singh,Male,64,Bengaluru,Karnataka,22-07-2023,Premium,Yes
104958,Suresh Reddy,Male,44,Delhi,Delhi,21-04-2024,Premium,Yes
104959,Suresh Sharma,Female,43,Tirunelveli,Tamil Nadu,13-10-2022,Regular,
104960,Vikram Joshi,Male,47,Tirunelveli,Tamil Nadu,22-02-2025,Regular,Yes
104961,Naveen Sharma,Female,44,Delhi,Delhi,20-11-2025,Regular,No
104962,Divya Reddy,Male,37,Kolkata,West Bengal,02-12-2023,Premium,No
104963,Divya Krishnan,Female,65,Tirunelveli,Tamil Nadu,01-04-2025,Premium,Yes
104964,Harini Krishnan,Male,21,Hyderabad,Telangana,07-07-2023,Regular,No
104965,Meena Iyer,Female,57,Tirunelveli,Tamil Nadu,28-06-2025,Premium,No
104966,Rahul Gupta,Female,25,Bengaluru,Karnataka,20-05-2022,Premium,Yes
104967,Pooja Rao,Male,27,Hyderabad,Telangana,05-02-2026,Premium,No
104968,Keerthi Gupta,Female,47,Delhi,Delhi,05-10-2023,Regular,Yes
104969,Dinesh Sharma,Male,48,Chennai,Tamil Nadu,08-05-2024,Regular,No
104970,Ananya Kumar,Female,62,Trichy,Tamil Nadu,27-09-2025,VIP,Yes
104971,Ananya Das,Female,32,Salem,Tamil Nadu,20-02-2022,Regular,No
104972,Karthik Iyer,Male,19,Delhi,Delhi,27-05-2026,Regular,No
104973,Meena Rao,Male,30,Salem,Tamil Nadu,10-11-2024,Regular,No
104974,Naveen Kumar,Male,44,Trichy,Tamil Nadu,16-07-2026,Regular,Yes
104975,Karthik Menon,Male,35,Trichy,Tamil Nadu,26-07-2024,Regular,Yes
104976,Pooja Pillai,Female,30,Trichy,Tamil Nadu,18-12-2022,Regular,No
104977,Dinesh Gupta,Male,61,Kolkata,West Bengal,17-09-2024,VIP,No
104978,Ravi Joshi,Female,44,Bengaluru,Karnataka,29-08-2024,Regular,No
104979,Suresh Pillai,Female,50,Tirunelveli,Tamil Nadu,15-04-2026,VIP,Yes
104980,Ananya Nair,Female,53,Coimbatore,Tamil Nadu,05-09-2024,Premium,Yes
104981,Pooja Singh,Female,37,Salem,Tamil Nadu,22-11-2023,Premium,No
104982,Rahul Pillai,Male,53,Tirunelveli,Tamil Nadu,27-10-2022,Regular,No
104983,Meena Pillai,Female,64,Hyderabad,Telangana,09-07-2023,Premium,Yes
104984,Ananya Joshi,Female,52,Delhi,Delhi,15-09-2024,Regular,No
104985,Ajay Menon,Female,32,Hyderabad,Telangana,20-09-2023,Regular,Yes
104986,Swathi Iyer,Male,55,Chennai,Tamil Nadu,09-09-2023,Premium,Yes
104987,Dinesh Joshi,Male,29,Tirunelveli,Tamil Nadu,25-01-2022,Regular,Yes
104988,Pooja Joshi,Other,21,Tirunelveli,Tamil Nadu,22-05-2026,Premium,Yes
104989,Dinesh Krishnan,Female,39,Tirunelveli,Tamil Nadu,23-11-2025,Regular,No
104990,Meena Pillai,,42,Salem,Tamil Nadu,10-03-2023,Regular,Yes
104991,Sneha Rao,Female,40,Coimbatore,Tamil Nadu,22-08-2022,Premium,No
104992,Dinesh Joshi,Male,30,Kolkata,West Bengal,20-11-2025,Regular,Yes
104993,Divya Sharma,Female,31,Tirunelveli,Tamil Nadu,23-11-2025,Regular,No
104994,Vikram Pillai,Male,62,Kolkata,West Bengal,05-03-2026,Premium,Yes
104995,Ravi Kumar,Male,31,Coimbatore,Tamil Nadu,19-07-2024,Regular,Yes
104996,Rahul Patel,Male,55,Hyderabad,Telangana,04-06-2025,Regular,Yes
104997,Vikram Sharma,Male,30,Madurai,Tamil Nadu,25-05-2025,Premium,No
104998,Meena Nair,Male,23,Trichy,Tamil Nadu,31-12-2022,Regular,No
104999,Sneha Reddy,Male,21,Madurai,Tamil Nadu,09-06-2024,Regular,Yes
105000,Pooja Joshi,Male,29,Pune,Maharashtra,19-03-2023,Regular,Yes
105001,Lakshmi Rao,Female,58,Hyderabad,Telangana,05-07-2025,Regular,Yes
105002,Arun Pillai,Female,39,Chennai,Tamil Nadu,09-07-2026,VIP,Yes
105003,Lakshmi Reddy,Female,51,Coimbatore,Tamil Nadu,11-05-2022,Regular,Yes
105004,Suresh Kumar,Male,64,Madurai,Tamil Nadu,09-05-2022,Premium,No
105005,Dinesh Menon,Male,20,Trichy,Tamil Nadu,26-03-2023,Regular,No
105006,Arun Krishnan,Female,23,Tirunelveli,Tamil Nadu,19-07-2022,Regular,Yes
105007,Suresh Rao,Female,62,Pune,Maharashtra,16-01-2022,VIP,No
105008,Karthik Gupta,Female,45,Trichy,Tamil Nadu,22-07-2026,Regular,No
105009,Suresh Gupta,Female,47,Madurai,Tamil Nadu,17-09-2024,Regular,Yes
105010,Rahul Das,Female,34,Mumbai,Maharashtra,13-08-2025,Premium,No
105011,Vikram Joshi,Female,57,Salem,Tamil Nadu,20-08-2024,Premium,Yes
105012,Keerthi Menon,Male,49,Chennai,Tamil Nadu,22-06-2025,Regular,Yes
105013,Priya Krishnan,Female,30,Coimbatore,Tamil Nadu,12-03-2025,Premium,Yes
105014,Rahul Singh,Female,49,Tirunelveli,Tamil Nadu,30-09-2022,VIP,Yes
105015,Karthik Kumar,Female,18,Coimbatore,Tamil Nadu,13-09-2022,Regular,Yes
105016,Keerthi Reddy,Male,29,Tirunelveli,Tamil Nadu,11-04-2024,Premium,No
105017,Ravi Menon,Male,27,Chennai,Tamil Nadu,23-09-2023,Regular,Yes
105018,Sneha Krishnan,Male,55,Kolkata,West Bengal,30-11-2025,Regular,Yes
105019,Divya Patel,Male,53,Trichy,Tamil Nadu,05-06-2023,Regular,No
105020,Keerthi Das,Female,22,Coimbatore,Tamil Nadu,14-07-2023,Regular,No
105021,Pooja Iyer,Female,61,Salem,Tamil Nadu,18-06-2024,Premium,No
105022,Keerthi Reddy,Male,57,Pune,Maharashtra,24-11-2022,Regular,No
105023,Divya Joshi,Female,38,Madurai,Tamil Nadu,30-12-2025,Regular,No
105024,Rahul Singh,Male,28,Pune,Maharashtra,19-01-2022,Regular,No
105025,Suresh Reddy,Female,38,Salem,Tamil Nadu,11-12-2025,Regular,Yes
105026,Swathi Nair,Male,46,Bengaluru,Karnataka,24-11-2024,Regular,Yes
105027,Naveen Singh,Female,48,Mumbai,Maharashtra,18-02-2026,Regular,Yes
105028,Harini Menon,Female,34,Bengaluru,Karnataka,15-05-2023,Regular,Yes
105029,Vikram Joshi,Female,22,Madurai,Tamil Nadu,11-03-2026,Regular,Yes
105030,Harini Das,Female,47,Hyderabad,Telangana,08-01-2026,Regular,
105031,Arun Das,Male,51,Mumbai,Maharashtra,16-02-2024,Regular,Yes
105032,Pooja Singh,Female,30,Salem,Tamil Nadu,27-04-2023,Regular,Yes
105033,Rahul Rao,Male,48,Delhi,Delhi,02-12-2022,Premium,Yes
105034,Dinesh Patel,Male,45,Bengaluru,Karnataka,15-09-2022,Regular,Yes
105035,Meena Kumar,Female,42,Chennai,Tamil Nadu,18-09-2024,Regular,Yes
105036,Naveen Pillai,Female,18,Hyderabad,Telangana,21-06-2026,Regular,Yes
105037,Swathi Nair,Female,32,Salem,Tamil Nadu,19-08-2024,Regular,Yes
105038,Arun Nair,Male,35,Kolkata,West Bengal,29-06-2026,Regular,Yes
105039,Santhosh Sharma,Female,58,Tirunelveli,Tamil Nadu,08-07-2025,Regular,No
105040,Karthik Gupta,Male,57,Hyderabad,Telangana,10-03-2025,VIP,No
105041,Keerthi Iyer,Female,59,Delhi,Delhi,17-05-2025,Regular,Yes
105042,Arun Singh,Female,40,Bengaluru,Karnataka,28-04-2026,Regular,No
105043,Keerthi Gupta,Female,33,Delhi,Delhi,29-12-2025,Premium,No
105044,Harini Nair,Female,41,Kolkata,West Bengal,03-10-2022,Premium,No
105045,Suresh Joshi,Female,56,Trichy,Tamil Nadu,21-09-2024,Regular,No
105046,Swathi Iyer,Male,47,Delhi,Delhi,22-02-2024,Regular,Yes
105047,Pooja Menon,Other,46,Trichy,Tamil Nadu,03-02-2026,Regular,Yes
105048,Karthik Joshi,Female,38,Coimbatore,Tamil Nadu,14-12-2022,Premium,Yes
105049,Divya Rao,Male,51,Mumbai,Maharashtra,25-10-2025,Regular,Yes
105050,Meena Krishnan,Male,59,Salem,Tamil Nadu,24-03-2024,Regular,Yes
105051,Santhosh Singh,Male,50,Pune,Maharashtra,04-05-2026,Regular,No
105052,Ananya Menon,Female,37,Bengaluru,Karnataka,07-09-2025,Regular,Yes
105053,Lakshmi Pillai,Female,58,Tirunelveli,Tamil Nadu,10-08-2023,Premium,Yes
105054,Swathi Krishnan,Female,63,Salem,Tamil Nadu,07-12-2025,Regular,No
105055,Swathi Joshi,Male,56,Chennai,Tamil Nadu,15-11-2022,Regular,Yes
105056,Arun Das,Male,60,Salem,Tamil Nadu,08-01-2022,Regular,Yes
105057,Arun Das,Female,30,Tirunelveli,Tamil Nadu,11-05-2024,Premium,Yes
105058,Ananya Patel,Male,38,Trichy,Tamil Nadu,25-10-2023,Regular,Yes
105059,Harini Krishnan,Male,29,Mumbai,Maharashtra,02-08-2022,Premium,Yes
105060,Keerthi Pillai,Male,35,Coimbatore,Tamil Nadu,17-08-2026,Regular,Yes
105061,Priya Krishnan,Male,53,Kolkata,West Bengal,08-03-2022,Regular,Yes
105062,Sneha Reddy,,50,Coimbatore,Tamil Nadu,28-09-2024,Regular,Yes
105063,Sneha Rao,Female,18,Coimbatore,Tamil Nadu,20-03-2023,Regular,
105064,Ajay Menon,Male,54,Coimbatore,Tamil Nadu,19-05-2023,Regular,Yes
105065,Suresh Joshi,Male,27,Kolkata,West Bengal,25-12-2022,Regular,Yes
105066,Ananya Iyer,Female,26,Madurai,Tamil Nadu,24-10-2023,Regular,Yes
105067,Arun Sharma,Female,44,Kolkata,West Bengal,08-02-2025,Regular,No
105068,Suresh Singh,Female,29,Chennai,Tamil Nadu,03-07-2023,Premium,No
105069,Harini Sharma,Female,64,Chennai,Tamil Nadu,11-05-2025,Regular,Yes
105070,Divya Joshi,Female,25,Tirunelveli,Tamil Nadu,31-01-2024,Premium,Yes
105071,Arun Singh,Female,25,Salem,Tamil Nadu,27-08-2025,Premium,Yes
105072,Sneha Rao,Female,54,Coimbatore,Tamil Nadu,26-01-2024,Premium,No
105073,Lakshmi Reddy,Female,31,Hyderabad,Telangana,14-09-2023,Regular,No
105074,Ananya Nair,Female,52,Trichy,Tamil Nadu,11-05-2024,Regular,Yes
105075,Swathi Joshi,Male,50,Bengaluru,Karnataka,13-03-2025,Premium,Yes
105076,Priya Nair,Male,27,Delhi,Delhi,29-02-2024,Regular,Yes
105077,Swathi Kumar,Male,45,Mumbai,Maharashtra,21-03-2026,Regular,No
105078,Dinesh Reddy,Male,43,Chennai,Tamil Nadu,27-05-2024,Regular,Yes
105079,Ravi Joshi,Male,22,Trichy,Tamil Nadu,19-05-2023,Regular,Yes
105080,Ajay Joshi,Female,54,Kolkata,West Bengal,17-02-2022,Regular,No
105081,Ajay Iyer,Female,59,Mumbai,Maharashtra,30-10-2023,Regular,Yes
105082,Pooja Das,Male,63,Kolkata,West Bengal,03-04-2022,Regular,No
105083,Vikram Sharma,Male,22,Chennai,Tamil Nadu,02-03-2022,Regular,Yes
105084,Ajay Das,Male,26,Pune,Maharashtra,23-09-2023,Regular,No
105085,Swathi Sharma,Female,57,Kolkata,West Bengal,09-05-2023,VIP,No
105086,Ravi Gupta,Male,32,Delhi,Delhi,13-02-2026,Regular,Yes
105087,Harini Joshi,Male,48,Trichy,Tamil Nadu,26-05-2025,Regular,Yes
105088,Karthik Iyer,Male,34,Hyderabad,Telangana,06-09-2025,Regular,Yes
105089,Keerthi Nair,Female,28,Bengaluru,Karnataka,16-07-2024,Regular,No
105090,Karthik Sharma,Male,47,Kolkata,West Bengal,07-07-2022,Regular,Yes
105091,Rahul Patel,Female,27,Salem,Tamil Nadu,17-12-2025,Regular,No
105092,Naveen Kumar,Female,24,Delhi,Delhi,21-04-2024,Premium,No
105093,Rahul Reddy,Female,43,Chennai,Tamil Nadu,31-12-2023,Premium,No
105094,Harini Joshi,,27,Tirunelveli,Tamil Nadu,24-10-2024,Regular,Yes
105095,Suresh Kumar,Male,27,Pune,Maharashtra,06-10-2022,Premium,Yes
105096,Arun Pillai,Male,55,Hyderabad,Telangana,29-03-2024,Regular,Yes
105097,Suresh Sharma,Female,43,Coimbatore,Tamil Nadu,26-10-2024,Premium,Yes
105098,Dinesh Rao,Male,44,Mumbai,Maharashtra,31-03-2025,Regular,Yes
105099,Vikram Nair,Female,24,Tirunelveli,Tamil Nadu,30-04-2024,Regular,Yes
105100,Karthik Joshi,Female,25,Mumbai,Maharashtra,23-08-2026,Regular,No
105101,Swathi Iyer,Male,36,Kolkata,West Bengal,11-08-2026,Regular,Yes
105102,Naveen Iyer,Male,36,Kolkata,West Bengal,14-06-2022,Premium,Yes
105103,Meena Menon,Female,39,Hyderabad,Telangana,21-05-2022,Regular,Yes
105104,Arun Menon,Other,24,Pune,Maharashtra,26-05-2024,Regular,No
105105,Karthik Krishnan,Female,61,Bengaluru,Karnataka,08-11-2025,Regular,No
105106,Meena Kumar,Male,35,Coimbatore,Tamil Nadu,21-05-2024,Premium,Yes
105107,Swathi Reddy,Female,57,Trichy,Tamil Nadu,05-01-2023,Regular,Yes
105108,Lakshmi Gupta,Male,37,Tirunelveli,Tamil Nadu,14-08-2024,Regular,Yes
105109,Sneha Das,Male,40,Mumbai,Maharashtra,23-05-2026,Regular,No
105110,Ananya Das,Female,23,Mumbai,Maharashtra,11-10-2022,Regular,Yes
105111,Keerthi Patel,Female,50,Kolkata,West Bengal,28-01-2024,Regular,Yes
105112,Pooja Reddy,Male,20,Madurai,Tamil Nadu,21-12-2024,Premium,No
105113,Santhosh Joshi,Female,53,Tirunelveli,Tamil Nadu,31-10-2023,VIP,Yes
105114,Sneha Menon,Male,60,Chennai,Tamil Nadu,17-03-2022,Premium,Yes
105115,Santhosh Sharma,Male,35,Hyderabad,Telangana,12-02-2025,Regular,Yes
105116,Naveen Joshi,Male,60,Mumbai,Maharashtra,13-06-2025,Regular,No
105117,Karthik Das,Female,51,Mumbai,Maharashtra,18-01-2025,Premium,Yes
105118,Swathi Patel,Male,18,Pune,Maharashtra,01-02-2025,Regular,No
105119,Karthik Singh,Female,27,Salem,Tamil Nadu,21-01-2025,Premium,No
105120,Vikram Menon,Male,48,Chennai,Tamil Nadu,16-07-2023,Regular,No
105121,Ananya Singh,Male,51,Trichy,Tamil Nadu,29-01-2022,Premium,Yes
105122,Santhosh Das,Male,22,Coimbatore,Tamil Nadu,09-08-2026,Regular,Yes
105123,Santhosh Krishnan,Male,50,Coimbatore,Tamil Nadu,14-12-2022,VIP,No
105124,Harini Iyer,Female,56,Madurai,Tamil Nadu,09-11-2025,Regular,No
105125,Santhosh Joshi,Female,22,Bengaluru,Karnataka,08-07-2024,Premium,No
105126,Arun Patel,Female,60,Madurai,Tamil Nadu,06-07-2024,Regular,No
105127,Suresh Singh,Male,43,Hyderabad,Telangana,05-02-2022,Regular,No
105128,Swathi Krishnan,Female,47,Kolkata,West Bengal,11-08-2026,Regular,Yes
105129,Karthik Das,Female,20,Madurai,Tamil Nadu,17-06-2024,Regular,Yes
105130,Lakshmi Nair,Male,47,Coimbatore,Tamil Nadu,12-11-2025,Regular,Yes
105131,Santhosh Krishnan,Female,39,Mumbai,Maharashtra,15-08-2025,Regular,Yes
105132,Santhosh Pillai,Female,35,Delhi,Delhi,23-08-2022,VIP,Yes
105133,Arun Gupta,Female,55,Pune,Maharashtra,30-05-2026,Premium,Yes
105134,Sneha Gupta,Female,29,Chennai,Tamil Nadu,01-10-2024,Premium,Yes
105135,Dinesh Reddy,Female,20,Madurai,Tamil Nadu,11-11-2022,Regular,Yes
105136,Priya Singh,Male,41,Bengaluru,Karnataka,14-09-2024,Regular,No
105137,Vikram Rao,Female,53,Pune,Maharashtra,13-11-2024,Regular,Yes
105138,Priya Kumar,Female,24,Coimbatore,Tamil Nadu,15-01-2025,Regular,Yes
105139,Suresh Menon,Male,65,Chennai,Tamil Nadu,01-07-2023,Regular,No
105140,Vikram Patel,Female,50,Tirunelveli,Tamil Nadu,19-05-2026,Premium,Yes
105141,Sneha Reddy,Female,62,Delhi,Delhi,07-02-2023,Regular,Yes
105142,Divya Reddy,Male,40,Chennai,Tamil Nadu,16-04-2024,Regular,Yes
105143,Vikram Reddy,Female,23,Coimbatore,Tamil Nadu,26-11-2025,Regular,Yes
105144,Pooja Patel,Female,26,Kolkata,West Bengal,12-05-2022,Regular,Yes
105145,Swathi Das,Female,42,Coimbatore,Tamil Nadu,18-11-2023,Regular,No
105146,Ajay Das,Female,46,Trichy,Tamil Nadu,25-03-2024,Regular,Yes
105147,Santhosh Reddy,Male,53,Pune,Maharashtra,06-08-2025,Regular,No
105148,Lakshmi Iyer,Female,56,Trichy,Tamil Nadu,01-09-2025,Regular,Yes
105149,Rahul Gupta,Female,54,Delhi,Delhi,16-09-2025,Premium,Yes
105150,Harini Sharma,Female,46,Kolkata,West Bengal,02-09-2023,VIP,No
105151,Keerthi Rao,Male,18,Bengaluru,Karnataka,15-04-2024,Regular,No
105152,Karthik Rao,Male,43,Coimbatore,Tamil Nadu,16-02-2022,Regular,Yes
105153,Pooja Das,Female,57,Mumbai,Maharashtra,30-10-2025,Regular,No
105154,Ravi Pillai,Male,58,Madurai,Tamil Nadu,31-05-2023,Premium,Yes
105155,Karthik Das,Male,58,Trichy,Tamil Nadu,05-03-2024,Regular,No
105156,Vikram Joshi,Female,18,Salem,Tamil Nadu,05-03-2025,Regular,Yes
105157,Divya Pillai,Female,38,Tirunelveli,Tamil Nadu,13-08-2025,Regular,Yes
105158,Ajay Reddy,Female,47,Bengaluru,Karnataka,27-05-2022,VIP,Yes
105159,Swathi Reddy,Female,29,Bengaluru,Karnataka,28-07-2025,Regular,No
105160,Divya Patel,Female,37,Tirunelveli,Tamil Nadu,02-10-2023,Regular,Yes
105161,Pooja Singh,Female,22,Delhi,Delhi,12-12-2023,Regular,No
105162,Keerthi Rao,Female,27,Chennai,Tamil Nadu,15-08-2022,Regular,Yes
105163,Sneha Reddy,Female,18,Mumbai,Maharashtra,03-05-2025,Regular,Yes
105164,Vikram Reddy,Female,65,Salem,Tamil Nadu,20-03-2024,Premium,Yes
105165,Santhosh Singh,Male,59,Delhi,Delhi,26-06-2022,Premium,No
105166,Suresh Krishnan,Male,37,Chennai,Tamil Nadu,29-08-2022,VIP,Yes
105167,Swathi Krishnan,Female,18,Madurai,Tamil Nadu,11-05-2025,VIP,Yes
105168,Keerthi Joshi,Female,34,Hyderabad,Telangana,05-07-2022,Regular,Yes
105169,Harini Iyer,Female,38,Delhi,Delhi,05-06-2024,Premium,No
105170,Sneha Singh,Female,26,Chennai,Tamil Nadu,01-04-2025,Premium,Yes
105171,Dinesh Joshi,Female,49,Coimbatore,Tamil Nadu,31-03-2026,Regular,Yes
105172,Naveen Krishnan,Male,65,Pune,Maharashtra,26-09-2022,Premium,Yes
105173,Karthik Das,Female,58,Salem,Tamil Nadu,18-05-2023,VIP,Yes
105174,Sneha Rao,Female,59,Delhi,Delhi,21-09-2022,Premium,Yes
105175,Sneha Sharma,Male,57,Hyderabad,Telangana,04-02-2026,Premium,Yes
105176,Lakshmi Pillai,Male,21,Bengaluru,Karnataka,04-10-2024,Regular,No
105177,Pooja Das,Female,44,Hyderabad,Telangana,30-07-2026,Premium,No
105178,Karthik Das,Female,45,Pune,Maharashtra,16-03-2022,Regular,Yes
105179,Naveen Rao,,22,Bengaluru,Karnataka,15-04-2025,Regular,Yes
105180,Divya Singh,Male,25,Delhi,Delhi,26-02-2022,Premium,No
105181,Dinesh Reddy,Male,45,Salem,Tamil Nadu,05-07-2022,Regular,Yes
105182,Lakshmi Menon,Female,52,Trichy,Tamil Nadu,04-01-2024,Regular,Yes
105183,Harini Rao,Female,28,Coimbatore,Tamil Nadu,16-09-2023,Premium,No
105184,Karthik Kumar,Male,41,Salem,Tamil Nadu,13-09-2023,Regular,Yes
105185,Ravi Singh,Female,21,Trichy,Tamil Nadu,26-04-2022,Regular,Yes
105186,Rahul Joshi,Male,23,Coimbatore,Tamil Nadu,14-07-2024,Regular,No
105187,Lakshmi Singh,,45,Salem,Tamil Nadu,03-08-2023,Regular,Yes
105188,Pooja Singh,Male,44,Bengaluru,Karnataka,16-08-2026,Regular,No
105189,Meena Das,Female,54,Trichy,Tamil Nadu,04-09-2025,Regular,Yes
105190,Suresh Gupta,,61,Mumbai,Maharashtra,10-01-2024,Premium,Yes
105191,Sneha Krishnan,Male,27,Madurai,Tamil Nadu,25-07-2025,Regular,No
105192,Lakshmi Gupta,Female,34,Salem,Tamil Nadu,06-09-2024,Premium,No
105193,Arun Sharma,Female,59,Pune,Maharashtra,22-04-2024,Regular,No
105194,Ajay Pillai,Female,20,Bengaluru,Karnataka,12-04-2026,Regular,Yes
105195,Dinesh Pillai,Female,57,Delhi,Delhi,25-09-2024,Premium,No
105196,Rahul Rao,Female,63,Delhi,Delhi,01-04-2024,Regular,Yes
105197,Naveen Das,Male,22,Tirunelveli,Tamil Nadu,21-08-2024,VIP,Yes
105198,Swathi Iyer,Male,24,Tirunelveli,Tamil Nadu,20-08-2025,Regular,No
105199,Meena Nair,Female,50,Kolkata,West Bengal,14-06-2025,Premium,Yes
105200,Santhosh Iyer,Female,40,Tirunelveli,Tamil Nadu,21-07-2024,Regular,Yes
105201,Vikram Kumar,Female,65,Pune,Maharashtra,28-10-2022,Premium,No
105202,Sneha Joshi,Female,44,Delhi,Delhi,19-12-2024,Regular,No
105203,Dinesh Reddy,Female,49,Salem,Tamil Nadu,03-01-2024,Regular,Yes
105204,Naveen Das,Female,29,Madurai,Tamil Nadu,05-05-2026,Regular,Yes
105205,Santhosh Patel,Female,33,Kolkata,West Bengal,25-03-2026,Premium,No
105206,Lakshmi Singh,Male,26,Pune,Maharashtra,02-01-2022,Regular,Yes
105207,Naveen Singh,Female,25,Madurai,Tamil Nadu,26-08-2026,Regular,Yes
105208,Pooja Patel,Female,23,Trichy,Tamil Nadu,12-03-2026,Premium,Yes
105209,Dinesh Das,Male,60,Pune,Maharashtra,23-03-2026,Regular,Yes
105210,Divya Joshi,Male,21,Chennai,Tamil Nadu,26-04-2024,Premium,Yes
105211,Naveen Nair,Female,42,Bengaluru,Karnataka,05-04-2023,Premium,No
105212,Rahul Joshi,Female,42,Bengaluru,Karnataka,28-10-2024,Regular,No
105213,Swathi Krishnan,Male,20,Pune,Maharashtra,10-02-2026,Premium,Yes
105214,Dinesh Das,Male,58,Coimbatore,Tamil Nadu,05-02-2024,Regular,Yes
105215,Karthik Reddy,Male,42,Trichy,Tamil Nadu,03-08-2026,Regular,No
105216,Priya Kumar,Male,24,Hyderabad,Telangana,20-03-2023,Regular,Yes
105217,Naveen Gupta,Female,24,Trichy,Tamil Nadu,21-12-2025,Regular,No
105218,Sneha Das,Female,51,Coimbatore,Tamil Nadu,23-04-2022,Premium,Yes
105219,Rahul Singh,Female,47,Chennai,Tamil Nadu,28-11-2025,Premium,No
105220,Swathi Gupta,Male,37,Delhi,Delhi,26-05-2026,VIP,Yes
105221,Santhosh Patel,Male,37,Mumbai,Maharashtra,09-04-2025,Premium,No
105222,Santhosh Menon,Male,19,Salem,Tamil Nadu,26-11-2024,Regular,No
105223,Vikram Patel,Female,19,Tirunelveli,Tamil Nadu,01-12-2023,Regular,Yes
105224,Rahul Pillai,Female,43,Trichy,Tamil Nadu,24-01-2026,Regular,No
105225,Karthik Reddy,Male,35,Kolkata,West Bengal,04-08-2022,Premium,Yes
105226,Suresh Sharma,Female,30,Pune,Maharashtra,10-05-2023,Regular,Yes
105227,Dinesh Krishnan,Male,36,Mumbai,Maharashtra,11-08-2022,VIP,No
105228,Sneha Iyer,Male,47,Trichy,Tamil Nadu,18-04-2023,Regular,Yes
105229,Arun Joshi,Female,32,Bengaluru,Karnataka,08-06-2024,Regular,Yes
105230,Suresh Krishnan,Male,34,Mumbai,Maharashtra,25-07-2023,Premium,Yes
105231,Rahul Reddy,Female,31,Bengaluru,Karnataka,16-12-2023,Regular,Yes
105232,Ravi Iyer,Male,49,Pune,Maharashtra,28-01-2023,Regular,Yes
105233,Ajay Pillai,Female,20,Mumbai,Maharashtra,23-08-2023,Regular,Yes
105234,Vikram Das,Male,62,Hyderabad,Telangana,26-04-2024,VIP,Yes
105235,Santhosh Pillai,Male,44,Delhi,Delhi,30-12-2022,Regular,Yes
105236,Arun Sharma,Male,29,Salem,Tamil Nadu,11-05-2026,Regular,Yes
105237,Lakshmi Pillai,Female,54,Kolkata,West Bengal,06-03-2026,Regular,No
105238,Vikram Rao,Female,63,Trichy,Tamil Nadu,29-01-2026,Regular,No
105239,Keerthi Krishnan,Female,20,Salem,Tamil Nadu,03-01-2022,Regular,Yes
105240,Swathi Singh,Male,27,Salem,Tamil Nadu,21-04-2024,Regular,Yes
105241,Harini Kumar,Male,24,Delhi,Delhi,13-09-2025,Regular,Yes
105242,Arun Joshi,Male,21,Salem,Tamil Nadu,16-08-2023,Premium,Yes
105243,Sneha Joshi,Female,53,Salem,Tamil Nadu,29-01-2023,Premium,Yes
105244,Divya Singh,Male,27,Tirunelveli,Tamil Nadu,05-11-2024,Premium,Yes
105245,Arun Joshi,Male,36,Delhi,Delhi,05-01-2022,Regular,No
105246,Ananya Iyer,Female,57,Hyderabad,Telangana,06-11-2024,Regular,No
105247,Meena Iyer,Female,47,Coimbatore,Tamil Nadu,07-02-2024,Regular,Yes
105248,Swathi Sharma,Male,50,Tirunelveli,Tamil Nadu,08-03-2025,Regular,Yes
105249,Meena Singh,Male,22,Salem,Tamil Nadu,06-03-2025,Regular,No
105250,Arun Kumar,Male,64,Kolkata,West Bengal,29-06-2024,Regular,No
105251,Ravi Singh,Female,21,Bengaluru,Karnataka,19-09-2024,Regular,Yes
105252,Rahul Sharma,Male,52,Pune,Maharashtra,15-02-2022,Regular,Yes
105253,Dinesh Menon,Female,48,Madurai,Tamil Nadu,27-07-2026,Regular,Yes
105254,Ajay Gupta,Male,37,Kolkata,West Bengal,10-05-2022,Regular,No
105255,Priya Krishnan,Female,58,Delhi,Delhi,19-07-2026,Premium,No
105256,Swathi Iyer,Female,60,Delhi,Delhi,14-07-2026,Regular,Yes
105257,Ravi Menon,Male,21,Chennai,Tamil Nadu,05-05-2025,Premium,Yes
105258,Ajay Reddy,Male,63,Mumbai,Maharashtra,22-06-2025,Regular,Yes
105259,Pooja Menon,Male,29,Madurai,Tamil Nadu,20-02-2022,VIP,Yes
105260,Arun Rao,Female,55,Hyderabad,Telangana,01-06-2026,Regular,No
105261,Ravi Singh,Female,57,Tirunelveli,Tamil Nadu,17-06-2024,Regular,Yes
105262,Arun Sharma,Female,44,Chennai,Tamil Nadu,01-08-2023,Premium,No
105263,Swathi Gupta,Male,59,Coimbatore,Tamil Nadu,12-02-2025,Regular,No
105264,Suresh Joshi,Male,57,Pune,Maharashtra,28-06-2024,Regular,No
105265,Santhosh Krishnan,Female,43,Trichy,Tamil Nadu,07-09-2023,Regular,Yes
105266,Keerthi Joshi,Female,26,Salem,Tamil Nadu,02-07-2023,VIP,Yes
105267,Ajay Joshi,Female,38,Kolkata,West Bengal,20-07-2022,Premium,Yes
105268,Lakshmi Iyer,Female,61,Coimbatore,Tamil Nadu,26-03-2026,Regular,Yes
105269,Pooja Menon,Female,27,Madurai,Tamil Nadu,05-02-2025,Premium,Yes
105270,Dinesh Patel,Female,65,Kolkata,West Bengal,05-05-2023,Regular,Yes
105271,Harini Nair,Female,26,Hyderabad,Telangana,14-05-2025,Regular,No
105272,Ananya Iyer,Female,49,Pune,Maharashtra,25-03-2025,Regular,No
105273,Vikram Joshi,Female,48,Hyderabad,Telangana,26-08-2022,Regular,No
105274,Naveen Menon,Other,27,Pune,Maharashtra,25-10-2022,Premium,No
105275,Harini Reddy,Male,40,Coimbatore,Tamil Nadu,28-01-2023,Premium,No
105276,Pooja Singh,Female,24,Hyderabad,Telangana,28-06-2022,Premium,Yes
105277,Dinesh Singh,Female,35,Hyderabad,Telangana,31-10-2025,Regular,Yes
105278,Harini Menon,Male,64,Trichy,Tamil Nadu,22-09-2022,Regular,No
105279,Swathi Pillai,Female,20,Delhi,Delhi,11-10-2025,Premium,No
105280,Swathi Patel,Male,59,Hyderabad,Telangana,19-06-2024,Regular,No
105281,Ravi Nair,Male,50,Madurai,Tamil Nadu,18-07-2022,Premium,Yes
105282,Priya Das,Male,53,Madurai,Tamil Nadu,06-12-2025,Regular,No
105283,Suresh Singh,Female,31,Trichy,Tamil Nadu,22-10-2022,Premium,Yes
105284,Rahul Rao,Female,63,Trichy,Tamil Nadu,26-08-2026,Premium,Yes
105285,Keerthi Sharma,Female,30,Tirunelveli,Tamil Nadu,24-01-2022,Regular,Yes
105286,Ajay Iyer,Male,42,Kolkata,West Bengal,24-11-2024,Regular,Yes
105287,Rahul Singh,Female,19,Mumbai,Maharashtra,18-06-2023,Regular,Yes
105288,Ananya Pillai,Male,60,Salem,Tamil Nadu,26-06-2024,Regular,No
105289,Priya Patel,Male,51,Mumbai,Maharashtra,28-11-2025,Premium,Yes
105290,Naveen Reddy,Male,25,Mumbai,Maharashtra,30-08-2025,Regular,
105291,Lakshmi Menon,Female,49,Trichy,Tamil Nadu,24-04-2023,Regular,Yes
105292,Santhosh Joshi,Male,26,Salem,Tamil Nadu,19-04-2022,Regular,Yes
105293,Rahul Nair,Female,39,Delhi,Delhi,28-04-2023,Regular,Yes
105294,Naveen Kumar,Female,42,Madurai,Tamil Nadu,07-10-2025,Regular,Yes
105295,Meena Krishnan,Male,62,Tirunelveli,Tamil Nadu,26-05-2024,Premium,Yes
105296,Swathi Singh,Female,33,Trichy,Tamil Nadu,13-07-2025,Premium,Yes
105297,Harini Krishnan,Male,18,Chennai,Tamil Nadu,21-04-2024,Premium,Yes
105298,Arun Reddy,Male,38,Coimbatore,Tamil Nadu,19-06-2024,Regular,Yes
105299,Santhosh Kumar,Male,62,Hyderabad,Telangana,21-04-2022,Regular,Yes
105300,Rahul Patel,Female,56,Salem,Tamil Nadu,09-02-2022,Regular,Yes
105301,Lakshmi Krishnan,Female,20,Chennai,Tamil Nadu,10-04-2025,Regular,Yes
105302,Rahul Singh,Female,20,Tirunelveli,Tamil Nadu,10-12-2022,Regular,Yes
105303,Santhosh Reddy,Female,54,Hyderabad,Telangana,06-09-2023,Regular,Yes
105304,Keerthi Nair,Male,52,Pune,Maharashtra,21-09-2023,Regular,No
105305,Swathi Menon,Female,44,Hyderabad,Telangana,12-12-2024,Regular,Yes
105306,Dinesh Sharma,Male,22,Trichy,Tamil Nadu,20-05-2026,Regular,No
105307,Meena Krishnan,Male,31,Delhi,Delhi,12-07-2025,Regular,No
105308,Suresh Krishnan,Other,58,Madurai,Tamil Nadu,21-12-2024,Premium,Yes
105309,Ajay Singh,Male,24,Chennai,Tamil Nadu,20-11-2025,Regular,No
105310,Rahul Joshi,Male,27,Pune,Maharashtra,17-05-2024,Premium,No
105311,Dinesh Pillai,Male,39,Salem,Tamil Nadu,05-09-2022,Regular,No
105312,Divya Patel,Male,53,Tirunelveli,Tamil Nadu,10-04-2024,Regular,No
105313,Vikram Kumar,Female,57,Hyderabad,Telangana,21-07-2026,Regular,Yes
105314,Sneha Patel,Male,46,Delhi,Delhi,18-08-2025,Regular,Yes
105315,Lakshmi Iyer,Female,41,Delhi,Delhi,18-08-2023,Regular,Yes
105316,Ravi Rao,Male,36,Kolkata,West Bengal,05-07-2023,Premium,No
105317,Ananya Pillai,Female,20,Kolkata,West Bengal,10-04-2026,Premium,Yes
105318,Priya Pillai,Female,30,Bengaluru,Karnataka,10-06-2022,Regular,Yes
105319,Naveen Patel,Female,28,Trichy,Tamil Nadu,05-05-2026,Regular,No
105320,Swathi Nair,Female,20,Hyderabad,Telangana,24-02-2025,Regular,Yes
105321,Lakshmi Kumar,Female,53,Mumbai,Maharashtra,05-10-2025,VIP,Yes
105322,Arun Rao,Female,34,Salem,Tamil Nadu,14-07-2023,Regular,Yes
105323,Santhosh Kumar,Female,42,Madurai,Tamil Nadu,07-01-2025,Regular,Yes
105324,Swathi Joshi,Male,27,Delhi,Delhi,08-07-2023,Regular,Yes
105325,Meena Pillai,Male,46,Salem,Tamil Nadu,30-01-2022,Premium,Yes
105326,Swathi Iyer,Female,24,Delhi,Delhi,13-02-2024,Regular,No
105327,Harini Krishnan,Male,50,Kolkata,West Bengal,24-07-2026,Regular,Yes
105328,Arun Rao,Male,53,Hyderabad,Telangana,17-02-2023,Regular,Yes
105329,Pooja Gupta,Female,32,Hyderabad,Telangana,03-10-2022,Premium,No
105330,Swathi Nair,Male,28,Pune,Maharashtra,16-04-2026,Regular,Yes
105331,Divya Iyer,Male,55,Kolkata,West Bengal,28-03-2026,VIP,Yes
105332,Priya Das,Female,28,Trichy,Tamil Nadu,10-12-2025,Premium,Yes
105333,Lakshmi Sharma,Male,26,Delhi,Delhi,19-07-2026,Regular,No
105334,Naveen Das,Male,34,Salem,Tamil Nadu,12-08-2026,VIP,Yes
105335,Sneha Iyer,Male,64,Coimbatore,Tamil Nadu,11-04-2026,Premium,No
105336,Divya Krishnan,Male,40,Chennai,Tamil Nadu,28-06-2026,Regular,No
105337,Divya Gupta,Male,30,Madurai,Tamil Nadu,19-06-2025,Premium,No
105338,Ananya Sharma,Female,42,Kolkata,West Bengal,19-06-2023,Regular,Yes
105339,Priya Singh,Male,34,Delhi,Delhi,19-02-2024,Regular,No
105340,Suresh Menon,Male,49,Pune,Maharashtra,10-10-2023,Regular,Yes
105341,Meena Iyer,Female,39,Mumbai,Maharashtra,16-05-2024,Premium,Yes
105342,Karthik Rao,Male,46,Coimbatore,Tamil Nadu,02-04-2025,Premium,Yes
105343,Vikram Krishnan,Male,38,Kolkata,West Bengal,15-02-2023,Regular,Yes
105344,Santhosh Patel,Male,41,Pune,Maharashtra,27-01-2022,Regular,No
105345,Keerthi Gupta,Male,39,Mumbai,Maharashtra,21-10-2024,Regular,Yes
105346,Karthik Rao,Male,36,Delhi,Delhi,17-08-2026,Premium,Yes
105347,Vikram Das,Male,64,Pune,Maharashtra,05-01-2026,Regular,Yes
105348,Naveen Sharma,Female,30,Pune,Maharashtra,19-01-2022,Regular,Yes
105349,Sneha Kumar,Female,56,Mumbai,Maharashtra,14-10-2024,Regular,No
105350,Arun Kumar,Female,52,Kolkata,West Bengal,22-06-2024,Regular,Yes
105351,Naveen Pillai,Male,43,Hyderabad,Telangana,24-12-2023,Regular,No
105352,Suresh Pillai,Female,33,Kolkata,West Bengal,10-02-2025,Regular,Yes
105353,Naveen Gupta,Female,41,Bengaluru,Karnataka,26-12-2023,Regular,No
105354,Naveen Iyer,Male,58,Pune,Maharashtra,04-04-2026,Premium,No
105355,Ravi Rao,Female,26,Trichy,Tamil Nadu,24-03-2026,Regular,Yes
105356,Ajay Gupta,Female,46,Trichy,Tamil Nadu,31-12-2024,Regular,No
105357,Rahul Krishnan,Male,54,Madurai,Tamil Nadu,19-02-2024,Premium,Yes
105358,Dinesh Sharma,Female,48,Madurai,Tamil Nadu,11-10-2024,Regular,Yes
105359,Suresh Pillai,Male,24,Chennai,Tamil Nadu,11-03-2026,Premium,Yes
105360,Arun Iyer,Male,42,Delhi,Delhi,26-05-2023,Premium,Yes
105361,Dinesh Iyer,Male,26,Coimbatore,Tamil Nadu,16-01-2026,Regular,No
105362,Naveen Pillai,Male,62,Trichy,Tamil Nadu,01-10-2024,Regular,No
105363,Meena Nair,Female,34,Kolkata,West Bengal,19-04-2022,Regular,Yes
105364,Suresh Singh,Female,38,Salem,Tamil Nadu,28-06-2025,Regular,No
105365,Ananya Rao,Male,59,Mumbai,Maharashtra,10-12-2022,Regular,Yes
105366,Harini Joshi,Female,38,Bengaluru,Karnataka,26-05-2024,Regular,Yes
105367,Harini Sharma,Female,27,Bengaluru,Karnataka,04-06-2026,Regular,No
105368,Vikram Menon,Female,60,Kolkata,West Bengal,18-08-2025,Regular,Yes
105369,Ravi Patel,Female,49,Coimbatore,Tamil Nadu,04-04-2025,Regular,No
105370,Vikram Sharma,Female,47,Mumbai,Maharashtra,29-04-2022,Regular,Yes
105371,Vikram Singh,Female,21,Trichy,Tamil Nadu,31-12-2025,Regular,Yes
105372,Suresh Rao,Male,39,Madurai,Tamil Nadu,25-07-2023,Regular,Yes
105373,Divya Iyer,Female,40,Delhi,Delhi,27-03-2022,Premium,Yes
105374,Harini Singh,Male,30,Hyderabad,Telangana,20-06-2026,Premium,Yes
105375,Divya Das,Male,45,Madurai,Tamil Nadu,21-11-2022,Premium,Yes
105376,Ravi Das,Male,29,Madurai,Tamil Nadu,04-07-2023,Regular,Yes
105377,Karthik Menon,Male,40,Hyderabad,Telangana,30-08-2022,Regular,No
105378,Sneha Gupta,Female,56,Mumbai,Maharashtra,23-11-2024,Premium,Yes
105379,Suresh Singh,Female,53,Pune,Maharashtra,15-01-2026,Premium,Yes
105380,Ananya Singh,Female,31,Kolkata,West Bengal,02-06-2024,VIP,Yes
105381,Pooja Nair,Female,27,Bengaluru,Karnataka,17-01-2026,Regular,Yes
105382,Rahul Rao,Male,18,Tirunelveli,Tamil Nadu,12-05-2026,Regular,Yes
105383,Divya Sharma,Female,34,Delhi,Delhi,23-01-2026,Regular,Yes
105384,Dinesh Patel,Male,18,Delhi,Delhi,04-10-2022,Premium,Yes
105385,Keerthi Iyer,Male,24,Chennai,Tamil Nadu,17-12-2022,Regular,No
105386,Vikram Singh,,64,Salem,Tamil Nadu,24-05-2023,Premium,Yes
105387,Rahul Joshi,Female,59,Hyderabad,Telangana,20-12-2024,Premium,Yes
105388,Vikram Das,Male,44,Tirunelveli,Tamil Nadu,06-01-2026,VIP,No
105389,Keerthi Nair,Male,55,Pune,Maharashtra,16-06-2023,Regular,Yes
105390,Keerthi Rao,Male,41,Salem,Tamil Nadu,06-02-2025,VIP,Yes
105391,Priya Krishnan,Female,46,Hyderabad,Telangana,15-11-2022,Premium,Yes
105392,Rahul Nair,Male,62,Bengaluru,Karnataka,12-07-2024,Premium,Yes
105393,Ananya Nair,Male,21,Trichy,Tamil Nadu,18-08-2025,VIP,No
105394,Priya Krishnan,Female,34,Trichy,Tamil Nadu,03-11-2023,Regular,Yes
105395,Suresh Kumar,Female,23,Kolkata,West Bengal,05-10-2022,Premium,No
105396,Arun Rao,Male,56,Chennai,Tamil Nadu,01-12-2023,Regular,Yes
105397,Pooja Rao,Female,57,Tirunelveli,Tamil Nadu,19-07-2025,Premium,No
105398,Naveen Menon,Male,52,Delhi,Delhi,09-05-2026,Premium,Yes
105399,Harini Joshi,Male,47,Tirunelveli,Tamil Nadu,13-11-2024,Premium,No
105400,Harini Gupta,Female,40,Salem,Tamil Nadu,14-02-2025,Regular,Yes
105401,Suresh Rao,Male,19,Salem,Tamil Nadu,14-12-2023,Premium,Yes
105402,Ajay Iyer,Male,55,Madurai,Tamil Nadu,29-04-2026,Premium,Yes
105403,Pooja Das,Female,60,Madurai,Tamil Nadu,18-01-2026,Regular,No
105404,Ravi Gupta,Female,64,Kolkata,West Bengal,11-07-2026,Regular,Yes
105405,Pooja Joshi,Female,34,Chennai,Tamil Nadu,07-01-2026,Premium,Yes
105406,Lakshmi Gupta,Female,27,Delhi,Delhi,18-07-2024,Premium,No
105407,Divya Iyer,Male,49,Madurai,Tamil Nadu,21-06-2026,Regular,No
105408,Divya Krishnan,Female,18,Trichy,Tamil Nadu,02-11-2024,Regular,No
105409,Harini Pillai,Male,20,Kolkata,West Bengal,19-10-2024,Premium,Yes
105410,Pooja Krishnan,Female,57,Madurai,Tamil Nadu,20-01-2025,Premium,Yes
105411,Lakshmi Krishnan,Male,63,Chennai,Tamil Nadu,13-11-2022,Regular,No
105412,Rahul Rao,Male,37,Pune,Maharashtra,27-11-2025,Regular,Yes
105413,Ananya Das,Male,42,Kolkata,West Bengal,09-09-2023,Premium,No
105414,Ajay Patel,Female,44,Salem,Tamil Nadu,25-01-2025,VIP,Yes
105415,Divya Sharma,Male,24,Mumbai,Maharashtra,06-12-2025,Regular,No
105416,Divya Gupta,Female,28,Hyderabad,Telangana,14-07-2022,Premium,Yes
105417,Pooja Joshi,Female,32,Delhi,Delhi,27-05-2023,Regular,Yes
105418,Santhosh Gupta,Female,58,Hyderabad,Telangana,22-05-2026,Regular,No
105419,Sneha Patel,Male,39,Kolkata,West Bengal,06-09-2023,Premium,No
105420,Priya Sharma,Male,52,Coimbatore,Tamil Nadu,28-01-2025,Regular,No
105421,Karthik Reddy,Female,27,Trichy,Tamil Nadu,12-08-2024,Regular,Yes
105422,Arun Gupta,Female,63,Tirunelveli,Tamil Nadu,18-01-2026,VIP,Yes
105423,Ravi Krishnan,Male,60,Chennai,Tamil Nadu,17-05-2024,Regular,No
105424,Pooja Joshi,Female,40,Hyderabad,Telangana,24-12-2023,Regular,Yes
105425,Rahul Patel,Male,28,Mumbai,Maharashtra,28-01-2022,Regular,Yes
105426,Vikram Rao,Male,64,Hyderabad,Telangana,18-03-2024,Regular,Yes
105427,Ravi Gupta,Male,56,Trichy,Tamil Nadu,21-09-2024,Regular,Yes
105428,Keerthi Reddy,Male,42,Bengaluru,Karnataka,17-03-2025,Regular,Yes
105429,Keerthi Joshi,Male,30,Chennai,Tamil Nadu,19-08-2025,Regular,Yes
105430,Keerthi Das,Female,47,Salem,Tamil Nadu,12-08-2025,Regular,No
105431,Sneha Kumar,Male,35,Tirunelveli,Tamil Nadu,20-02-2024,Regular,No
105432,Karthik Kumar,Female,50,Hyderabad,Telangana,14-05-2022,Premium,Yes
105433,Meena Pillai,Female,57,Mumbai,Maharashtra,09-03-2023,Regular,Yes
105434,Suresh Krishnan,Female,41,Kolkata,West Bengal,24-11-2023,Premium,Yes
105435,Harini Menon,Male,20,Kolkata,West Bengal,23-07-2026,VIP,No
105436,Pooja Menon,Female,45,Tirunelveli,Tamil Nadu,01-08-2025,Regular,No
105437,Divya Singh,Male,59,Delhi,Delhi,01-03-2026,Regular,Yes
105438,Ananya Gupta,Female,28,Chennai,Tamil Nadu,14-08-2026,Regular,No
105439,Suresh Joshi,Male,64,Pune,Maharashtra,15-08-2022,Premium,Yes
105440,Sneha Iyer,Female,35,Kolkata,West Bengal,20-01-2022,Regular,No
105441,Naveen Menon,Male,50,Kolkata,West Bengal,02-09-2024,Regular,No
105442,Pooja Patel,Female,51,Kolkata,West Bengal,27-03-2023,Premium,No
105443,Arun Patel,Male,26,Tirunelveli,Tamil Nadu,17-01-2026,Premium,Yes
105444,Meena Singh,Male,19,Trichy,Tamil Nadu,01-03-2024,Regular,Yes
105445,Santhosh Pillai,Female,63,Mumbai,Maharashtra,16-01-2022,Regular,Yes
105446,Swathi Kumar,Male,51,Delhi,Delhi,15-01-2023,Regular,Yes
105447,Rahul Nair,Female,48,Madurai,Tamil Nadu,04-08-2023,VIP,Yes
105448,Ajay Krishnan,Female,32,Delhi,Delhi,15-02-2022,Premium,Yes
105449,Divya Sharma,Female,23,Pune,Maharashtra,24-06-2023,Regular,Yes
105450,Vikram Gupta,,31,Hyderabad,Telangana,06-07-2024,Premium,Yes
105451,Lakshmi Joshi,Female,44,Mumbai,Maharashtra,27-02-2026,Regular,Yes
105452,Keerthi Sharma,Female,51,Madurai,Tamil Nadu,08-01-2025,Premium,No
105453,Lakshmi Iyer,Male,33,Salem,Tamil Nadu,08-06-2022,Regular,Yes
105454,Divya Joshi,Female,28,Trichy,Tamil Nadu,09-12-2023,Regular,No
105455,Ravi Iyer,Female,29,Mumbai,Maharashtra,30-07-2025,Regular,No
105456,Ravi Sharma,Male,64,Bengaluru,Karnataka,21-09-2023,Regular,Yes
105457,Vikram Joshi,Male,48,Bengaluru,Karnataka,15-08-2024,Premium,Yes
105458,Divya Pillai,Male,65,Delhi,Delhi,03-08-2026,Regular,No
105459,Ravi Krishnan,Female,18,Kolkata,West Bengal,23-08-2022,Regular,Yes
105460,Naveen Rao,Male,39,Salem,Tamil Nadu,22-03-2024,Premium,Yes
105461,Arun Pillai,Female,39,Salem,Tamil Nadu,02-11-2024,Regular,No
105462,Meena Krishnan,Female,37,Chennai,Tamil Nadu,18-09-2025,Regular,No
105463,Keerthi Krishnan,Female,36,Madurai,Tamil Nadu,23-11-2025,Regular,Yes
105464,Ananya Gupta,Male,21,Mumbai,Maharashtra,04-05-2023,VIP,Yes
105465,Karthik Krishnan,Female,19,Hyderabad,Telangana,04-03-2024,Premium,No
105466,Keerthi Rao,Female,55,Kolkata,West Bengal,12-11-2025,Premium,Yes
105467,Arun Singh,Male,39,Chennai,Tamil Nadu,27-11-2025,Premium,No
105468,Arun Rao,Male,25,Delhi,Delhi,01-11-2025,Regular,Yes
105469,Pooja Rao,Male,34,Kolkata,West Bengal,08-02-2025,Regular,Yes
105470,Swathi Singh,Female,62,Mumbai,Maharashtra,01-04-2023,Premium,Yes
105471,Vikram Nair,Male,40,Coimbatore,Tamil Nadu,19-09-2023,Regular,No
105472,Karthik Gupta,Male,65,Pune,Maharashtra,19-01-2025,VIP,Yes
105473,Dinesh Singh,Male,25,Trichy,Tamil Nadu,09-03-2023,Regular,No
105474,Swathi Kumar,Male,23,Hyderabad,Telangana,05-03-2025,Regular,No
105475,Sneha Reddy,Male,45,Chennai,Tamil Nadu,25-05-2024,Regular,No
105476,Ananya Reddy,Female,50,Kolkata,West Bengal,23-01-2024,Regular,No
105477,Ravi Gupta,Male,65,Mumbai,Maharashtra,28-08-2023,Premium,Yes
105478,Meena Nair,Female,40,Madurai,Tamil Nadu,08-08-2025,Premium,Yes
105479,Priya Reddy,Male,27,Bengaluru,Karnataka,02-03-2024,Premium,Yes
105480,Dinesh Gupta,Male,43,Kolkata,West Bengal,06-06-2023,Premium,Yes
105481,Rahul Kumar,Female,32,Tirunelveli,Tamil Nadu,15-10-2023,Regular,Yes
105482,Dinesh Iyer,Female,26,Bengaluru,Karnataka,03-04-2024,Regular,No
105483,Keerthi Gupta,Female,22,Mumbai,Maharashtra,15-11-2024,Premium,No
105484,Swathi Rao,Male,52,Salem,Tamil Nadu,11-08-2026,Regular,Yes
105485,Ananya Menon,Female,48,Kolkata,West Bengal,02-08-2023,Regular,Yes
105486,Pooja Gupta,Female,25,Hyderabad,Telangana,31-10-2022,Regular,No
105487,Ravi Joshi,Male,44,Hyderabad,Telangana,21-07-2026,Premium,No
105488,Swathi Kumar,Female,60,Trichy,Tamil Nadu,09-09-2022,Premium,No
105489,Divya Gupta,Male,57,Salem,Tamil Nadu,17-03-2026,Regular,Yes
105490,Rahul Krishnan,Male,39,Delhi,Delhi,30-08-2022,Regular,Yes
105491,Vikram Iyer,Female,20,Pune,Maharashtra,11-09-2023,Regular,No
105492,Ravi Joshi,Female,48,Trichy,Tamil Nadu,24-08-2026,Regular,Yes
105493,Harini Singh,Female,42,Hyderabad,Telangana,09-10-2022,Regular,No
105494,Arun Pillai,Female,62,Hyderabad,Telangana,29-09-2022,Premium,Yes
105495,Harini Das,Male,44,Trichy,Tamil Nadu,01-11-2024,VIP,Yes
105496,Ajay Rao,Female,53,Hyderabad,Telangana,20-11-2022,Premium,Yes
105497,Arun Iyer,Other,43,Trichy,Tamil Nadu,11-02-2022,Premium,No
105498,Rahul Pillai,Male,43,Pune,Maharashtra,27-03-2025,VIP,Yes
105499,Arun Rao,Male,33,Tirunelveli,Tamil Nadu,19-06-2026,Premium,No
105500,Ananya Kumar,Female,37,Chennai,Tamil Nadu,15-07-2025,Regular,No
105501,Santhosh Kumar,Male,32,Tirunelveli,Tamil Nadu,28-06-2026,Premium,No
105502,Harini Menon,Female,40,Hyderabad,Telangana,15-06-2024,Regular,No
105503,Swathi Iyer,Male,63,Chennai,Tamil Nadu,09-11-2024,Regular,No
105504,Harini Das,Female,34,Madurai,Tamil Nadu,29-07-2026,Regular,No
105505,Suresh Krishnan,Female,40,Kolkata,West Bengal,06-05-2024,Regular,Yes
105506,Vikram Reddy,Female,63,Salem,Tamil Nadu,08-03-2022,Premium,No
105507,Divya Rao,Female,25,Bengaluru,Karnataka,10-02-2023,Premium,No
105508,Ajay Reddy,Male,30,Chennai,Tamil Nadu,21-11-2024,Regular,No
105509,Karthik Joshi,Female,41,Kolkata,West Bengal,28-12-2025,Regular,Yes
105510,Ravi Pillai,Female,37,Salem,Tamil Nadu,27-10-2024,Premium,Yes
105511,Vikram Patel,Female,34,Delhi,Delhi,21-11-2023,Premium,No
105512,Divya Rao,Female,55,Trichy,Tamil Nadu,01-07-2023,Regular,No
105513,Swathi Rao,Female,41,Salem,Tamil Nadu,07-03-2025,Regular,Yes
105514,Divya Joshi,Female,35,Salem,Tamil Nadu,10-03-2026,Regular,No
105515,Keerthi Singh,Female,40,Kolkata,West Bengal,18-04-2023,Premium,Yes
105516,Arun Rao,Female,60,Madurai,Tamil Nadu,28-07-2024,Regular,Yes
105517,Ajay Joshi,Female,65,Kolkata,West Bengal,28-12-2023,Premium,No
105518,Karthik Iyer,Male,29,Madurai,Tamil Nadu,23-02-2023,Regular,No
105519,Lakshmi Rao,Male,19,Kolkata,West Bengal,20-11-2023,VIP,Yes
105520,Arun Sharma,Female,19,Kolkata,West Bengal,31-05-2022,Regular,No
105521,Meena Das,Male,39,Pune,Maharashtra,20-06-2024,Premium,No
105522,Karthik Singh,Male,48,Coimbatore,Tamil Nadu,02-07-2022,Premium,No
105523,Naveen Joshi,Male,20,Trichy,Tamil Nadu,16-03-2024,Premium,No
105524,Meena Singh,Female,42,Tirunelveli,Tamil Nadu,06-03-2026,Premium,Yes
105525,Ananya Sharma,Female,37,Coimbatore,Tamil Nadu,05-09-2022,Regular,Yes
105526,Priya Gupta,Female,62,Bengaluru,Karnataka,02-03-2023,Regular,Yes
105527,Arun Gupta,Female,46,Coimbatore,Tamil Nadu,10-05-2025,Regular,Yes
105528,Karthik Krishnan,Female,38,Mumbai,Maharashtra,22-03-2026,Premium,Yes
105529,Lakshmi Menon,Male,46,Chennai,Tamil Nadu,13-06-2026,Premium,Yes
105530,Naveen Reddy,Male,24,Chennai,Tamil Nadu,24-07-2022,Regular,Yes
105531,Keerthi Das,Male,40,Coimbatore,Tamil Nadu,11-02-2023,Premium,Yes
105532,Suresh Kumar,Male,33,Tirunelveli,Tamil Nadu,31-07-2026,Regular,Yes
105533,Santhosh Iyer,Female,26,Kolkata,West Bengal,09-05-2024,Regular,Yes
105534,Lakshmi Joshi,Male,36,Pune,Maharashtra,17-11-2025,Regular,Yes
105535,Arun Menon,Female,48,Bengaluru,Karnataka,25-01-2022,Premium,Yes
105536,Ajay Reddy,Female,45,Madurai,Tamil Nadu,17-07-2022,Regular,No
105537,Dinesh Sharma,Male,64,Chennai,Tamil Nadu,14-12-2022,Premium,No
105538,Karthik Joshi,Other,31,Salem,Tamil Nadu,27-05-2022,Premium,No
105539,Naveen Sharma,Female,51,Trichy,Tamil Nadu,23-02-2026,Regular,No
105540,Rahul Reddy,Female,44,Tirunelveli,Tamil Nadu,27-09-2025,Regular,No
105541,Priya Iyer,Female,59,Mumbai,Maharashtra,26-10-2023,Premium,No
105542,Keerthi Kumar,Female,61,Bengaluru,Karnataka,13-05-2022,Premium,Yes
105543,Divya Patel,Female,51,Mumbai,Maharashtra,30-06-2022,Regular,Yes
105544,Lakshmi Joshi,Female,38,Trichy,Tamil Nadu,22-03-2023,Regular,No
105545,Dinesh Patel,Male,43,Hyderabad,Telangana,20-05-2025,Regular,No
105546,Ravi Rao,Female,49,Salem,Tamil Nadu,24-09-2025,Regular,No
105547,Harini Menon,Female,56,Bengaluru,Karnataka,05-07-2024,Regular,Yes
105548,Santhosh Rao,Male,28,Chennai,Tamil Nadu,23-03-2026,Premium,No
105549,Santhosh Menon,Male,59,Hyderabad,Telangana,27-04-2026,Regular,Yes
105550,Naveen Krishnan,Male,56,Trichy,Tamil Nadu,29-07-2025,Premium,No
105551,Vikram Das,Male,22,Coimbatore,Tamil Nadu,14-05-2022,Regular,Yes
105552,Ananya Krishnan,Male,30,Delhi,Delhi,21-02-2026,Regular,Yes
105553,Divya Gupta,Male,29,Coimbatore,Tamil Nadu,25-03-2026,VIP,Yes
105554,Keerthi Krishnan,Female,45,Coimbatore,Tamil Nadu,09-08-2024,Regular,Yes
105555,Karthik Gupta,Female,28,Kolkata,West Bengal,15-10-2024,Regular,Yes
105556,Dinesh Iyer,,32,Kolkata,West Bengal,18-08-2025,Regular,No
105557,Ananya Krishnan,Male,27,Bengaluru,Karnataka,04-10-2024,Regular,Yes
105558,Harini Menon,Female,21,Mumbai,Maharashtra,09-08-2023,Premium,Yes
105559,Meena Patel,Male,40,Kolkata,West Bengal,30-03-2025,Premium,Yes
105560,Santhosh Pillai,Male,33,Bengaluru,Karnataka,27-08-2025,Premium,Yes
105561,Harini Patel,Female,42,Pune,Maharashtra,29-08-2022,VIP,Yes
105562,Suresh Reddy,Female,28,Bengaluru,Karnataka,01-03-2025,Regular,Yes
105563,Lakshmi Pillai,Other,31,Trichy,Tamil Nadu,22-10-2022,Regular,No
105564,Sneha Reddy,Female,60,Bengaluru,Karnataka,04-09-2024,Regular,Yes
105565,Keerthi Singh,Female,56,Bengaluru,Karnataka,03-07-2022,Premium,No
105566,Meena Singh,Female,30,Coimbatore,Tamil Nadu,14-08-2026,Regular,Yes
105567,Pooja Pillai,Female,25,Hyderabad,Telangana,09-02-2025,Regular,No
105568,Santhosh Nair,Male,64,Delhi,Delhi,09-03-2024,VIP,No
105569,Dinesh Krishnan,Male,50,Mumbai,Maharashtra,06-05-2024,Regular,Yes
105570,Sneha Gupta,Other,41,Hyderabad,Telangana,18-11-2024,Regular,No
105571,Ananya Das,Female,51,Trichy,Tamil Nadu,31-07-2022,Regular,Yes
105572,Naveen Joshi,Male,28,Madurai,Tamil Nadu,16-05-2024,Regular,Yes
105573,Santhosh Gupta,Male,38,Hyderabad,Telangana,02-05-2025,Regular,No
105574,Ravi Singh,Male,36,Madurai,Tamil Nadu,19-03-2023,Regular,No
105575,Suresh Joshi,Male,52,Madurai,Tamil Nadu,25-03-2024,Regular,Yes
105576,Karthik Rao,Male,26,Kolkata,West Bengal,16-07-2023,Premium,No
105577,Pooja Kumar,Female,41,Kolkata,West Bengal,01-10-2022,Regular,Yes
105578,Ajay Reddy,Male,58,Tirunelveli,Tamil Nadu,22-07-2026,Premium,Yes
105579,Divya Das,Male,27,Pune,Maharashtra,04-10-2024,Premium,Yes
105580,Arun Iyer,Male,23,Delhi,Delhi,29-10-2023,Premium,No
105581,Meena Das,Female,57,Kolkata,West Bengal,30-07-2023,Premium,No
105582,Rahul Singh,Male,59,Salem,Tamil Nadu,28-02-2025,Regular,Yes
105583,Vikram Rao,Male,38,Madurai,Tamil Nadu,03-07-2022,Regular,No
105584,Vikram Kumar,Female,20,Chennai,Tamil Nadu,22-08-2024,Regular,No
105585,Ravi Gupta,Female,43,Pune,Maharashtra,27-01-2023,Regular,Yes
105586,Keerthi Singh,Male,32,Madurai,Tamil Nadu,21-02-2026,Premium,Yes
105587,Meena Sharma,Female,46,Hyderabad,Telangana,26-08-2025,Regular,Yes
105588,Karthik Nair,Male,24,Tirunelveli,Tamil Nadu,12-07-2025,Regular,Yes
105589,Keerthi Nair,Female,56,Trichy,Tamil Nadu,05-09-2022,Regular,Yes
105590,Lakshmi Das,Male,50,Salem,Tamil Nadu,18-05-2022,Premium,Yes
105591,Arun Rao,Female,48,Chennai,Tamil Nadu,19-02-2024,Regular,Yes
105592,Keerthi Kumar,Other,42,Kolkata,West Bengal,28-08-2023,Regular,Yes
105593,Ananya Pillai,Female,28,Kolkata,West Bengal,16-05-2025,Premium,No
105594,Ananya Nair,Female,63,Coimbatore,Tamil Nadu,25-04-2025,Premium,No
105595,Karthik Sharma,Male,30,Salem,Tamil Nadu,07-11-2023,Regular,No
105596,Vikram Menon,Female,35,Delhi,Delhi,02-10-2022,Regular,No
105597,Lakshmi Krishnan,Male,62,Kolkata,West Bengal,06-07-2023,Premium,Yes
105598,Dinesh Krishnan,Male,19,Madurai,Tamil Nadu,05-05-2024,Regular,Yes
105599,Pooja Singh,Female,24,Trichy,Tamil Nadu,08-03-2023,VIP,Yes
105600,Priya Singh,Female,54,Trichy,Tamil Nadu,25-06-2023,Premium,No
105601,Harini Rao,Female,35,Delhi,Delhi,14-02-2023,Regular,Yes
105602,Swathi Kumar,Female,45,Tirunelveli,Tamil Nadu,21-04-2022,Premium,Yes
105603,Karthik Patel,Female,45,Chennai,Tamil Nadu,19-10-2024,VIP,No
105604,Ananya Joshi,Female,57,Pune,Maharashtra,23-08-2026,Regular,Yes
105605,Meena Krishnan,Female,47,Coimbatore,Tamil Nadu,07-06-2026,Regular,No
105606,Ajay Singh,Female,38,Chennai,Tamil Nadu,29-04-2026,Premium,Yes
105607,Lakshmi Reddy,Male,44,Pune,Maharashtra,25-01-2025,Regular,Yes
105608,Arun Menon,Female,53,Coimbatore,Tamil Nadu,24-06-2025,Premium,No
105609,Pooja Reddy,Female,36,Coimbatore,Tamil Nadu,20-04-2022,Regular,Yes
105610,Harini Iyer,Female,26,Bengaluru,Karnataka,08-12-2022,Regular,Yes
105611,Divya Iyer,Male,41,Mumbai,Maharashtra,15-04-2025,Regular,Yes
105612,Sneha Menon,Male,65,Hyderabad,Telangana,08-08-2026,Premium,No
105613,Naveen Das,Male,23,Coimbatore,Tamil Nadu,25-03-2026,Regular,Yes
105614,Harini Kumar,,26,Mumbai,Maharashtra,08-12-2024,Regular,Yes
105615,Ajay Sharma,Female,65,Kolkata,West Bengal,05-07-2022,Regular,Yes
105616,Lakshmi Das,Male,57,Madurai,Tamil Nadu,01-07-2026,Regular,Yes
105617,Swathi Rao,Male,23,Trichy,Tamil Nadu,25-06-2023,Regular,Yes
105618,Ananya Krishnan,Female,28,Hyderabad,Telangana,14-03-2022,VIP,Yes
105619,Dinesh Iyer,Male,51,Salem,Tamil Nadu,29-07-2025,Premium,No
105620,Harini Menon,Male,55,Bengaluru,Karnataka,22-10-2022,Regular,Yes
105621,Priya Joshi,Female,53,Chennai,Tamil Nadu,28-05-2023,Regular,Yes
105622,Sneha Das,Female,59,Chennai,Tamil Nadu,25-02-2025,VIP,Yes
105623,Rahul Iyer,Other,42,Hyderabad,Telangana,30-06-2026,Premium,Yes
105624,Ajay Krishnan,Female,60,Salem,Tamil Nadu,23-03-2026,Premium,Yes
105625,Pooja Patel,Other,46,Hyderabad,Telangana,06-10-2022,Regular,No
105626,Dinesh Kumar,Male,40,Madurai,Tamil Nadu,26-10-2022,Regular,Yes
105627,Harini Patel,Female,48,Pune,Maharashtra,07-10-2025,Regular,No
105628,Ajay Pillai,Female,38,Chennai,Tamil Nadu,24-06-2023,Regular,Yes
105629,Divya Singh,Female,47,Pune,Maharashtra,13-05-2022,Regular,No
105630,Dinesh Pillai,Male,58,Chennai,Tamil Nadu,26-09-2024,Premium,No
105631,Karthik Rao,Male,63,Pune,Maharashtra,21-01-2025,Regular,No
105632,Vikram Rao,Male,45,Kolkata,West Bengal,27-08-2026,Regular,Yes
105633,Ananya Kumar,Female,18,Kolkata,West Bengal,06-04-2024,Premium,Yes
105634,Santhosh Das,Female,47,Mumbai,Maharashtra,21-09-2025,VIP,No
105635,Meena Sharma,Male,30,Trichy,Tamil Nadu,27-06-2024,Regular,Yes
105636,Priya Nair,Female,29,Coimbatore,Tamil Nadu,20-04-2026,Regular,Yes
105637,Ajay Reddy,Female,60,Mumbai,Maharashtra,08-04-2024,Premium,No
105638,Naveen Singh,Female,39,Pune,Maharashtra,21-02-2025,VIP,Yes
105639,Arun Rao,Male,55,Bengaluru,Karnataka,26-06-2026,Regular,Yes
105640,Sneha Kumar,Female,35,Tirunelveli,Tamil Nadu,31-01-2026,Regular,No
105641,Rahul Reddy,Female,47,Trichy,Tamil Nadu,13-11-2023,Premium,Yes
105642,Ravi Joshi,Female,49,Mumbai,Maharashtra,11-05-2024,Premium,No
105643,Karthik Kumar,Female,60,Madurai,Tamil Nadu,04-10-2024,Regular,No
105644,Sneha Patel,Female,27,Madurai,Tamil Nadu,31-07-2022,Regular,Yes
105645,Karthik Patel,Male,44,Coimbatore,Tamil Nadu,01-02-2023,Premium,Yes
105646,Lakshmi Singh,Female,37,Chennai,Tamil Nadu,21-04-2025,Premium,No
105647,Ajay Krishnan,Male,40,Salem,Tamil Nadu,02-05-2022,Regular,Yes
105648,Rahul Reddy,Female,58,Tirunelveli,Tamil Nadu,19-10-2024,Premium,No
105649,Suresh Nair,Female,24,Tirunelveli,Tamil Nadu,04-04-2024,Premium,Yes
105650,Arun Krishnan,Female,44,Tirunelveli,Tamil Nadu,05-04-2024,Regular,Yes
105651,Vikram Patel,Female,36,Tirunelveli,Tamil Nadu,09-12-2025,Regular,No
105652,Ajay Joshi,Male,61,Madurai,Tamil Nadu,13-04-2023,Regular,Yes
105653,Harini Joshi,Male,28,Chennai,Tamil Nadu,06-09-2025,VIP,Yes
105654,Suresh Sharma,Female,29,Pune,Maharashtra,26-08-2025,Regular,No
105655,Karthik Patel,Male,22,Hyderabad,Telangana,15-08-2026,Premium,Yes
105656,Vikram Iyer,Male,39,Hyderabad,Telangana,26-10-2025,Regular,Yes
105657,Sneha Iyer,Other,18,Trichy,Tamil Nadu,11-05-2024,Premium,No
105658,Pooja Nair,Male,42,Trichy,Tamil Nadu,12-09-2023,VIP,Yes
105659,Arun Rao,Male,28,Kolkata,West Bengal,20-08-2025,VIP,No
105660,Dinesh Singh,Male,37,Madurai,Tamil Nadu,27-04-2026,Premium,Yes
105661,Vikram Reddy,Female,47,Bengaluru,Karnataka,23-04-2023,Regular,Yes
105662,Ananya Reddy,Male,50,Hyderabad,Telangana,21-09-2023,Regular,Yes
105663,Santhosh Joshi,Female,20,Salem,Tamil Nadu,25-04-2024,Regular,No
105664,Vikram Pillai,Female,25,Pune,Maharashtra,02-07-2022,Premium,Yes
105665,Harini Sharma,Male,33,Kolkata,West Bengal,19-06-2023,Regular,No
105666,Meena Krishnan,Male,42,Pune,Maharashtra,11-10-2022,Regular,No
105667,Suresh Nair,Male,60,Hyderabad,Telangana,06-08-2025,Regular,No
105668,Meena Krishnan,Female,24,Trichy,Tamil Nadu,20-04-2024,Premium,Yes
105669,Divya Das,Male,21,Trichy,Tamil Nadu,23-10-2024,Regular,Yes
105670,Karthik Pillai,Male,48,Madurai,Tamil Nadu,16-05-2022,Regular,Yes
105671,Priya Kumar,Male,64,Delhi,Delhi,01-09-2024,Regular,No
105672,Arun Patel,Male,57,Coimbatore,Tamil Nadu,06-05-2025,Regular,Yes
105673,Ajay Joshi,Female,45,Tirunelveli,Tamil Nadu,17-03-2025,Premium,Yes
105674,Meena Iyer,Male,18,Coimbatore,Tamil Nadu,13-09-2025,Premium,
105675,Ananya Sharma,Female,45,Pune,Maharashtra,13-07-2022,Premium,Yes
105676,Meena Menon,Male,39,Mumbai,Maharashtra,23-07-2024,Regular,Yes
105677,Arun Menon,Female,39,Kolkata,West Bengal,30-03-2024,Regular,Yes
105678,Karthik Krishnan,Female,41,Delhi,Delhi,27-02-2026,Premium,Yes
105679,Dinesh Menon,Male,44,Coimbatore,Tamil Nadu,19-03-2025,Regular,Yes
105680,Pooja Krishnan,Female,52,Chennai,Tamil Nadu,11-06-2026,Premium,Yes
105681,Sneha Sharma,Female,27,Hyderabad,Telangana,13-02-2022,VIP,Yes
105682,Ananya Das,Female,21,Trichy,Tamil Nadu,31-01-2024,Regular,No
105683,Ajay Menon,Female,20,Delhi,Delhi,10-04-2025,Premium,Yes
105684,Vikram Pillai,Female,37,Pune,Maharashtra,01-06-2022,Regular,No
105685,Suresh Reddy,Male,42,Kolkata,West Bengal,12-01-2025,Regular,Yes
105686,Naveen Sharma,Female,55,Pune,Maharashtra,29-01-2023,Regular,No
105687,Suresh Menon,Male,38,Trichy,Tamil Nadu,07-05-2022,Regular,Yes
105688,Swathi Reddy,Female,43,Hyderabad,Telangana,22-01-2025,VIP,No
105689,Sneha Kumar,Female,64,Trichy,Tamil Nadu,26-12-2023,Regular,No
105690,Priya Gupta,Female,53,Hyderabad,Telangana,21-11-2023,Premium,No
105691,Swathi Rao,Female,51,Delhi,Delhi,08-07-2023,Regular,Yes
105692,Keerthi Patel,Male,35,Coimbatore,Tamil Nadu,10-03-2025,Regular,No
105693,Sneha Kumar,Female,25,Salem,Tamil Nadu,17-11-2024,Regular,Yes
105694,Pooja Kumar,Male,62,Hyderabad,Telangana,07-02-2025,Premium,Yes
105695,Rahul Gupta,Female,44,Coimbatore,Tamil Nadu,01-09-2025,Premium,No
105696,Keerthi Nair,Female,21,Chennai,Tamil Nadu,26-10-2024,VIP,No
105697,Karthik Iyer,Male,41,Chennai,Tamil Nadu,08-05-2022,Regular,No
105698,Meena Singh,Female,22,Trichy,Tamil Nadu,26-09-2022,Regular,No
105699,Ravi Iyer,Male,65,Madurai,Tamil Nadu,13-08-2026,Regular,No
105700,Karthik Sharma,Female,43,Delhi,Delhi,02-05-2023,Premium,Yes
105701,Suresh Reddy,Female,55,Coimbatore,Tamil Nadu,28-12-2023,Regular,Yes
105702,Karthik Rao,Female,40,Delhi,Delhi,05-10-2023,Regular,Yes
105703,Meena Iyer,Female,18,Mumbai,Maharashtra,11-08-2026,Premium,Yes
105704,Pooja Patel,Male,48,Pune,Maharashtra,02-11-2025,Regular,No
105705,Vikram Nair,Male,49,Mumbai,Maharashtra,01-04-2024,Premium,Yes
105706,Rahul Singh,Male,28,Trichy,Tamil Nadu,05-03-2025,VIP,No
105707,Keerthi Sharma,Male,52,Delhi,Delhi,26-07-2024,Regular,Yes
105708,Keerthi Kumar,Male,28,Mumbai,Maharashtra,01-01-2025,Regular,Yes
105709,Ajay Kumar,Female,51,Kolkata,West Bengal,10-06-2026,VIP,No
105710,Sneha Patel,Female,53,Trichy,Tamil Nadu,16-02-2025,Premium,Yes
105711,Ajay Menon,Male,24,Mumbai,Maharashtra,11-07-2022,Regular,Yes
105712,Meena Sharma,Female,32,Tirunelveli,Tamil Nadu,05-05-2024,Premium,No
105713,Ananya Gupta,Female,25,Pune,Maharashtra,25-10-2025,Regular,Yes
105714,Priya Menon,Male,52,Coimbatore,Tamil Nadu,09-03-2022,Premium,Yes
105715,Ananya Kumar,Female,29,Tirunelveli,Tamil Nadu,31-08-2023,Regular,No
105716,Pooja Kumar,Male,48,Pune,Maharashtra,08-12-2022,Regular,Yes
105717,Ananya Iyer,Female,38,Hyderabad,Telangana,10-05-2025,Premium,
105718,Keerthi Kumar,Female,21,Madurai,Tamil Nadu,27-08-2022,Regular,
105719,Priya Rao,Male,60,Chennai,Tamil Nadu,26-11-2024,Premium,Yes
105720,Lakshmi Kumar,Male,52,Pune,Maharashtra,19-04-2022,Premium,No
105721,Meena Gupta,Female,30,Tirunelveli,Tamil Nadu,20-04-2026,VIP,Yes
105722,Divya Nair,Male,60,Delhi,Delhi,28-06-2023,Regular,Yes
105723,Dinesh Menon,Female,52,Madurai,Tamil Nadu,24-11-2023,Regular,No
105724,Divya Menon,Female,57,Kolkata,West Bengal,01-09-2025,Regular,Yes
105725,Pooja Rao,Male,26,Hyderabad,Telangana,08-10-2023,Regular,Yes
105726,Suresh Pillai,Female,18,Mumbai,Maharashtra,15-07-2022,Regular,Yes
105727,Harini Joshi,Female,20,Kolkata,West Bengal,19-03-2026,Regular,Yes
105728,Pooja Singh,Male,43,Bengaluru,Karnataka,09-07-2022,Regular,Yes
105729,Rahul Sharma,Female,55,Delhi,Delhi,25-04-2024,VIP,Yes
105730,Lakshmi Singh,Female,61,Delhi,Delhi,31-07-2022,Regular,No
105731,Rahul Reddy,Female,64,Salem,Tamil Nadu,01-04-2025,Regular,No
105732,Arun Rao,Male,46,Bengaluru,Karnataka,04-04-2023,Premium,Yes
105733,Keerthi Singh,Male,48,Salem,Tamil Nadu,04-05-2026,Regular,Yes
105734,Naveen Nair,Female,31,Delhi,Delhi,10-12-2022,Premium,Yes
105735,Lakshmi Menon,Female,18,Coimbatore,Tamil Nadu,12-02-2025,Premium,Yes
105736,Priya Reddy,Male,27,Kolkata,West Bengal,24-01-2022,Premium,No
105737,Swathi Rao,Female,20,Mumbai,Maharashtra,12-07-2022,Premium,No
105738,Swathi Patel,Female,50,Tirunelveli,Tamil Nadu,16-04-2023,Premium,Yes
105739,Arun Menon,Male,42,Hyderabad,Telangana,11-02-2026,VIP,No
105740,Swathi Das,Female,55,Chennai,Tamil Nadu,21-08-2026,Regular,No
105741,Suresh Kumar,Female,25,Trichy,Tamil Nadu,09-11-2024,Regular,Yes
105742,Naveen Krishnan,Female,61,Coimbatore,Tamil Nadu,27-07-2023,Premium,No
105743,Pooja Iyer,Female,52,Salem,Tamil Nadu,15-06-2023,Regular,Yes
105744,Naveen Menon,Female,61,Pune,Maharashtra,26-12-2022,Regular,No
105745,Harini Rao,Female,49,Chennai,Tamil Nadu,02-08-2023,Premium,No
105746,Naveen Singh,Female,34,Chennai,Tamil Nadu,22-04-2024,Regular,Yes
105747,Pooja Krishnan,Male,48,Pune,Maharashtra,10-03-2025,Regular,Yes
105748,Swathi Gupta,Male,46,Hyderabad,Telangana,25-01-2023,Premium,Yes
105749,Arun Menon,Female,26,Tirunelveli,Tamil Nadu,02-03-2022,Regular,No
105750,Swathi Rao,Female,22,Bengaluru,Karnataka,09-08-2024,Regular,No
105751,Ravi Menon,Male,49,Salem,Tamil Nadu,17-02-2023,Premium,Yes
105752,Meena Singh,Male,22,Hyderabad,Telangana,13-11-2023,Premium,No
105753,Dinesh Gupta,Male,22,Bengaluru,Karnataka,24-04-2025,Regular,Yes
105754,Karthik Gupta,Female,21,Mumbai,Maharashtra,05-03-2026,Regular,Yes
105755,Vikram Sharma,Female,47,Bengaluru,Karnataka,27-06-2024,Regular,Yes
105756,Harini Reddy,Female,62,Delhi,Delhi,27-04-2026,Premium,No
105757,Karthik Reddy,Male,41,Mumbai,Maharashtra,03-04-2023,Regular,No
105758,Meena Iyer,Female,25,Kolkata,West Bengal,27-04-2025,Premium,Yes
105759,Sneha Singh,Male,42,Kolkata,West Bengal,24-07-2026,Premium,No
105760,Karthik Iyer,Male,41,Chennai,Tamil Nadu,02-01-2023,Regular,No
105761,Santhosh Das,Male,46,Bengaluru,Karnataka,09-06-2025,Regular,Yes
105762,Arun Sharma,Female,38,Bengaluru,Karnataka,16-03-2024,Premium,Yes
105763,Dinesh Reddy,Female,43,Hyderabad,Telangana,06-02-2026,Premium,Yes
105764,Sneha Krishnan,Male,33,Bengaluru,Karnataka,04-06-2023,Regular,Yes
105765,Dinesh Singh,Male,61,Mumbai,Maharashtra,21-06-2026,Regular,Yes
105766,Naveen Singh,Female,43,Kolkata,West Bengal,19-09-2025,Premium,No
105767,Rahul Gupta,Male,32,Mumbai,Maharashtra,13-04-2025,Premium,Yes
105768,Santhosh Joshi,Female,18,Mumbai,Maharashtra,19-02-2022,Regular,No
105769,Rahul Rao,Male,50,Pune,Maharashtra,21-05-2022,Regular,No
105770,Ajay Sharma,Male,36,Kolkata,West Bengal,31-01-2025,Premium,Yes
105771,Lakshmi Sharma,Male,29,Mumbai,Maharashtra,25-03-2024,Regular,Yes
105772,Divya Joshi,Female,41,Hyderabad,Telangana,04-07-2023,Regular,Yes
105773,Keerthi Krishnan,Male,41,Delhi,Delhi,02-12-2025,Regular,No
105774,Meena Menon,Male,56,Chennai,Tamil Nadu,28-03-2024,Regular,Yes
105775,Priya Krishnan,Female,44,Pune,Maharashtra,20-02-2024,Regular,Yes
105776,Priya Iyer,,51,Tirunelveli,Tamil Nadu,04-07-2023,Regular,No
105777,Ravi Nair,Female,49,Delhi,Delhi,27-07-2026,Regular,No
105778,Sneha Gupta,Male,58,Bengaluru,Karnataka,13-09-2023,Regular,Yes
105779,Vikram Pillai,Female,18,Madurai,Tamil Nadu,18-03-2023,Regular,No
105780,Arun Reddy,Male,36,Bengaluru,Karnataka,20-02-2025,Regular,No
105781,Divya Das,Female,52,Hyderabad,Telangana,27-02-2022,Regular,No
105782,Suresh Iyer,Female,24,Bengaluru,Karnataka,09-10-2024,Regular,Yes
105783,Keerthi Joshi,Female,39,Salem,Tamil Nadu,17-08-2024,Regular,No
105784,Rahul Reddy,Female,37,Tirunelveli,Tamil Nadu,19-02-2023,Premium,No
105785,Meena Menon,Male,56,Kolkata,West Bengal,31-07-2025,Regular,Yes
105786,Rahul Reddy,Male,64,Coimbatore,Tamil Nadu,16-03-2022,Premium,No
105787,Karthik Das,Female,23,Coimbatore,Tamil Nadu,27-07-2026,Regular,Yes
105788,Priya Krishnan,Female,28,Coimbatore,Tamil Nadu,26-12-2025,Regular,Yes
105789,Suresh Patel,Female,55,Kolkata,West Bengal,26-10-2022,Regular,No
105790,Harini Gupta,Female,26,Tirunelveli,Tamil Nadu,16-04-2024,Regular,No
105791,Dinesh Pillai,Female,41,Madurai,Tamil Nadu,01-12-2022,Regular,Yes
105792,Karthik Gupta,Female,63,Bengaluru,Karnataka,17-11-2024,Premium,Yes
105793,Sneha Patel,Female,64,Delhi,Delhi,23-08-2023,Regular,Yes
105794,Keerthi Menon,Female,63,Tirunelveli,Tamil Nadu,10-04-2024,Regular,Yes
105795,Keerthi Rao,Male,24,Delhi,Delhi,15-06-2026,Regular,No
105796,Ananya Das,Female,25,Hyderabad,Telangana,18-11-2024,VIP,Yes
105797,Meena Nair,Male,26,Salem,Tamil Nadu,14-01-2026,Regular,No
105798,Keerthi Das,Male,54,Coimbatore,Tamil Nadu,01-12-2024,Regular,Yes
105799,Vikram Sharma,Female,26,Kolkata,West Bengal,17-03-2024,Regular,No
105800,Divya Singh,Female,38,Pune,Maharashtra,26-01-2022,VIP,Yes
105801,Sneha Iyer,Male,57,Bengaluru,Karnataka,01-06-2022,Premium,No
105802,Lakshmi Reddy,Female,41,Delhi,Delhi,25-06-2024,Regular,Yes
105803,Naveen Sharma,Male,63,Pune,Maharashtra,06-05-2024,Regular,Yes
105804,Lakshmi Iyer,Male,41,Tirunelveli,Tamil Nadu,03-05-2024,Premium,No
105805,Ananya Menon,Female,36,Mumbai,Maharashtra,08-12-2025,Regular,Yes
105806,Karthik Rao,Female,64,Bengaluru,Karnataka,12-06-2022,Regular,Yes
105807,Swathi Kumar,Female,44,Pune,Maharashtra,24-01-2025,Regular,No
105808,Arun Gupta,Male,26,Tirunelveli,Tamil Nadu,21-06-2025,Regular,No
105809,Divya Pillai,Female,48,Pune,Maharashtra,02-01-2025,Regular,Yes
105810,Santhosh Pillai,Male,55,Delhi,Delhi,05-02-2023,Premium,No
105811,Lakshmi Gupta,Female,58,Madurai,Tamil Nadu,22-11-2023,Premium,Yes
105812,Ananya Joshi,Male,18,Coimbatore,Tamil Nadu,03-04-2022,Regular,Yes
105813,Vikram Das,Female,23,Mumbai,Maharashtra,29-10-2022,Regular,Yes
105814,Arun Joshi,Male,48,Tirunelveli,Tamil Nadu,27-09-2025,Regular,Yes
105815,Keerthi Joshi,Male,53,Coimbatore,Tamil Nadu,15-11-2024,Premium,Yes
105816,Ananya Patel,Male,49,Chennai,Tamil Nadu,10-01-2026,Regular,Yes
105817,Ravi Pillai,Female,36,Delhi,Delhi,21-03-2025,Regular,
105818,Ravi Gupta,Female,54,Tirunelveli,Tamil Nadu,14-02-2023,Regular,Yes
105819,Karthik Menon,Female,45,Delhi,Delhi,14-10-2025,Regular,Yes
105820,Naveen Pillai,Male,62,Kolkata,West Bengal,14-03-2025,Regular,Yes
105821,Priya Singh,Male,35,Coimbatore,Tamil Nadu,22-11-2022,Regular,Yes
105822,Priya Singh,Female,54,Madurai,Tamil Nadu,09-01-2022,Premium,Yes
105823,Swathi Das,Male,24,Salem,Tamil Nadu,22-07-2025,Regular,Yes
105824,Swathi Menon,Female,53,Bengaluru,Karnataka,10-05-2025,Premium,Yes
105825,Lakshmi Pillai,Male,53,Kolkata,West Bengal,02-06-2022,Regular,Yes
105826,Keerthi Pillai,Female,30,Kolkata,West Bengal,01-03-2024,Regular,No
105827,Arun Menon,Female,20,Bengaluru,Karnataka,03-04-2026,Premium,No
105828,Ravi Joshi,,65,Madurai,Tamil Nadu,09-09-2025,VIP,No
105829,Ravi Iyer,Male,21,Bengaluru,Karnataka,21-10-2025,Regular,Yes
105830,Naveen Joshi,Female,40,Pune,Maharashtra,31-10-2023,Premium,Yes
105831,Arun Kumar,Male,18,Mumbai,Maharashtra,25-07-2022,Regular,Yes
105832,Pooja Rao,Female,38,Bengaluru,Karnataka,20-08-2023,Premium,No
105833,Ravi Sharma,Female,57,Trichy,Tamil Nadu,13-03-2025,Regular,Yes
105834,Keerthi Rao,Male,42,Hyderabad,Telangana,30-11-2025,Regular,No
105835,Dinesh Singh,Female,29,Mumbai,Maharashtra,30-12-2024,Regular,Yes
105836,Vikram Sharma,Male,36,Salem,Tamil Nadu,07-03-2022,Regular,No
105837,Keerthi Krishnan,Female,22,Salem,Tamil Nadu,30-09-2024,Regular,Yes
105838,Divya Menon,Male,46,Chennai,Tamil Nadu,15-11-2022,Premium,Yes
105839,Santhosh Iyer,Female,18,Mumbai,Maharashtra,02-11-2024,Regular,Yes
105840,Keerthi Krishnan,Male,34,Madurai,Tamil Nadu,02-12-2023,Regular,No
105841,Arun Iyer,Male,20,Trichy,Tamil Nadu,25-06-2024,Regular,No
105842,Ananya Sharma,Male,29,Tirunelveli,Tamil Nadu,10-10-2024,Regular,No
105843,Ananya Iyer,Male,21,Kolkata,West Bengal,20-12-2024,Premium,No
105844,Harini Das,Female,62,Chennai,Tamil Nadu,09-01-2022,Premium,Yes
105845,Vikram Menon,Male,55,Salem,Tamil Nadu,01-07-2026,Regular,Yes
105846,Arun Das,Male,62,Bengaluru,Karnataka,04-09-2024,Regular,No
105847,Pooja Gupta,Male,50,Bengaluru,Karnataka,12-05-2024,Regular,Yes
105848,Karthik Das,Male,41,Madurai,Tamil Nadu,06-10-2023,VIP,Yes
105849,Swathi Gupta,Male,26,Coimbatore,Tamil Nadu,27-06-2022,Regular,Yes
105850,Sneha Joshi,Male,64,Chennai,Tamil Nadu,07-12-2024,Regular,Yes
105851,Divya Singh,Female,62,Hyderabad,Telangana,10-09-2023,Regular,Yes
105852,Sneha Iyer,Female,37,Coimbatore,Tamil Nadu,22-03-2026,Regular,No
105853,Divya Sharma,Female,28,Mumbai,Maharashtra,23-01-2025,Regular,Yes
105854,Naveen Das,Male,36,Madurai,Tamil Nadu,20-01-2024,VIP,Yes
105855,Ananya Rao,Female,36,Delhi,Delhi,23-02-2022,Regular,Yes
105856,Ajay Iyer,Female,62,Coimbatore,Tamil Nadu,31-07-2024,Regular,No
105857,Divya Pillai,Female,21,Pune,Maharashtra,08-12-2025,Regular,No
105858,Arun Joshi,Male,48,Delhi,Delhi,26-02-2024,Regular,No
105859,Lakshmi Reddy,Male,54,Delhi,Delhi,10-01-2025,VIP,Yes
105860,Vikram Iyer,Male,54,Madurai,Tamil Nadu,21-07-2022,Premium,No
105861,Keerthi Iyer,Male,27,Kolkata,West Bengal,23-11-2023,Premium,No
105862,Swathi Singh,Female,37,Coimbatore,Tamil Nadu,10-09-2025,Premium,Yes
105863,Lakshmi Gupta,Male,34,Kolkata,West Bengal,22-12-2023,Regular,No
105864,Suresh Das,Male,37,Hyderabad,Telangana,13-02-2026,Regular,Yes
105865,Arun Kumar,Male,22,Salem,Tamil Nadu,28-11-2023,Regular,No
105866,Ravi Nair,Male,21,Kolkata,West Bengal,11-10-2025,Premium,No
105867,Ananya Sharma,Male,19,Madurai,Tamil Nadu,30-12-2024,Premium,Yes
105868,Dinesh Singh,Male,64,Salem,Tamil Nadu,30-05-2026,Regular,Yes
105869,Meena Singh,Female,38,Tirunelveli,Tamil Nadu,25-06-2024,Regular,Yes
105870,Meena Krishnan,Male,28,Madurai,Tamil Nadu,06-03-2024,Premium,No
105871,Swathi Rao,Female,56,Trichy,Tamil Nadu,25-08-2023,Regular,No
105872,Sneha Pillai,Female,41,Pune,Maharashtra,13-01-2025,Regular,Yes
105873,Divya Kumar,Female,35,Madurai,Tamil Nadu,25-07-2026,Regular,No
105874,Arun Menon,Female,23,Mumbai,Maharashtra,14-10-2022,Regular,Yes
105875,Ananya Kumar,Male,36,Madurai,Tamil Nadu,11-05-2026,Regular,Yes
105876,Dinesh Patel,Female,49,Bengaluru,Karnataka,19-07-2026,Premium,Yes
105877,Lakshmi Pillai,Female,47,Salem,Tamil Nadu,31-07-2025,Premium,No
105878,Arun Krishnan,Male,36,Hyderabad,Telangana,13-09-2024,Regular,No
105879,Ajay Iyer,Male,47,Coimbatore,Tamil Nadu,07-01-2026,Regular,No
105880,Vikram Nair,Female,54,Chennai,Tamil Nadu,21-03-2023,Regular,No
105881,Rahul Menon,Male,62,Bengaluru,Karnataka,13-12-2024,Regular,Yes
105882,Divya Joshi,Female,43,Tirunelveli,Tamil Nadu,01-10-2025,Regular,Yes
105883,Dinesh Das,Male,28,Salem,Tamil Nadu,30-09-2025,Premium,Yes
105884,Rahul Kumar,Male,24,Hyderabad,Telangana,24-09-2024,Premium,Yes
105885,Rahul Nair,Female,25,Bengaluru,Karnataka,18-10-2023,Regular,Yes
105886,Swathi Iyer,Female,18,Trichy,Tamil Nadu,03-06-2026,Premium,Yes
105887,Naveen Kumar,Female,44,Tirunelveli,Tamil Nadu,19-02-2025,Regular,Yes
105888,Divya Das,Female,28,Hyderabad,Telangana,01-08-2025,Premium,Yes
105889,Dinesh Menon,Female,28,Coimbatore,Tamil Nadu,25-11-2024,Regular,Yes
105890,Ravi Kumar,Male,52,Mumbai,Maharashtra,31-01-2026,Premium,No
105891,Divya Menon,Other,33,Madurai,Tamil Nadu,23-03-2024,Regular,Yes
105892,Priya Krishnan,Male,57,Pune,Maharashtra,18-07-2024,Regular,No
105893,Naveen Menon,Male,24,Bengaluru,Karnataka,28-09-2025,Regular,Yes
105894,Karthik Reddy,Female,34,Mumbai,Maharashtra,29-05-2024,Premium,No
105895,Sneha Singh,Male,20,Kolkata,West Bengal,21-02-2023,Premium,Yes
105896,Ravi Sharma,Female,43,Trichy,Tamil Nadu,11-07-2025,Regular,Yes
105897,Keerthi Reddy,Male,23,Chennai,Tamil Nadu,01-10-2023,Premium,Yes
105898,Keerthi Patel,Male,29,Tirunelveli,Tamil Nadu,28-06-2022,Regular,Yes
105899,Lakshmi Patel,Male,53,Coimbatore,Tamil Nadu,26-09-2023,Premium,No
105900,Harini Iyer,Female,60,Salem,Tamil Nadu,02-04-2022,Premium,Yes
105901,Priya Iyer,Female,44,Tirunelveli,Tamil Nadu,01-02-2026,Regular,Yes
105902,Suresh Pillai,Male,64,Bengaluru,Karnataka,31-07-2026,Regular,No
105903,Sneha Menon,Male,54,Bengaluru,Karnataka,30-03-2023,Regular,Yes
105904,Pooja Patel,Male,54,Trichy,Tamil Nadu,07-04-2026,Regular,Yes
105905,Vikram Joshi,Male,65,Hyderabad,Telangana,24-04-2025,Regular,Yes
105906,Naveen Reddy,Female,22,Bengaluru,Karnataka,13-06-2026,Premium,Yes
105907,Santhosh Singh,Female,29,Pune,Maharashtra,04-10-2022,Premium,Yes
105908,Priya Gupta,Male,38,Salem,Tamil Nadu,17-04-2022,Regular,Yes
105909,Harini Nair,Male,47,Trichy,Tamil Nadu,14-04-2026,Premium,Yes
105910,Naveen Reddy,Female,65,Kolkata,West Bengal,03-04-2023,Premium,No
105911,Harini Singh,Male,22,Hyderabad,Telangana,10-10-2024,Regular,Yes
105912,Divya Rao,Male,29,Delhi,Delhi,13-03-2026,VIP,Yes
105913,Divya Das,Female,32,Madurai,Tamil Nadu,06-08-2023,Premium,No
105914,Naveen Singh,Male,50,Bengaluru,Karnataka,02-06-2022,Regular,No
105915,Swathi Nair,Male,63,Kolkata,West Bengal,07-09-2025,VIP,No
105916,Lakshmi Reddy,Male,63,Chennai,Tamil Nadu,07-02-2024,Regular,Yes
105917,Naveen Rao,,53,Mumbai,Maharashtra,08-02-2022,Regular,No
105918,Santhosh Reddy,Male,55,Hyderabad,Telangana,04-08-2023,Regular,Yes
105919,Sneha Pillai,Female,37,Madurai,Tamil Nadu,20-06-2024,Premium,No
105920,Santhosh Menon,Male,47,Salem,Tamil Nadu,04-02-2026,VIP,No
105921,Meena Singh,Male,26,Bengaluru,Karnataka,20-01-2023,Regular,Yes
105922,Pooja Menon,Female,42,Trichy,Tamil Nadu,30-05-2024,Regular,No
105923,Divya Kumar,Male,32,Coimbatore,Tamil Nadu,05-11-2022,Regular,No
105924,Priya Patel,Male,62,Tirunelveli,Tamil Nadu,09-05-2023,Premium,No
105925,Pooja Nair,Male,35,Salem,Tamil Nadu,25-03-2023,Regular,No
105926,Ajay Nair,Female,36,Bengaluru,Karnataka,10-06-2024,Regular,No
105927,Divya Menon,Male,37,Madurai,Tamil Nadu,02-02-2025,Regular,Yes
105928,Naveen Joshi,Female,61,Coimbatore,Tamil Nadu,11-07-2022,Regular,Yes
105929,Dinesh Singh,Male,62,Bengaluru,Karnataka,09-05-2022,VIP,Yes
105930,Naveen Patel,Male,38,Mumbai,Maharashtra,28-05-2025,VIP,Yes
105931,Harini Das,Male,65,Tirunelveli,Tamil Nadu,15-05-2023,Regular,No
105932,Dinesh Reddy,Male,54,Kolkata,West Bengal,17-11-2024,Premium,No
105933,Arun Sharma,Female,58,Delhi,Delhi,11-05-2022,Premium,Yes
105934,Ravi Joshi,Male,61,Mumbai,Maharashtra,18-10-2024,Regular,No
105935,Ajay Gupta,Female,33,Salem,Tamil Nadu,26-03-2026,Regular,No
105936,Meena Joshi,Male,44,Mumbai,Maharashtra,15-01-2024,Premium,No
105937,Santhosh Reddy,Female,31,Bengaluru,Karnataka,09-09-2024,Regular,Yes
105938,Harini Kumar,Male,32,Kolkata,West Bengal,16-05-2023,Premium,
105939,Keerthi Nair,Female,40,Tirunelveli,Tamil Nadu,02-05-2023,Regular,No
105940,Vikram Joshi,Male,20,Hyderabad,Telangana,22-04-2022,Premium,No
105941,Pooja Sharma,Female,28,Mumbai,Maharashtra,25-03-2024,Regular,No
105942,Rahul Sharma,Female,56,Pune,Maharashtra,29-05-2026,Regular,No
105943,Vikram Kumar,Female,25,Hyderabad,Telangana,17-07-2022,Regular,Yes
105944,Divya Menon,Male,47,Coimbatore,Tamil Nadu,10-12-2023,Regular,Yes
105945,Harini Gupta,Female,54,Mumbai,Maharashtra,24-11-2025,Premium,No
105946,Meena Krishnan,Male,30,Bengaluru,Karnataka,23-04-2024,Premium,Yes
105947,Santhosh Kumar,Male,39,Mumbai,Maharashtra,16-07-2025,Regular,No
105948,Santhosh Menon,Male,60,Tirunelveli,Tamil Nadu,01-10-2023,Regular,No
105949,Ananya Nair,Female,58,Tirunelveli,Tamil Nadu,21-10-2024,Regular,No
105950,Suresh Iyer,Male,62,Kolkata,West Bengal,07-08-2026,Regular,No
105951,Karthik Patel,Female,48,Delhi,Delhi,13-10-2024,VIP,Yes
105952,Arun Rao,Female,60,Trichy,Tamil Nadu,15-09-2025,Regular,Yes
105953,Meena Patel,Male,37,Hyderabad,Telangana,25-03-2025,Premium,No
105954,Sneha Joshi,Male,46,Coimbatore,Tamil Nadu,12-06-2022,Regular,No
105955,Pooja Nair,Female,50,Madurai,Tamil Nadu,30-09-2022,Regular,No
105956,Naveen Singh,Male,64,Madurai,Tamil Nadu,30-10-2024,Premium,Yes
105957,Karthik Krishnan,Male,35,Hyderabad,Telangana,15-08-2023,Premium,No
105958,Swathi Krishnan,Male,59,Madurai,Tamil Nadu,03-04-2024,Regular,Yes
105959,Keerthi Kumar,Female,42,Coimbatore,Tamil Nadu,01-04-2024,Premium,Yes
105960,Ajay Das,Male,23,Salem,Tamil Nadu,10-09-2025,Premium,No
105961,Suresh Reddy,Male,49,Hyderabad,Telangana,12-08-2026,Regular,Yes
105962,Lakshmi Singh,Male,65,Coimbatore,Tamil Nadu,23-08-2026,Regular,Yes
105963,Divya Krishnan,Male,39,Trichy,Tamil Nadu,16-05-2022,Regular,Yes
105964,Meena Rao,Female,44,Mumbai,Maharashtra,19-06-2025,Regular,No
105965,Ajay Singh,Female,62,Madurai,Tamil Nadu,17-05-2025,Premium,Yes
105966,Sneha Iyer,Female,62,Bengaluru,Karnataka,10-01-2026,Regular,Yes
105967,Santhosh Rao,Female,37,Madurai,Tamil Nadu,27-12-2023,Regular,Yes
105968,Suresh Patel,Male,54,Coimbatore,Tamil Nadu,04-05-2024,Regular,No
105969,Naveen Pillai,Female,48,Hyderabad,Telangana,07-02-2024,Regular,Yes
105970,Swathi Rao,Female,49,Chennai,Tamil Nadu,28-09-2023,Regular,No
105971,Meena Pillai,Female,52,Madurai,Tamil Nadu,24-02-2023,Premium,No
105972,Harini Singh,Female,33,Hyderabad,Telangana,29-12-2024,Premium,Yes
105973,Lakshmi Gupta,Male,32,Pune,Maharashtra,29-01-2022,VIP,Yes
105974,Dinesh Kumar,Female,19,Chennai,Tamil Nadu,28-06-2025,Premium,Yes
105975,Rahul Patel,Male,59,Tirunelveli,Tamil Nadu,01-12-2025,Regular,Yes
105976,Swathi Sharma,Female,31,Kolkata,West Bengal,22-01-2023,Premium,Yes
105977,Priya Kumar,Male,50,Tirunelveli,Tamil Nadu,30-12-2022,Premium,No
105978,Sneha Pillai,Female,50,Bengaluru,Karnataka,05-05-2024,Regular,Yes
105979,Naveen Menon,Female,51,Hyderabad,Telangana,09-12-2025,Regular,Yes
105980,Divya Das,Female,59,Coimbatore,Tamil Nadu,13-07-2022,Regular,Yes
105981,Swathi Rao,Male,59,Coimbatore,Tamil Nadu,05-01-2024,Regular,Yes
105982,Harini Rao,Female,18,Trichy,Tamil Nadu,03-01-2023,Regular,Yes
105983,Vikram Das,Female,58,Tirunelveli,Tamil Nadu,19-12-2025,Regular,Yes
105984,Santhosh Gupta,Female,27,Trichy,Tamil Nadu,08-02-2026,Regular,No
105985,Meena Das,Female,48,Bengaluru,Karnataka,24-05-2022,Premium,Yes
105986,Lakshmi Menon,Female,50,Mumbai,Maharashtra,04-09-2022,Regular,Yes
105987,Ravi Reddy,Female,20,Salem,Tamil Nadu,25-09-2022,Regular,No
105988,Santhosh Joshi,Male,31,Kolkata,West Bengal,11-10-2025,Premium,Yes
105989,Priya Kumar,Male,61,Salem,Tamil Nadu,12-03-2026,Premium,No
105990,Rahul Singh,Female,24,Kolkata,West Bengal,26-09-2023,Regular,Yes
105991,Sneha Pillai,Female,29,Chennai,Tamil Nadu,25-09-2022,Regular,Yes
105992,Santhosh Iyer,Male,21,Pune,Maharashtra,01-02-2025,Regular,Yes
105993,Dinesh Sharma,Male,26,Trichy,Tamil Nadu,22-02-2026,Premium,No
105994,Swathi Singh,Male,48,Coimbatore,Tamil Nadu,28-03-2026,Premium,
105995,Arun Singh,Female,58,Bengaluru,Karnataka,27-01-2024,Regular,Yes
105996,Dinesh Joshi,Female,46,Hyderabad,Telangana,20-08-2025,Premium,Yes
105997,Rahul Gupta,Female,31,Salem,Tamil Nadu,14-06-2026,Premium,Yes
105998,Divya Nair,Male,59,Tirunelveli,Tamil Nadu,05-11-2025,Premium,Yes
105999,Rahul Joshi,Male,35,Trichy,Tamil Nadu,17-03-2024,Regular,Yes
106000,Swathi Das,Female,33,Bengaluru,Karnataka,20-03-2023,Premium,No
